celebrity_name,ballroom_partner,celebrity_industry,celebrity_homestate,celebrity_homecountry/region,celebrity_age_during_season,season,results,placement,week,valid_judges,total_judge_score,avg_judge_score,eliminated_at_week,is_eliminated_this_week,scoring_method
AJ McLean,Cheryl Burke,Singer/Rapper,Florida,United States,42,29,Eliminated Week 9,7,1,3,18.0,6.0,9,0,Ranking
AJ McLean,Cheryl Burke,Singer/Rapper,Florida,United States,42,29,Eliminated Week 9,7,2,3,19.0,6.333333333333333,9,0,Ranking
AJ McLean,Cheryl Burke,Singer/Rapper,Florida,United States,42,29,Eliminated Week 9,7,3,3,21.0,7.0,9,0,Ranking
AJ McLean,Cheryl Burke,Singer/Rapper,Florida,United States,42,29,Eliminated Week 9,7,4,3,24.0,8.0,9,0,Ranking
AJ McLean,Cheryl Burke,Singer/Rapper,Florida,United States,42,29,Eliminated Week 9,7,5,3,24.0,8.0,9,0,Ranking
AJ McLean,Cheryl Burke,Singer/Rapper,Florida,United States,42,29,Eliminated Week 9,7,6,3,27.0,9.0,9,0,Ranking
AJ McLean,Cheryl Burke,Singer/Rapper,Florida,United States,42,29,Eliminated Week 9,7,7,3,26.0,8.666666666666666,9,0,Ranking
AJ McLean,Cheryl Burke,Singer/Rapper,Florida,United States,42,29,Eliminated Week 9,7,8,3,27.0,9.0,9,0,Ranking
AJ McLean,Cheryl Burke,Singer/Rapper,Florida,United States,42,29,Eliminated Week 9,7,9,3,24.9998,8.333266666666667,9,1,Ranking
AJ McLean,Cheryl Burke,Singer/Rapper,Florida,United States,42,29,Eliminated Week 9,7,10,3,0.0,0.0,9,0,Ranking
AJ McLean,Cheryl Burke,Singer/Rapper,Florida,United States,42,29,Eliminated Week 9,7,11,3,0.0,0.0,9,0,Ranking
Adrian Peterson,Britt Stewart,Athlete,Texas,United States,38,32,Eliminated Week 4,11,1,3,18.0,6.0,4,0,Ranking
Adrian Peterson,Britt Stewart,Athlete,Texas,United States,38,32,Eliminated Week 4,11,2,3,15.0,5.0,4,0,Ranking
Adrian Peterson,Britt Stewart,Athlete,Texas,United States,38,32,Eliminated Week 4,11,3,4,22.0,5.5,4,0,Ranking
Adrian Peterson,Britt Stewart,Athlete,Texas,United States,38,32,Eliminated Week 4,11,4,3,21.0,7.0,4,1,Ranking
Adrian Peterson,Britt Stewart,Athlete,Texas,United States,38,32,Eliminated Week 4,11,5,3,0.0,0.0,4,0,Ranking
Adrian Peterson,Britt Stewart,Athlete,Texas,United States,38,32,Eliminated Week 4,11,6,4,0.0,0.0,4,0,Ranking
Adrian Peterson,Britt Stewart,Athlete,Texas,United States,38,32,Eliminated Week 4,11,7,4,0.0,0.0,4,0,Ranking
Adrian Peterson,Britt Stewart,Athlete,Texas,United States,38,32,Eliminated Week 4,11,8,4,0.0,0.0,4,0,Ranking
Adrian Peterson,Britt Stewart,Athlete,Texas,United States,38,32,Eliminated Week 4,11,9,4,0.0,0.0,4,0,Ranking
Adrian Peterson,Britt Stewart,Athlete,Texas,United States,38,32,Eliminated Week 4,11,10,3,0.0,0.0,4,0,Ranking
Adrian Peterson,Britt Stewart,Athlete,Texas,United States,38,32,Eliminated Week 4,11,11,3,0.0,0.0,4,0,Ranking
Alix Earle,Val Chmerkovskiy (Joey Graziadei week 9),Social media personality,Florida,United States,24,34,2nd Place,2,1,2,13.0,6.5,99,0,Ranking
Alix Earle,Val Chmerkovskiy (Joey Graziadei week 9),Social media personality,Florida,United States,24,34,2nd Place,2,2,3,21.0,7.0,99,0,Ranking
Alix Earle,Val Chmerkovskiy (Joey Graziadei week 9),Social media personality,Florida,United States,24,34,2nd Place,2,3,3,23.0,7.666666666666667,99,0,Ranking
Alix Earle,Val Chmerkovskiy (Joey Graziadei week 9),Social media personality,Florida,United States,24,34,2nd Place,2,4,3,24.0,8.0,99,0,Ranking
Alix Earle,Val Chmerkovskiy (Joey Graziadei week 9),Social media personality,Florida,United States,24,34,2nd Place,2,5,4,35.0,8.75,99,0,Ranking
Alix Earle,Val Chmerkovskiy (Joey Graziadei week 9),Social media personality,Florida,United States,24,34,2nd Place,2,6,4,35.0,8.75,99,0,Ranking
Alix Earle,Val Chmerkovskiy (Joey Graziadei week 9),Social media personality,Florida,United States,24,34,2nd Place,2,7,4,43.0,10.75,99,0,Ranking
Alix Earle,Val Chmerkovskiy (Joey Graziadei week 9),Social media personality,Florida,United States,24,34,2nd Place,2,8,4,38.5,9.625,99,0,Ranking
Alix Earle,Val Chmerkovskiy (Joey Graziadei week 9),Social media personality,Florida,United States,24,34,2nd Place,2,9,4,40.0,10.0,99,0,Ranking
Alix Earle,Val Chmerkovskiy (Joey Graziadei week 9),Social media personality,Florida,United States,24,34,2nd Place,2,10,3,29.0,9.666666666666666,99,0,Ranking
Alix Earle,Val Chmerkovskiy (Joey Graziadei week 9),Social media personality,Florida,United States,24,34,2nd Place,2,11,3,30.0,10.0,99,0,Ranking
Ally Brooke,Sasha Farber,Singer/Rapper,Texas,United States,26,28,3rd Place,3,1,3,16.0,5.333333333333333,99,0,Ranking
Ally Brooke,Sasha Farber,Singer/Rapper,Texas,United States,26,28,3rd Place,3,2,3,20.0,6.666666666666667,99,0,Ranking
Ally Brooke,Sasha Farber,Singer/Rapper,Texas,United States,26,28,3rd Place,3,3,3,24.0,8.0,99,0,Ranking
Ally Brooke,Sasha Farber,Singer/Rapper,Texas,United States,26,28,3rd Place,3,4,4,32.0,8.0,99,0,Ranking
Ally Brooke,Sasha Farber,Singer/Rapper,Texas,United States,26,28,3rd Place,3,5,3,27.0,9.0,99,0,Ranking
Ally Brooke,Sasha Farber,Singer/Rapper,Texas,United States,26,28,3rd Place,3,6,3,25.0,8.333333333333334,99,0,Ranking
Ally Brooke,Sasha Farber,Singer/Rapper,Texas,United States,26,28,3rd Place,3,7,3,27.0,9.0,99,0,Ranking
Ally Brooke,Sasha Farber,Singer/Rapper,Texas,United States,26,28,3rd Place,3,8,3,30.0,10.0,99,0,Ranking
Ally Brooke,Sasha Farber,Singer/Rapper,Texas,United States,26,28,3rd Place,3,9,4,40.0,10.0,99,0,Ranking
Ally Brooke,Sasha Farber,Singer/Rapper,Texas,United States,26,28,3rd Place,3,10,3,29.5,9.833333333333334,99,0,Ranking
Ally Brooke,Sasha Farber,Singer/Rapper,Texas,United States,26,28,3rd Place,3,11,3,30.0,10.0,99,0,Ranking
Alyson Hannigan,Sasha Farber,Actor/Actress,Washington D.C.,United States,49,32,5th Place,5,1,3,13.0,4.333333333333333,99,0,Ranking
Alyson Hannigan,Sasha Farber,Actor/Actress,Washington D.C.,United States,49,32,5th Place,5,2,3,19.0,6.333333333333333,99,0,Ranking
Alyson Hannigan,Sasha Farber,Actor/Actress,Washington D.C.,United States,49,32,5th Place,5,3,4,24.0,6.0,99,0,Ranking
Alyson Hannigan,Sasha Farber,Actor/Actress,Washington D.C.,United States,49,32,5th Place,5,4,3,18.0,6.0,99,0,Ranking
Alyson Hannigan,Sasha Farber,Actor/Actress,Washington D.C.,United States,49,32,5th Place,5,5,3,21.0,7.0,99,0,Ranking
Alyson Hannigan,Sasha Farber,Actor/Actress,Washington D.C.,United States,49,32,5th Place,5,6,4,31.0,7.75,99,0,Ranking
Alyson Hannigan,Sasha Farber,Actor/Actress,Washington D.C.,United States,49,32,5th Place,5,7,4,35.0,8.75,99,0,Ranking
Alyson Hannigan,Sasha Farber,Actor/Actress,Washington D.C.,United States,49,32,5th Place,5,8,4,36.0,9.0,99,0,Ranking
Alyson Hannigan,Sasha Farber,Actor/Actress,Washington D.C.,United States,49,32,5th Place,5,9,4,32.0,8.0,99,0,Ranking
Alyson Hannigan,Sasha Farber,Actor/Actress,Washington D.C.,United States,49,32,5th Place,5,10,3,25.5,8.5,99,0,Ranking
Alyson Hannigan,Sasha Farber,Actor/Actress,Washington D.C.,United States,49,32,5th Place,5,11,3,26.5,8.833333333333334,99,0,Ranking
Amanda Kloots,Alan Bersten,TV Personality,Ohio,United States,39,30,4th Place,4,1,4,28.0,7.0,99,0,Ranking
Amanda Kloots,Alan Bersten,TV Personality,Ohio,United States,39,30,4th Place,4,2,4,32.0,8.0,99,0,Ranking
Amanda Kloots,Alan Bersten,TV Personality,Ohio,United States,39,30,4th Place,4,3,3,24.0,8.0,99,0,Ranking
Amanda Kloots,Alan Bersten,TV Personality,Ohio,United States,39,30,4th Place,4,4,4,34.0,8.5,99,0,Ranking
Amanda Kloots,Alan Bersten,TV Personality,Ohio,United States,39,30,4th Place,4,5,4,39.0,9.75,99,0,Ranking
Amanda Kloots,Alan Bersten,TV Personality,Ohio,United States,39,30,4th Place,4,6,4,38.0,9.5,99,0,Ranking
Amanda Kloots,Alan Bersten,TV Personality,Ohio,United States,39,30,4th Place,4,7,4,34.0,8.5,99,0,Ranking
Amanda Kloots,Alan Bersten,TV Personality,Ohio,United States,39,30,4th Place,4,8,4,42.0,10.5,99,0,Ranking
Amanda Kloots,Alan Bersten,TV Personality,Ohio,United States,39,30,4th Place,4,9,4,39.5,9.875,99,0,Ranking
Amanda Kloots,Alan Bersten,TV Personality,Ohio,United States,39,30,4th Place,4,10,4,39.0,9.75,99,0,Ranking
Andy Richter,Emma Slater/Kaitlyn Bristowe (week 9),Comedian,California,United States,59,34,Eliminated Week 9,7,1,2,9.0,4.5,9,0,Ranking
Andy Richter,Emma Slater/Kaitlyn Bristowe (week 9),Comedian,California,United States,59,34,Eliminated Week 9,7,2,3,16.0,5.333333333333333,9,0,Ranking
Andy Richter,Emma Slater/Kaitlyn Bristowe (week 9),Comedian,California,United States,59,34,Eliminated Week 9,7,3,3,18.0,6.0,9,0,Ranking
Andy Richter,Emma Slater/Kaitlyn Bristowe (week 9),Comedian,California,United States,59,34,Eliminated Week 9,7,4,3,18.0,6.0,9,0,Ranking
Andy Richter,Emma Slater/Kaitlyn Bristowe (week 9),Comedian,California,United States,59,34,Eliminated Week 9,7,5,4,24.0,6.0,9,0,Ranking
Andy Richter,Emma Slater/Kaitlyn Bristowe (week 9),Comedian,California,United States,59,34,Eliminated Week 9,7,6,4,27.0,6.75,9,0,Ranking
Andy Richter,Emma Slater/Kaitlyn Bristowe (week 9),Comedian,California,United States,59,34,Eliminated Week 9,7,7,4,29.0,7.25,9,0,Ranking
Andy Richter,Emma Slater/Kaitlyn Bristowe (week 9),Comedian,California,United States,59,34,Eliminated Week 9,7,8,4,34.0,8.5,9,0,Ranking
Andy Richter,Emma Slater/Kaitlyn Bristowe (week 9),Comedian,California,United States,59,34,Eliminated Week 9,7,9,4,29.0,7.25,9,1,Ranking
Andy Richter,Emma Slater/Kaitlyn Bristowe (week 9),Comedian,California,United States,59,34,Eliminated Week 9,7,10,3,0.0,0.0,9,0,Ranking
Andy Richter,Emma Slater/Kaitlyn Bristowe (week 9),Comedian,California,United States,59,34,Eliminated Week 9,7,11,3,0.0,0.0,9,0,Ranking
Anne Heche,Keo Motsepe,Actor/Actress,Ohio,United States,51,29,Eliminated Week 4,13,1,3,18.0,6.0,4,0,Ranking
Anne Heche,Keo Motsepe,Actor/Actress,Ohio,United States,51,29,Eliminated Week 4,13,2,3,18.0,6.0,4,0,Ranking
Anne Heche,Keo Motsepe,Actor/Actress,Ohio,United States,51,29,Eliminated Week 4,13,3,3,15.0,5.0,4,0,Ranking
Anne Heche,Keo Motsepe,Actor/Actress,Ohio,United States,51,29,Eliminated Week 4,13,4,3,21.0,7.0,4,1,Ranking
Anne Heche,Keo Motsepe,Actor/Actress,Ohio,United States,51,29,Eliminated Week 4,13,5,3,0.0,0.0,4,0,Ranking
Anne Heche,Keo Motsepe,Actor/Actress,Ohio,United States,51,29,Eliminated Week 4,13,6,3,0.0,0.0,4,0,Ranking
Anne Heche,Keo Motsepe,Actor/Actress,Ohio,United States,51,29,Eliminated Week 4,13,7,3,0.0,0.0,4,0,Ranking
Anne Heche,Keo Motsepe,Actor/Actress,Ohio,United States,51,29,Eliminated Week 4,13,8,3,0.0,0.0,4,0,Ranking
Anne Heche,Keo Motsepe,Actor/Actress,Ohio,United States,51,29,Eliminated Week 4,13,9,3,0.0,0.0,4,0,Ranking
Anne Heche,Keo Motsepe,Actor/Actress,Ohio,United States,51,29,Eliminated Week 4,13,10,3,0.0,0.0,4,0,Ranking
Anne Heche,Keo Motsepe,Actor/Actress,Ohio,United States,51,29,Eliminated Week 4,13,11,3,0.0,0.0,4,0,Ranking
Ariana Madix,Pasha Pashkov,TV Personality,Florida,United States,38,32,3rd Place,3,1,3,21.0,7.0,99,0,Ranking
Ariana Madix,Pasha Pashkov,TV Personality,Florida,United States,38,32,3rd Place,3,2,3,20.0,6.666666666666667,99,0,Ranking
Ariana Madix,Pasha Pashkov,TV Personality,Florida,United States,38,32,3rd Place,3,3,4,34.0,8.5,99,0,Ranking
Ariana Madix,Pasha Pashkov,TV Personality,Florida,United States,38,32,3rd Place,3,4,3,25.0,8.333333333333334,99,0,Ranking
Ariana Madix,Pasha Pashkov,TV Personality,Florida,United States,38,32,3rd Place,3,5,3,24.0,8.0,99,0,Ranking
Ariana Madix,Pasha Pashkov,TV Personality,Florida,United States,38,32,3rd Place,3,6,4,41.0,10.25,99,0,Ranking
Ariana Madix,Pasha Pashkov,TV Personality,Florida,United States,38,32,3rd Place,3,7,4,37.0,9.25,99,0,Ranking
Ariana Madix,Pasha Pashkov,TV Personality,Florida,United States,38,32,3rd Place,3,8,4,42.0,10.5,99,0,Ranking
Ariana Madix,Pasha Pashkov,TV Personality,Florida,United States,38,32,3rd Place,3,9,4,37.0,9.25,99,0,Ranking
Ariana Madix,Pasha Pashkov,TV Personality,Florida,United States,38,32,3rd Place,3,10,3,29.0,9.666666666666666,99,0,Ranking
Ariana Madix,Pasha Pashkov,TV Personality,Florida,United States,38,32,3rd Place,3,11,3,29.5,9.833333333333334,99,0,Ranking
Baron Davis,Britt Stewart,Athlete,California,United States,46,34,Eliminated Week 2,13,1,2,10.0,5.0,2,0,Ranking
Baron Davis,Britt Stewart,Athlete,California,United States,46,34,Eliminated Week 2,13,2,3,18.0,6.0,2,1,Ranking
Baron Davis,Britt Stewart,Athlete,California,United States,46,34,Eliminated Week 2,13,3,3,0.0,0.0,2,0,Ranking
Baron Davis,Britt Stewart,Athlete,California,United States,46,34,Eliminated Week 2,13,4,3,0.0,0.0,2,0,Ranking
Baron Davis,Britt Stewart,Athlete,California,United States,46,34,Eliminated Week 2,13,5,4,0.0,0.0,2,0,Ranking
Baron Davis,Britt Stewart,Athlete,California,United States,46,34,Eliminated Week 2,13,6,4,0.0,0.0,2,0,Ranking
Baron Davis,Britt Stewart,Athlete,California,United States,46,34,Eliminated Week 2,13,7,4,0.0,0.0,2,0,Ranking
Baron Davis,Britt Stewart,Athlete,California,United States,46,34,Eliminated Week 2,13,8,4,0.0,0.0,2,0,Ranking
Baron Davis,Britt Stewart,Athlete,California,United States,46,34,Eliminated Week 2,13,9,4,0.0,0.0,2,0,Ranking
Baron Davis,Britt Stewart,Athlete,California,United States,46,34,Eliminated Week 2,13,10,3,0.0,0.0,2,0,Ranking
Baron Davis,Britt Stewart,Athlete,California,United States,46,34,Eliminated Week 2,13,11,3,0.0,0.0,2,0,Ranking
Barry Williams,Peta Murgatroyd,Actor/Actress,California,United States,68,32,Eliminated Week 8,7,1,3,16.0,5.333333333333333,8,0,Ranking
Barry Williams,Peta Murgatroyd,Actor/Actress,California,United States,68,32,Eliminated Week 8,7,2,3,15.0,5.0,8,0,Ranking
Barry Williams,Peta Murgatroyd,Actor/Actress,California,United States,68,32,Eliminated Week 8,7,3,4,25.0,6.25,8,0,Ranking
Barry Williams,Peta Murgatroyd,Actor/Actress,California,United States,68,32,Eliminated Week 8,7,4,3,18.0,6.0,8,0,Ranking
Barry Williams,Peta Murgatroyd,Actor/Actress,California,United States,68,32,Eliminated Week 8,7,5,3,24.0,8.0,8,0,Ranking
Barry Williams,Peta Murgatroyd,Actor/Actress,California,United States,68,32,Eliminated Week 8,7,6,4,32.0,8.0,8,0,Ranking
Barry Williams,Peta Murgatroyd,Actor/Actress,California,United States,68,32,Eliminated Week 8,7,7,4,32.5,8.125,8,0,Ranking
Barry Williams,Peta Murgatroyd,Actor/Actress,California,United States,68,32,Eliminated Week 8,7,8,4,35.0,8.75,8,1,Ranking
Barry Williams,Peta Murgatroyd,Actor/Actress,California,United States,68,32,Eliminated Week 8,7,9,4,0.0,0.0,8,0,Ranking
Barry Williams,Peta Murgatroyd,Actor/Actress,California,United States,68,32,Eliminated Week 8,7,10,3,0.0,0.0,8,0,Ranking
Barry Williams,Peta Murgatroyd,Actor/Actress,California,United States,68,32,Eliminated Week 8,7,11,3,0.0,0.0,8,0,Ranking
Brian Austin Green,Sharna Burgess,Actor/Actress,California,United States,48,30,Eliminated Week 4,13,1,4,24.0,6.0,4,0,Ranking
Brian Austin Green,Sharna Burgess,Actor/Actress,California,United States,48,30,Eliminated Week 4,13,2,4,23.0,5.75,4,0,Ranking
Brian Austin Green,Sharna Burgess,Actor/Actress,California,United States,48,30,Eliminated Week 4,13,3,3,19.0,6.333333333333333,4,0,Ranking
Brian Austin Green,Sharna Burgess,Actor/Actress,California,United States,48,30,Eliminated Week 4,13,4,4,26.0,6.5,4,1,Ranking
Brian Austin Green,Sharna Burgess,Actor/Actress,California,United States,48,30,Eliminated Week 4,13,5,4,0.0,0.0,4,0,Ranking
Brian Austin Green,Sharna Burgess,Actor/Actress,California,United States,48,30,Eliminated Week 4,13,6,4,0.0,0.0,4,0,Ranking
Brian Austin Green,Sharna Burgess,Actor/Actress,California,United States,48,30,Eliminated Week 4,13,7,4,0.0,0.0,4,0,Ranking
Brian Austin Green,Sharna Burgess,Actor/Actress,California,United States,48,30,Eliminated Week 4,13,8,4,0.0,0.0,4,0,Ranking
Brian Austin Green,Sharna Burgess,Actor/Actress,California,United States,48,30,Eliminated Week 4,13,9,4,0.0,0.0,4,0,Ranking
Brian Austin Green,Sharna Burgess,Actor/Actress,California,United States,48,30,Eliminated Week 4,13,10,4,0.0,0.0,4,0,Ranking
Brooks Nader,Gleb Savchenko,Model,New York,United States,27,33,Eliminated Week 4,9,1,3,18.0,6.0,4,0,Ranking
Brooks Nader,Gleb Savchenko,Model,New York,United States,27,33,Eliminated Week 4,9,2,3,20.0,6.666666666666667,4,0,Ranking
Brooks Nader,Gleb Savchenko,Model,New York,United States,27,33,Eliminated Week 4,9,3,4,30.5,7.625,4,0,Ranking
Brooks Nader,Gleb Savchenko,Model,New York,United States,27,33,Eliminated Week 4,9,4,4,32.0,8.0,4,1,Ranking
Brooks Nader,Gleb Savchenko,Model,New York,United States,27,33,Eliminated Week 4,9,5,3,0.0,0.0,4,0,Ranking
Brooks Nader,Gleb Savchenko,Model,New York,United States,27,33,Eliminated Week 4,9,6,3,0.0,0.0,4,0,Ranking
Brooks Nader,Gleb Savchenko,Model,New York,United States,27,33,Eliminated Week 4,9,7,3,0.0,0.0,4,0,Ranking
Brooks Nader,Gleb Savchenko,Model,New York,United States,27,33,Eliminated Week 4,9,8,3,0.0,0.0,4,0,Ranking
Brooks Nader,Gleb Savchenko,Model,New York,United States,27,33,Eliminated Week 4,9,9,3,0.0,0.0,4,0,Ranking
Carole Baskin,Pasha Pashkov,TV Personality,Texas,United States,59,29,Eliminated Week 3,14,1,3,11.0,3.6666666666666665,3,0,Ranking
Carole Baskin,Pasha Pashkov,TV Personality,Texas,United States,59,29,Eliminated Week 3,14,2,3,16.0,5.333333333333333,3,0,Ranking
Carole Baskin,Pasha Pashkov,TV Personality,Texas,United States,59,29,Eliminated Week 3,14,3,3,12.0,4.0,3,1,Ranking
Carole Baskin,Pasha Pashkov,TV Personality,Texas,United States,59,29,Eliminated Week 3,14,4,3,0.0,0.0,3,0,Ranking
Carole Baskin,Pasha Pashkov,TV Personality,Texas,United States,59,29,Eliminated Week 3,14,5,3,0.0,0.0,3,0,Ranking
Carole Baskin,Pasha Pashkov,TV Personality,Texas,United States,59,29,Eliminated Week 3,14,6,3,0.0,0.0,3,0,Ranking
Carole Baskin,Pasha Pashkov,TV Personality,Texas,United States,59,29,Eliminated Week 3,14,7,3,0.0,0.0,3,0,Ranking
Carole Baskin,Pasha Pashkov,TV Personality,Texas,United States,59,29,Eliminated Week 3,14,8,3,0.0,0.0,3,0,Ranking
Carole Baskin,Pasha Pashkov,TV Personality,Texas,United States,59,29,Eliminated Week 3,14,9,3,0.0,0.0,3,0,Ranking
Carole Baskin,Pasha Pashkov,TV Personality,Texas,United States,59,29,Eliminated Week 3,14,10,3,0.0,0.0,3,0,Ranking
Carole Baskin,Pasha Pashkov,TV Personality,Texas,United States,59,29,Eliminated Week 3,14,11,3,0.0,0.0,3,0,Ranking
Chandler Kinney,Brandon Armstrong,Actor/Actress,California,United States,24,33,3rd Place,3,1,3,23.0,7.666666666666667,99,0,Ranking
Chandler Kinney,Brandon Armstrong,Actor/Actress,California,United States,24,33,3rd Place,3,2,3,24.0,8.0,99,0,Ranking
Chandler Kinney,Brandon Armstrong,Actor/Actress,California,United States,24,33,3rd Place,3,3,4,34.5,8.625,99,0,Ranking
Chandler Kinney,Brandon Armstrong,Actor/Actress,California,United States,24,33,3rd Place,3,4,4,32.0,8.0,99,0,Ranking
Chandler Kinney,Brandon Armstrong,Actor/Actress,California,United States,24,33,3rd Place,3,5,3,27.0,9.0,99,0,Ranking
Chandler Kinney,Brandon Armstrong,Actor/Actress,California,United States,24,33,3rd Place,3,6,3,32.0,10.666666666666666,99,0,Ranking
Chandler Kinney,Brandon Armstrong,Actor/Actress,California,United States,24,33,3rd Place,3,7,3,30.0,10.0,99,0,Ranking
Chandler Kinney,Brandon Armstrong,Actor/Actress,California,United States,24,33,3rd Place,3,8,3,29.0,9.666666666666666,99,0,Ranking
Chandler Kinney,Brandon Armstrong,Actor/Actress,California,United States,24,33,3rd Place,3,9,3,30.0,10.0,99,0,Ranking
Charity Lawson,Artem Chigvintsev,TV Personality,Georgia,United States,27,32,4th Place,4,1,3,22.0,7.333333333333333,99,0,Ranking
Charity Lawson,Artem Chigvintsev,TV Personality,Georgia,United States,27,32,4th Place,4,2,3,21.0,7.0,99,0,Ranking
Charity Lawson,Artem Chigvintsev,TV Personality,Georgia,United States,27,32,4th Place,4,3,4,32.0,8.0,99,0,Ranking
Charity Lawson,Artem Chigvintsev,TV Personality,Georgia,United States,27,32,4th Place,4,4,3,24.0,8.0,99,0,Ranking
Charity Lawson,Artem Chigvintsev,TV Personality,Georgia,United States,27,32,4th Place,4,5,3,28.0,9.333333333333334,99,0,Ranking
Charity Lawson,Artem Chigvintsev,TV Personality,Georgia,United States,27,32,4th Place,4,6,4,38.0,9.5,99,0,Ranking
Charity Lawson,Artem Chigvintsev,TV Personality,Georgia,United States,27,32,4th Place,4,7,4,36.0,9.0,99,0,Ranking
Charity Lawson,Artem Chigvintsev,TV Personality,Georgia,United States,27,32,4th Place,4,8,4,39.0,9.75,99,0,Ranking
Charity Lawson,Artem Chigvintsev,TV Personality,Georgia,United States,27,32,4th Place,4,9,4,38.0,9.5,99,0,Ranking
Charity Lawson,Artem Chigvintsev,TV Personality,Georgia,United States,27,32,4th Place,4,10,3,29.5,9.833333333333334,99,0,Ranking
Charity Lawson,Artem Chigvintsev,TV Personality,Georgia,United States,27,32,4th Place,4,11,3,29.5,9.833333333333334,99,0,Ranking
Charles Oakley,Emma Slater,Athlete,Ohio,United States,56,29,Eliminated Week 2,15,1,3,12.0,4.0,2,0,Ranking
Charles Oakley,Emma Slater,Athlete,Ohio,United States,56,29,Eliminated Week 2,15,2,3,15.0,5.0,2,1,Ranking
Charles Oakley,Emma Slater,Athlete,Ohio,United States,56,29,Eliminated Week 2,15,3,3,0.0,0.0,2,0,Ranking
Charles Oakley,Emma Slater,Athlete,Ohio,United States,56,29,Eliminated Week 2,15,4,3,0.0,0.0,2,0,Ranking
Charles Oakley,Emma Slater,Athlete,Ohio,United States,56,29,Eliminated Week 2,15,5,3,0.0,0.0,2,0,Ranking
Charles Oakley,Emma Slater,Athlete,Ohio,United States,56,29,Eliminated Week 2,15,6,3,0.0,0.0,2,0,Ranking
Charles Oakley,Emma Slater,Athlete,Ohio,United States,56,29,Eliminated Week 2,15,7,3,0.0,0.0,2,0,Ranking
Charles Oakley,Emma Slater,Athlete,Ohio,United States,56,29,Eliminated Week 2,15,8,3,0.0,0.0,2,0,Ranking
Charles Oakley,Emma Slater,Athlete,Ohio,United States,56,29,Eliminated Week 2,15,9,3,0.0,0.0,2,0,Ranking
Charles Oakley,Emma Slater,Athlete,Ohio,United States,56,29,Eliminated Week 2,15,10,3,0.0,0.0,2,0,Ranking
Charles Oakley,Emma Slater,Athlete,Ohio,United States,56,29,Eliminated Week 2,15,11,3,0.0,0.0,2,0,Ranking
Charli D'Amelio,Mark Ballas,Social Media Personality,Connecticut,United States,18,31,1st Place,1,1,4,32.0,8.0,99,0,Ranking
Charli D'Amelio,Mark Ballas,Social Media Personality,Connecticut,United States,18,31,1st Place,1,2,4,32.0,8.0,99,0,Ranking
Charli D'Amelio,Mark Ballas,Social Media Personality,Connecticut,United States,18,31,1st Place,1,3,4,33.0,8.25,99,0,Ranking
Charli D'Amelio,Mark Ballas,Social Media Personality,Connecticut,United States,18,31,1st Place,1,4,4,36.0,9.0,99,0,Ranking
Charli D'Amelio,Mark Ballas,Social Media Personality,Connecticut,United States,18,31,1st Place,1,5,4,42.0,10.5,99,0,Ranking
Charli D'Amelio,Mark Ballas,Social Media Personality,Connecticut,United States,18,31,1st Place,1,6,4,40.0,10.0,99,0,Ranking
Charli D'Amelio,Mark Ballas,Social Media Personality,Connecticut,United States,18,31,1st Place,1,7,4,39.0,9.75,99,0,Ranking
Charli D'Amelio,Mark Ballas,Social Media Personality,Connecticut,United States,18,31,1st Place,1,8,4,45.0,11.25,99,0,Ranking
Charli D'Amelio,Mark Ballas,Social Media Personality,Connecticut,United States,18,31,1st Place,1,9,4,40.0,10.0,99,0,Ranking
Charli D'Amelio,Mark Ballas,Social Media Personality,Connecticut,United States,18,31,1st Place,1,10,4,40.0,10.0,99,0,Ranking
Cheryl Ladd,Louis van Amstel,Actor/Actress,South Dakota,United States,71,31,Eliminated Week 3,14,1,4,21.0,5.25,3,0,Ranking
Cheryl Ladd,Louis van Amstel,Actor/Actress,South Dakota,United States,71,31,Eliminated Week 3,14,2,4,21.0,5.25,3,0,Ranking
Cheryl Ladd,Louis van Amstel,Actor/Actress,South Dakota,United States,71,31,Eliminated Week 3,14,3,4,24.0,6.0,3,1,Ranking
Cheryl Ladd,Louis van Amstel,Actor/Actress,South Dakota,United States,71,31,Eliminated Week 3,14,4,4,0.0,0.0,3,0,Ranking
Cheryl Ladd,Louis van Amstel,Actor/Actress,South Dakota,United States,71,31,Eliminated Week 3,14,5,4,0.0,0.0,3,0,Ranking
Cheryl Ladd,Louis van Amstel,Actor/Actress,South Dakota,United States,71,31,Eliminated Week 3,14,6,4,0.0,0.0,3,0,Ranking
Cheryl Ladd,Louis van Amstel,Actor/Actress,South Dakota,United States,71,31,Eliminated Week 3,14,7,4,0.0,0.0,3,0,Ranking
Cheryl Ladd,Louis van Amstel,Actor/Actress,South Dakota,United States,71,31,Eliminated Week 3,14,8,4,0.0,0.0,3,0,Ranking
Cheryl Ladd,Louis van Amstel,Actor/Actress,South Dakota,United States,71,31,Eliminated Week 3,14,9,4,0.0,0.0,3,0,Ranking
Cheryl Ladd,Louis van Amstel,Actor/Actress,South Dakota,United States,71,31,Eliminated Week 3,14,10,4,0.0,0.0,3,0,Ranking
Chrishell Stause,Gleb Savchenko,Actor/Actress,Kentucky,United States,39,29,Eliminated Week 8,8,1,3,13.0,4.333333333333333,8,0,Ranking
Chrishell Stause,Gleb Savchenko,Actor/Actress,Kentucky,United States,39,29,Eliminated Week 8,8,2,3,18.0,6.0,8,0,Ranking
Chrishell Stause,Gleb Savchenko,Actor/Actress,Kentucky,United States,39,29,Eliminated Week 8,8,3,3,22.0,7.333333333333333,8,0,Ranking
Chrishell Stause,Gleb Savchenko,Actor/Actress,Kentucky,United States,39,29,Eliminated Week 8,8,4,3,22.0,7.333333333333333,8,0,Ranking
Chrishell Stause,Gleb Savchenko,Actor/Actress,Kentucky,United States,39,29,Eliminated Week 8,8,5,3,19.0,6.333333333333333,8,0,Ranking
Chrishell Stause,Gleb Savchenko,Actor/Actress,Kentucky,United States,39,29,Eliminated Week 8,8,6,3,24.0,8.0,8,0,Ranking
Chrishell Stause,Gleb Savchenko,Actor/Actress,Kentucky,United States,39,29,Eliminated Week 8,8,7,3,26.0,8.666666666666666,8,0,Ranking
Chrishell Stause,Gleb Savchenko,Actor/Actress,Kentucky,United States,39,29,Eliminated Week 8,8,8,3,27.0,9.0,8,1,Ranking
Chrishell Stause,Gleb Savchenko,Actor/Actress,Kentucky,United States,39,29,Eliminated Week 8,8,9,3,0.0,0.0,8,0,Ranking
Chrishell Stause,Gleb Savchenko,Actor/Actress,Kentucky,United States,39,29,Eliminated Week 8,8,10,3,0.0,0.0,8,0,Ranking
Chrishell Stause,Gleb Savchenko,Actor/Actress,Kentucky,United States,39,29,Eliminated Week 8,8,11,3,0.0,0.0,8,0,Ranking
Cody Rigsby,Cheryl Burke,Fitness Instructor,California,United States,34,30,3rd Place,3,1,4,24.0,6.0,99,0,Ranking
Cody Rigsby,Cheryl Burke,Fitness Instructor,California,United States,34,30,3rd Place,3,2,4,24.0,6.0,99,0,Ranking
Cody Rigsby,Cheryl Burke,Fitness Instructor,California,United States,34,30,3rd Place,3,3,3,18.0,6.0,99,0,Ranking
Cody Rigsby,Cheryl Burke,Fitness Instructor,California,United States,34,30,3rd Place,3,4,4,29.0,7.25,99,0,Ranking
Cody Rigsby,Cheryl Burke,Fitness Instructor,California,United States,34,30,3rd Place,3,5,4,32.0,8.0,99,0,Ranking
Cody Rigsby,Cheryl Burke,Fitness Instructor,California,United States,34,30,3rd Place,3,6,4,36.0,9.0,99,0,Ranking
Cody Rigsby,Cheryl Burke,Fitness Instructor,California,United States,34,30,3rd Place,3,7,4,36.0,9.0,99,0,Ranking
Cody Rigsby,Cheryl Burke,Fitness Instructor,California,United States,34,30,3rd Place,3,8,4,38.0,9.5,99,0,Ranking
Cody Rigsby,Cheryl Burke,Fitness Instructor,California,United States,34,30,3rd Place,3,9,4,35.5,8.875,99,0,Ranking
Cody Rigsby,Cheryl Burke,Fitness Instructor,California,United States,34,30,3rd Place,3,10,4,38.0,9.5,99,0,Ranking
Corey Feldman,Jenna Johnson,Actor/Actress,California,United States,54,34,Eliminated Week 2,13,1,2,9.0,4.5,2,0,Ranking
Corey Feldman,Jenna Johnson,Actor/Actress,California,United States,54,34,Eliminated Week 2,13,2,3,15.0,5.0,2,1,Ranking
Corey Feldman,Jenna Johnson,Actor/Actress,California,United States,54,34,Eliminated Week 2,13,3,3,0.0,0.0,2,0,Ranking
Corey Feldman,Jenna Johnson,Actor/Actress,California,United States,54,34,Eliminated Week 2,13,4,3,0.0,0.0,2,0,Ranking
Corey Feldman,Jenna Johnson,Actor/Actress,California,United States,54,34,Eliminated Week 2,13,5,4,0.0,0.0,2,0,Ranking
Corey Feldman,Jenna Johnson,Actor/Actress,California,United States,54,34,Eliminated Week 2,13,6,4,0.0,0.0,2,0,Ranking
Corey Feldman,Jenna Johnson,Actor/Actress,California,United States,54,34,Eliminated Week 2,13,7,4,0.0,0.0,2,0,Ranking
Corey Feldman,Jenna Johnson,Actor/Actress,California,United States,54,34,Eliminated Week 2,13,8,4,0.0,0.0,2,0,Ranking
Corey Feldman,Jenna Johnson,Actor/Actress,California,United States,54,34,Eliminated Week 2,13,9,4,0.0,0.0,2,0,Ranking
Corey Feldman,Jenna Johnson,Actor/Actress,California,United States,54,34,Eliminated Week 2,13,10,3,0.0,0.0,2,0,Ranking
Corey Feldman,Jenna Johnson,Actor/Actress,California,United States,54,34,Eliminated Week 2,13,11,3,0.0,0.0,2,0,Ranking
Daniel Durant,Britt Stewart,Actor/Actress,Michigan,United States,32,31,Eliminated Week 9,5,1,4,27.0,6.75,9,0,Ranking
Daniel Durant,Britt Stewart,Actor/Actress,Michigan,United States,32,31,Eliminated Week 9,5,2,4,29.0,7.25,9,0,Ranking
Daniel Durant,Britt Stewart,Actor/Actress,Michigan,United States,32,31,Eliminated Week 9,5,3,4,31.0,7.75,9,0,Ranking
Daniel Durant,Britt Stewart,Actor/Actress,Michigan,United States,32,31,Eliminated Week 9,5,4,4,29.0,7.25,9,0,Ranking
Daniel Durant,Britt Stewart,Actor/Actress,Michigan,United States,32,31,Eliminated Week 9,5,5,4,33.5,8.375,9,0,Ranking
Daniel Durant,Britt Stewart,Actor/Actress,Michigan,United States,32,31,Eliminated Week 9,5,6,4,34.0,8.5,9,0,Ranking
Daniel Durant,Britt Stewart,Actor/Actress,Michigan,United States,32,31,Eliminated Week 9,5,7,4,36.5,9.125,9,0,Ranking
Daniel Durant,Britt Stewart,Actor/Actress,Michigan,United States,32,31,Eliminated Week 9,5,8,4,39.0,9.75,9,0,Ranking
Daniel Durant,Britt Stewart,Actor/Actress,Michigan,United States,32,31,Eliminated Week 9,5,9,4,34.5,8.625,9,1,Ranking
Daniel Durant,Britt Stewart,Actor/Actress,Michigan,United States,32,31,Eliminated Week 9,5,10,4,0.0,0.0,9,0,Ranking
Danielle Fishel,Pasha Pashkov,Actor/Actress,California,United States,44,34,Eliminated Week 8,8,1,2,12.0,6.0,8,0,Ranking
Danielle Fishel,Pasha Pashkov,Actor/Actress,California,United States,44,34,Eliminated Week 8,8,2,3,19.0,6.333333333333333,8,0,Ranking
Danielle Fishel,Pasha Pashkov,Actor/Actress,California,United States,44,34,Eliminated Week 8,8,3,3,21.0,7.0,8,0,Ranking
Danielle Fishel,Pasha Pashkov,Actor/Actress,California,United States,44,34,Eliminated Week 8,8,4,3,21.0,7.0,8,0,Ranking
Danielle Fishel,Pasha Pashkov,Actor/Actress,California,United States,44,34,Eliminated Week 8,8,5,4,29.0,7.25,8,0,Ranking
Danielle Fishel,Pasha Pashkov,Actor/Actress,California,United States,44,34,Eliminated Week 8,8,6,4,36.0,9.0,8,0,Ranking
Danielle Fishel,Pasha Pashkov,Actor/Actress,California,United States,44,34,Eliminated Week 8,8,7,4,35.0,8.75,8,0,Ranking
Danielle Fishel,Pasha Pashkov,Actor/Actress,California,United States,44,34,Eliminated Week 8,8,8,4,37.0,9.25,8,1,Ranking
Danielle Fishel,Pasha Pashkov,Actor/Actress,California,United States,44,34,Eliminated Week 8,8,9,4,0.0,0.0,8,0,Ranking
Danielle Fishel,Pasha Pashkov,Actor/Actress,California,United States,44,34,Eliminated Week 8,8,10,3,0.0,0.0,8,0,Ranking
Danielle Fishel,Pasha Pashkov,Actor/Actress,California,United States,44,34,Eliminated Week 8,8,11,3,0.0,0.0,8,0,Ranking
Danny Amendola,Witney Carson,Athlete,Texas,United States,39,33,5th Place,5,1,3,20.0,6.666666666666667,99,0,Ranking
Danny Amendola,Witney Carson,Athlete,Texas,United States,39,33,5th Place,5,2,3,21.0,7.0,99,0,Ranking
Danny Amendola,Witney Carson,Athlete,Texas,United States,39,33,5th Place,5,3,4,30.0,7.5,99,0,Ranking
Danny Amendola,Witney Carson,Athlete,Texas,United States,39,33,5th Place,5,4,4,36.0,9.0,99,0,Ranking
Danny Amendola,Witney Carson,Athlete,Texas,United States,39,33,5th Place,5,5,3,25.5,8.5,99,0,Ranking
Danny Amendola,Witney Carson,Athlete,Texas,United States,39,33,5th Place,5,6,3,28.0,9.333333333333334,99,0,Ranking
Danny Amendola,Witney Carson,Athlete,Texas,United States,39,33,5th Place,5,7,3,25.5,8.5,99,0,Ranking
Danny Amendola,Witney Carson,Athlete,Texas,United States,39,33,5th Place,5,8,3,27.0,9.0,99,0,Ranking
Danny Amendola,Witney Carson,Athlete,Texas,United States,39,33,5th Place,5,9,3,28.0,9.333333333333334,99,0,Ranking
Drew Lachey,Cheryl Burke,Singer/Rapper,Ohio,United States,29,2,1st Place,1,1,3,24.0,8.0,99,0,Ranking
Drew Lachey,Cheryl Burke,Singer/Rapper,Ohio,United States,29,2,1st Place,1,2,3,27.0,9.0,99,0,Ranking
Drew Lachey,Cheryl Burke,Singer/Rapper,Ohio,United States,29,2,1st Place,1,3,3,27.0,9.0,99,0,Ranking
Drew Lachey,Cheryl Burke,Singer/Rapper,Ohio,United States,29,2,1st Place,1,4,3,28.0,9.333333333333334,99,0,Ranking
Drew Lachey,Cheryl Burke,Singer/Rapper,Ohio,United States,29,2,1st Place,1,5,3,27.0,9.0,99,0,Ranking
Drew Lachey,Cheryl Burke,Singer/Rapper,Ohio,United States,29,2,1st Place,1,6,3,30.0,10.0,99,0,Ranking
Drew Lachey,Cheryl Burke,Singer/Rapper,Ohio,United States,29,2,1st Place,1,7,3,27.5,9.166666666666666,99,0,Ranking
Drew Lachey,Cheryl Burke,Singer/Rapper,Ohio,United States,29,2,1st Place,1,8,3,28.9998,9.6666,99,0,Ranking
Dwight Howard ,Daniella Karagach,Athlete,Georgia,United States,38,33,Eliminated Week 7,6,1,3,22.0,7.333333333333333,7,0,Ranking
Dwight Howard ,Daniella Karagach,Athlete,Georgia,United States,38,33,Eliminated Week 7,6,2,3,22.0,7.333333333333333,7,0,Ranking
Dwight Howard ,Daniella Karagach,Athlete,Georgia,United States,38,33,Eliminated Week 7,6,3,4,26.0,6.5,7,0,Ranking
Dwight Howard ,Daniella Karagach,Athlete,Georgia,United States,38,33,Eliminated Week 7,6,4,4,29.0,7.25,7,0,Ranking
Dwight Howard ,Daniella Karagach,Athlete,Georgia,United States,38,33,Eliminated Week 7,6,5,3,24.0,8.0,7,0,Ranking
Dwight Howard ,Daniella Karagach,Athlete,Georgia,United States,38,33,Eliminated Week 7,6,6,3,31.0,10.333333333333334,7,0,Ranking
Dwight Howard ,Daniella Karagach,Athlete,Georgia,United States,38,33,Eliminated Week 7,6,7,3,24.0,8.0,7,1,Ranking
Dwight Howard ,Daniella Karagach,Athlete,Georgia,United States,38,33,Eliminated Week 7,6,8,3,0.0,0.0,7,0,Ranking
Dwight Howard ,Daniella Karagach,Athlete,Georgia,United States,38,33,Eliminated Week 7,6,9,3,0.0,0.0,7,0,Ranking
Dylan Efron,Daniella Karagach (Rumer Willis week 9),TV Personality,California,United States,33,34,4th Place,4,1,2,10.0,5.0,99,0,Ranking
Dylan Efron,Daniella Karagach (Rumer Willis week 9),TV Personality,California,United States,33,34,4th Place,4,2,3,20.0,6.666666666666667,99,0,Ranking
Dylan Efron,Daniella Karagach (Rumer Willis week 9),TV Personality,California,United States,33,34,4th Place,4,3,3,23.0,7.666666666666667,99,0,Ranking
Dylan Efron,Daniella Karagach (Rumer Willis week 9),TV Personality,California,United States,33,34,4th Place,4,4,3,23.0,7.666666666666667,99,0,Ranking
Dylan Efron,Daniella Karagach (Rumer Willis week 9),TV Personality,California,United States,33,34,4th Place,4,5,4,36.0,9.0,99,0,Ranking
Dylan Efron,Daniella Karagach (Rumer Willis week 9),TV Personality,California,United States,33,34,4th Place,4,6,4,32.0,8.0,99,0,Ranking
Dylan Efron,Daniella Karagach (Rumer Willis week 9),TV Personality,California,United States,33,34,4th Place,4,7,4,38.0,9.5,99,0,Ranking
Dylan Efron,Daniella Karagach (Rumer Willis week 9),TV Personality,California,United States,33,34,4th Place,4,8,4,38.0,9.5,99,0,Ranking
Dylan Efron,Daniella Karagach (Rumer Willis week 9),TV Personality,California,United States,33,34,4th Place,4,9,4,42.0,10.5,99,0,Ranking
Dylan Efron,Daniella Karagach (Rumer Willis week 9),TV Personality,California,United States,33,34,4th Place,4,10,3,27.5,9.166666666666666,99,0,Ranking
Dylan Efron,Daniella Karagach (Rumer Willis week 9),TV Personality,California,United States,33,34,4th Place,4,11,3,29.3332,9.777733333333334,99,0,Ranking
Elaine Hendrix,Alan Bersten (Rashad Jennings week 9),Actor/Actress,Georgia,United States,55,34,5th Place,5,1,2,12.0,6.0,99,0,Ranking
Elaine Hendrix,Alan Bersten (Rashad Jennings week 9),Actor/Actress,Georgia,United States,55,34,5th Place,5,2,3,21.0,7.0,99,0,Ranking
Elaine Hendrix,Alan Bersten (Rashad Jennings week 9),Actor/Actress,Georgia,United States,55,34,5th Place,5,3,3,21.0,7.0,99,0,Ranking
Elaine Hendrix,Alan Bersten (Rashad Jennings week 9),Actor/Actress,Georgia,United States,55,34,5th Place,5,4,3,24.0,8.0,99,0,Ranking
Elaine Hendrix,Alan Bersten (Rashad Jennings week 9),Actor/Actress,Georgia,United States,55,34,5th Place,5,5,4,30.0,7.5,99,0,Ranking
Elaine Hendrix,Alan Bersten (Rashad Jennings week 9),Actor/Actress,Georgia,United States,55,34,5th Place,5,6,4,36.0,9.0,99,0,Ranking
Elaine Hendrix,Alan Bersten (Rashad Jennings week 9),Actor/Actress,Georgia,United States,55,34,5th Place,5,7,4,32.0,8.0,99,0,Ranking
Elaine Hendrix,Alan Bersten (Rashad Jennings week 9),Actor/Actress,Georgia,United States,55,34,5th Place,5,8,4,37.5,9.375,99,0,Ranking
Elaine Hendrix,Alan Bersten (Rashad Jennings week 9),Actor/Actress,Georgia,United States,55,34,5th Place,5,9,4,36.0,9.0,99,0,Ranking
Elaine Hendrix,Alan Bersten (Rashad Jennings week 9),Actor/Actress,Georgia,United States,55,34,5th Place,5,10,3,28.5,9.5,99,0,Ranking
Elaine Hendrix,Alan Bersten (Rashad Jennings week 9),Actor/Actress,Georgia,United States,55,34,5th Place,5,11,3,28.9998,9.6666,99,0,Ranking
Eric Roberts,Britt Stewart,Actor/Actress,California,United States,68,33,Eliminated Week 3,10,1,3,15.0,5.0,3,0,Ranking
Eric Roberts,Britt Stewart,Actor/Actress,California,United States,68,33,Eliminated Week 3,10,2,3,15.0,5.0,3,0,Ranking
Eric Roberts,Britt Stewart,Actor/Actress,California,United States,68,33,Eliminated Week 3,10,3,4,23.0,5.75,3,1,Ranking
Eric Roberts,Britt Stewart,Actor/Actress,California,United States,68,33,Eliminated Week 3,10,4,4,0.0,0.0,3,0,Ranking
Eric Roberts,Britt Stewart,Actor/Actress,California,United States,68,33,Eliminated Week 3,10,5,3,0.0,0.0,3,0,Ranking
Eric Roberts,Britt Stewart,Actor/Actress,California,United States,68,33,Eliminated Week 3,10,6,3,0.0,0.0,3,0,Ranking
Eric Roberts,Britt Stewart,Actor/Actress,California,United States,68,33,Eliminated Week 3,10,7,3,0.0,0.0,3,0,Ranking
Eric Roberts,Britt Stewart,Actor/Actress,California,United States,68,33,Eliminated Week 3,10,8,3,0.0,0.0,3,0,Ranking
Eric Roberts,Britt Stewart,Actor/Actress,California,United States,68,33,Eliminated Week 3,10,9,3,0.0,0.0,3,0,Ranking
Evander Holyfield,Edyta Sliwinska,Athlete,Alabama,United States,42,1,Eliminated Week 3,5,1,3,18.0,6.0,3,0,Ranking
Evander Holyfield,Edyta Sliwinska,Athlete,Alabama,United States,42,1,Eliminated Week 3,5,2,3,14.0,4.666666666666667,3,0,Ranking
Evander Holyfield,Edyta Sliwinska,Athlete,Alabama,United States,42,1,Eliminated Week 3,5,3,3,13.0,4.333333333333333,3,1,Ranking
Evander Holyfield,Edyta Sliwinska,Athlete,Alabama,United States,42,1,Eliminated Week 3,5,4,3,0.0,0.0,3,0,Ranking
Evander Holyfield,Edyta Sliwinska,Athlete,Alabama,United States,42,1,Eliminated Week 3,5,5,3,0.0,0.0,3,0,Ranking
Evander Holyfield,Edyta Sliwinska,Athlete,Alabama,United States,42,1,Eliminated Week 3,5,6,3,0.0,0.0,3,0,Ranking
Gabby Windey,Valentin Chmerkovskiy,TV Personality,Illinois,United States,31,31,2nd Place,2,1,4,28.0,7.0,99,0,Ranking
Gabby Windey,Valentin Chmerkovskiy,TV Personality,Illinois,United States,31,31,2nd Place,2,2,4,32.0,8.0,99,0,Ranking
Gabby Windey,Valentin Chmerkovskiy,TV Personality,Illinois,United States,31,31,2nd Place,2,3,4,33.0,8.25,99,0,Ranking
Gabby Windey,Valentin Chmerkovskiy,TV Personality,Illinois,United States,31,31,2nd Place,2,4,4,36.0,9.0,99,0,Ranking
Gabby Windey,Valentin Chmerkovskiy,TV Personality,Illinois,United States,31,31,2nd Place,2,5,4,41.0,10.25,99,0,Ranking
Gabby Windey,Valentin Chmerkovskiy,TV Personality,Illinois,United States,31,31,2nd Place,2,6,4,37.0,9.25,99,0,Ranking
Gabby Windey,Valentin Chmerkovskiy,TV Personality,Illinois,United States,31,31,2nd Place,2,7,4,35.5,8.875,99,0,Ranking
Gabby Windey,Valentin Chmerkovskiy,TV Personality,Illinois,United States,31,31,2nd Place,2,8,4,40.0,10.0,99,0,Ranking
Gabby Windey,Valentin Chmerkovskiy,TV Personality,Illinois,United States,31,31,2nd Place,2,9,4,40.0,10.0,99,0,Ranking
Gabby Windey,Valentin Chmerkovskiy,TV Personality,Illinois,United States,31,31,2nd Place,2,10,4,40.0,10.0,99,0,Ranking
George Hamilton,Edyta Sliwinska,Actor/Actress,Tennessee,United States,66,2,Eliminated Week 6,5,1,3,18.0,6.0,6,0,Ranking
George Hamilton,Edyta Sliwinska,Actor/Actress,Tennessee,United States,66,2,Eliminated Week 6,5,2,3,22.0,7.333333333333333,6,0,Ranking
George Hamilton,Edyta Sliwinska,Actor/Actress,Tennessee,United States,66,2,Eliminated Week 6,5,3,3,22.0,7.333333333333333,6,0,Ranking
George Hamilton,Edyta Sliwinska,Actor/Actress,Tennessee,United States,66,2,Eliminated Week 6,5,4,3,21.0,7.0,6,0,Ranking
George Hamilton,Edyta Sliwinska,Actor/Actress,Tennessee,United States,66,2,Eliminated Week 6,5,5,3,24.0,8.0,6,0,Ranking
George Hamilton,Edyta Sliwinska,Actor/Actress,Tennessee,United States,66,2,Eliminated Week 6,5,6,3,23.0,7.666666666666667,6,1,Ranking
George Hamilton,Edyta Sliwinska,Actor/Actress,Tennessee,United States,66,2,Eliminated Week 6,5,7,3,0.0,0.0,6,0,Ranking
George Hamilton,Edyta Sliwinska,Actor/Actress,Tennessee,United States,66,2,Eliminated Week 6,5,8,3,0.0,0.0,6,0,Ranking
Hannah Brown,Alan Bersten,TV Personality,Alabama,United States,24,28,1st Place,1,1,3,20.0,6.666666666666667,99,0,Ranking
Hannah Brown,Alan Bersten,TV Personality,Alabama,United States,24,28,1st Place,1,2,3,24.0,8.0,99,0,Ranking
Hannah Brown,Alan Bersten,TV Personality,Alabama,United States,24,28,1st Place,1,3,3,21.0,7.0,99,0,Ranking
Hannah Brown,Alan Bersten,TV Personality,Alabama,United States,24,28,1st Place,1,4,4,32.0,8.0,99,0,Ranking
Hannah Brown,Alan Bersten,TV Personality,Alabama,United States,24,28,1st Place,1,5,3,25.0,8.333333333333334,99,0,Ranking
Hannah Brown,Alan Bersten,TV Personality,Alabama,United States,24,28,1st Place,1,6,3,24.0,8.0,99,0,Ranking
Hannah Brown,Alan Bersten,TV Personality,Alabama,United States,24,28,1st Place,1,7,3,26.0,8.666666666666666,99,0,Ranking
Hannah Brown,Alan Bersten,TV Personality,Alabama,United States,24,28,1st Place,1,8,3,30.9998,10.333266666666667,99,0,Ranking
Hannah Brown,Alan Bersten,TV Personality,Alabama,United States,24,28,1st Place,1,9,4,35.5,8.875,99,0,Ranking
Hannah Brown,Alan Bersten,TV Personality,Alabama,United States,24,28,1st Place,1,10,3,27.0,9.0,99,0,Ranking
Hannah Brown,Alan Bersten,TV Personality,Alabama,United States,24,28,1st Place,1,11,3,29.0,9.666666666666666,99,0,Ranking
Heidi D'Amelio,Artem Chigvintsev,Social Media Personality,Louisiana,United States,50,31,Eliminated Week 8,8,1,4,24.0,6.0,8,0,Ranking
Heidi D'Amelio,Artem Chigvintsev,Social Media Personality,Louisiana,United States,50,31,Eliminated Week 8,8,2,4,28.0,7.0,8,0,Ranking
Heidi D'Amelio,Artem Chigvintsev,Social Media Personality,Louisiana,United States,50,31,Eliminated Week 8,8,3,4,32.0,8.0,8,0,Ranking
Heidi D'Amelio,Artem Chigvintsev,Social Media Personality,Louisiana,United States,50,31,Eliminated Week 8,8,4,4,34.0,8.5,8,0,Ranking
Heidi D'Amelio,Artem Chigvintsev,Social Media Personality,Louisiana,United States,50,31,Eliminated Week 8,8,5,4,39.0,9.75,8,0,Ranking
Heidi D'Amelio,Artem Chigvintsev,Social Media Personality,Louisiana,United States,50,31,Eliminated Week 8,8,6,4,36.0,9.0,8,0,Ranking
Heidi D'Amelio,Artem Chigvintsev,Social Media Personality,Louisiana,United States,50,31,Eliminated Week 8,8,7,4,35.0,8.75,8,0,Ranking
Heidi D'Amelio,Artem Chigvintsev,Social Media Personality,Louisiana,United States,50,31,Eliminated Week 8,8,8,4,35.0,8.75,8,1,Ranking
Heidi D'Amelio,Artem Chigvintsev,Social Media Personality,Louisiana,United States,50,31,Eliminated Week 8,8,9,4,0.0,0.0,8,0,Ranking
Heidi D'Amelio,Artem Chigvintsev,Social Media Personality,Louisiana,United States,50,31,Eliminated Week 8,8,10,4,0.0,0.0,8,0,Ranking
Hilaria Baldwin,Gleb Savchenko,Entrepreneur,New York,United States,41,34,Eliminated Week 4,11,1,2,14.0,7.0,4,0,Ranking
Hilaria Baldwin,Gleb Savchenko,Entrepreneur,New York,United States,41,34,Eliminated Week 4,11,2,3,21.0,7.0,4,0,Ranking
Hilaria Baldwin,Gleb Savchenko,Entrepreneur,New York,United States,41,34,Eliminated Week 4,11,3,3,22.0,7.333333333333333,4,0,Ranking
Hilaria Baldwin,Gleb Savchenko,Entrepreneur,New York,United States,41,34,Eliminated Week 4,11,4,3,23.0,7.666666666666667,4,1,Ranking
Hilaria Baldwin,Gleb Savchenko,Entrepreneur,New York,United States,41,34,Eliminated Week 4,11,5,4,0.0,0.0,4,0,Ranking
Hilaria Baldwin,Gleb Savchenko,Entrepreneur,New York,United States,41,34,Eliminated Week 4,11,6,4,0.0,0.0,4,0,Ranking
Hilaria Baldwin,Gleb Savchenko,Entrepreneur,New York,United States,41,34,Eliminated Week 4,11,7,4,0.0,0.0,4,0,Ranking
Hilaria Baldwin,Gleb Savchenko,Entrepreneur,New York,United States,41,34,Eliminated Week 4,11,8,4,0.0,0.0,4,0,Ranking
Hilaria Baldwin,Gleb Savchenko,Entrepreneur,New York,United States,41,34,Eliminated Week 4,11,9,4,0.0,0.0,4,0,Ranking
Hilaria Baldwin,Gleb Savchenko,Entrepreneur,New York,United States,41,34,Eliminated Week 4,11,10,3,0.0,0.0,4,0,Ranking
Hilaria Baldwin,Gleb Savchenko,Entrepreneur,New York,United States,41,34,Eliminated Week 4,11,11,3,0.0,0.0,4,0,Ranking
Ilona Maher,Alan Bersten,Athlete,California,United States,28,33,2nd Place,2,1,3,18.0,6.0,99,0,Ranking
Ilona Maher,Alan Bersten,Athlete,California,United States,28,33,2nd Place,2,2,3,21.0,7.0,99,0,Ranking
Ilona Maher,Alan Bersten,Athlete,California,United States,28,33,2nd Place,2,3,4,28.0,7.0,99,0,Ranking
Ilona Maher,Alan Bersten,Athlete,California,United States,28,33,2nd Place,2,4,4,32.0,8.0,99,0,Ranking
Ilona Maher,Alan Bersten,Athlete,California,United States,28,33,2nd Place,2,5,3,26.0,8.666666666666666,99,0,Ranking
Ilona Maher,Alan Bersten,Athlete,California,United States,28,33,2nd Place,2,6,3,24.0,8.0,99,0,Ranking
Ilona Maher,Alan Bersten,Athlete,California,United States,28,33,2nd Place,2,7,3,26.0,8.666666666666666,99,0,Ranking
Ilona Maher,Alan Bersten,Athlete,California,United States,28,33,2nd Place,2,8,3,28.5,9.5,99,0,Ranking
Ilona Maher,Alan Bersten,Athlete,California,United States,28,33,2nd Place,2,9,3,28.5,9.5,99,0,Ranking
Iman Shumpert,Daniella Karagach,Athlete,Illinois,United States,31,30,1st Place,1,1,4,21.0,5.25,99,0,Ranking
Iman Shumpert,Daniella Karagach,Athlete,Illinois,United States,31,30,1st Place,1,2,4,25.0,6.25,99,0,Ranking
Iman Shumpert,Daniella Karagach,Athlete,Illinois,United States,31,30,1st Place,1,3,3,19.0,6.333333333333333,99,0,Ranking
Iman Shumpert,Daniella Karagach,Athlete,Illinois,United States,31,30,1st Place,1,4,4,31.5,7.875,99,0,Ranking
Iman Shumpert,Daniella Karagach,Athlete,Illinois,United States,31,30,1st Place,1,5,4,28.0,7.0,99,0,Ranking
Iman Shumpert,Daniella Karagach,Athlete,Illinois,United States,31,30,1st Place,1,6,4,40.0,10.0,99,0,Ranking
Iman Shumpert,Daniella Karagach,Athlete,Illinois,United States,31,30,1st Place,1,7,4,34.0,8.5,99,0,Ranking
Iman Shumpert,Daniella Karagach,Athlete,Illinois,United States,31,30,1st Place,1,8,4,35.0,8.75,99,0,Ranking
Iman Shumpert,Daniella Karagach,Athlete,Illinois,United States,31,30,1st Place,1,9,4,37.5,9.375,99,0,Ranking
Iman Shumpert,Daniella Karagach,Athlete,Illinois,United States,31,30,1st Place,1,10,4,40.0,10.0,99,0,Ranking
James Van Der Beek,Emma Slater,Actor/Actress,Connecticut,United States,42,28,Eliminated Week 10,5,1,3,21.0,7.0,10,0,Ranking
James Van Der Beek,Emma Slater,Actor/Actress,Connecticut,United States,42,28,Eliminated Week 10,5,2,3,20.0,6.666666666666667,10,0,Ranking
James Van Der Beek,Emma Slater,Actor/Actress,Connecticut,United States,42,28,Eliminated Week 10,5,3,3,23.0,7.666666666666667,10,0,Ranking
James Van Der Beek,Emma Slater,Actor/Actress,Connecticut,United States,42,28,Eliminated Week 10,5,4,4,28.0,7.0,10,0,Ranking
James Van Der Beek,Emma Slater,Actor/Actress,Connecticut,United States,42,28,Eliminated Week 10,5,5,3,26.0,8.666666666666666,10,0,Ranking
James Van Der Beek,Emma Slater,Actor/Actress,Connecticut,United States,42,28,Eliminated Week 10,5,6,3,27.0,9.0,10,0,Ranking
James Van Der Beek,Emma Slater,Actor/Actress,Connecticut,United States,42,28,Eliminated Week 10,5,7,3,27.0,9.0,10,0,Ranking
James Van Der Beek,Emma Slater,Actor/Actress,Connecticut,United States,42,28,Eliminated Week 10,5,8,3,31.9998,10.6666,10,0,Ranking
James Van Der Beek,Emma Slater,Actor/Actress,Connecticut,United States,42,28,Eliminated Week 10,5,9,4,36.0,9.0,10,0,Ranking
James Van Der Beek,Emma Slater,Actor/Actress,Connecticut,United States,42,28,Eliminated Week 10,5,10,3,25.5,8.5,10,1,Ranking
James Van Der Beek,Emma Slater,Actor/Actress,Connecticut,United States,42,28,Eliminated Week 10,5,11,3,0.0,0.0,10,0,Ranking
Jamie Lynn Spears,Alan Bersten,Actor/Actress,Mississippi,United States,32,32,Eliminated Week 2,13,1,3,15.0,5.0,2,0,Ranking
Jamie Lynn Spears,Alan Bersten,Actor/Actress,Mississippi,United States,32,32,Eliminated Week 2,13,2,3,16.0,5.333333333333333,2,1,Ranking
Jamie Lynn Spears,Alan Bersten,Actor/Actress,Mississippi,United States,32,32,Eliminated Week 2,13,3,4,0.0,0.0,2,0,Ranking
Jamie Lynn Spears,Alan Bersten,Actor/Actress,Mississippi,United States,32,32,Eliminated Week 2,13,4,3,0.0,0.0,2,0,Ranking
Jamie Lynn Spears,Alan Bersten,Actor/Actress,Mississippi,United States,32,32,Eliminated Week 2,13,5,3,0.0,0.0,2,0,Ranking
Jamie Lynn Spears,Alan Bersten,Actor/Actress,Mississippi,United States,32,32,Eliminated Week 2,13,6,4,0.0,0.0,2,0,Ranking
Jamie Lynn Spears,Alan Bersten,Actor/Actress,Mississippi,United States,32,32,Eliminated Week 2,13,7,4,0.0,0.0,2,0,Ranking
Jamie Lynn Spears,Alan Bersten,Actor/Actress,Mississippi,United States,32,32,Eliminated Week 2,13,8,4,0.0,0.0,2,0,Ranking
Jamie Lynn Spears,Alan Bersten,Actor/Actress,Mississippi,United States,32,32,Eliminated Week 2,13,9,4,0.0,0.0,2,0,Ranking
Jamie Lynn Spears,Alan Bersten,Actor/Actress,Mississippi,United States,32,32,Eliminated Week 2,13,10,3,0.0,0.0,2,0,Ranking
Jamie Lynn Spears,Alan Bersten,Actor/Actress,Mississippi,United States,32,32,Eliminated Week 2,13,11,3,0.0,0.0,2,0,Ranking
Jason Lewis,Peta Murgatroyd,Actor/Actress,California,United States,51,31,Eliminated Week 1,16,1,4,18.0,4.5,1,1,Ranking
Jason Lewis,Peta Murgatroyd,Actor/Actress,California,United States,51,31,Eliminated Week 1,16,2,4,0.0,0.0,1,0,Ranking
Jason Lewis,Peta Murgatroyd,Actor/Actress,California,United States,51,31,Eliminated Week 1,16,3,4,0.0,0.0,1,0,Ranking
Jason Lewis,Peta Murgatroyd,Actor/Actress,California,United States,51,31,Eliminated Week 1,16,4,4,0.0,0.0,1,0,Ranking
Jason Lewis,Peta Murgatroyd,Actor/Actress,California,United States,51,31,Eliminated Week 1,16,5,4,0.0,0.0,1,0,Ranking
Jason Lewis,Peta Murgatroyd,Actor/Actress,California,United States,51,31,Eliminated Week 1,16,6,4,0.0,0.0,1,0,Ranking
Jason Lewis,Peta Murgatroyd,Actor/Actress,California,United States,51,31,Eliminated Week 1,16,7,4,0.0,0.0,1,0,Ranking
Jason Lewis,Peta Murgatroyd,Actor/Actress,California,United States,51,31,Eliminated Week 1,16,8,4,0.0,0.0,1,0,Ranking
Jason Lewis,Peta Murgatroyd,Actor/Actress,California,United States,51,31,Eliminated Week 1,16,9,4,0.0,0.0,1,0,Ranking
Jason Lewis,Peta Murgatroyd,Actor/Actress,California,United States,51,31,Eliminated Week 1,16,10,4,0.0,0.0,1,0,Ranking
Jason Mraz,Daniella Karagach,Singer/Rapper,Virginia,United States,46,32,2nd Place,2,1,3,21.0,7.0,99,0,Ranking
Jason Mraz,Daniella Karagach,Singer/Rapper,Virginia,United States,46,32,2nd Place,2,2,3,24.0,8.0,99,0,Ranking
Jason Mraz,Daniella Karagach,Singer/Rapper,Virginia,United States,46,32,2nd Place,2,3,4,34.0,8.5,99,0,Ranking
Jason Mraz,Daniella Karagach,Singer/Rapper,Virginia,United States,46,32,2nd Place,2,4,3,24.0,8.0,99,0,Ranking
Jason Mraz,Daniella Karagach,Singer/Rapper,Virginia,United States,46,32,2nd Place,2,5,3,27.0,9.0,99,0,Ranking
Jason Mraz,Daniella Karagach,Singer/Rapper,Virginia,United States,46,32,2nd Place,2,6,4,39.0,9.75,99,0,Ranking
Jason Mraz,Daniella Karagach,Singer/Rapper,Virginia,United States,46,32,2nd Place,2,7,4,36.0,9.0,99,0,Ranking
Jason Mraz,Daniella Karagach,Singer/Rapper,Virginia,United States,46,32,2nd Place,2,8,4,33.0,8.25,99,0,Ranking
Jason Mraz,Daniella Karagach,Singer/Rapper,Virginia,United States,46,32,2nd Place,2,9,4,43.0,10.75,99,0,Ranking
Jason Mraz,Daniella Karagach,Singer/Rapper,Virginia,United States,46,32,2nd Place,2,10,3,28.5,9.5,99,0,Ranking
Jason Mraz,Daniella Karagach,Singer/Rapper,Virginia,United States,46,32,2nd Place,2,11,3,30.0,10.0,99,0,Ranking
Jeannie Mai,Brandon Armstrong,TV Personality,California,United States,41,29,Withdrew,9,1,3,18.0,6.0,99,0,Ranking
Jeannie Mai,Brandon Armstrong,TV Personality,California,United States,41,29,Withdrew,9,2,3,18.0,6.0,99,0,Ranking
Jeannie Mai,Brandon Armstrong,TV Personality,California,United States,41,29,Withdrew,9,3,3,22.0,7.333333333333333,99,0,Ranking
Jeannie Mai,Brandon Armstrong,TV Personality,California,United States,41,29,Withdrew,9,4,3,21.0,7.0,99,0,Ranking
Jeannie Mai,Brandon Armstrong,TV Personality,California,United States,41,29,Withdrew,9,5,3,24.0,8.0,99,0,Ranking
Jeannie Mai,Brandon Armstrong,TV Personality,California,United States,41,29,Withdrew,9,6,3,25.0,8.333333333333334,99,0,Ranking
Jeannie Mai,Brandon Armstrong,TV Personality,California,United States,41,29,Withdrew,9,7,3,25.0,8.333333333333334,99,0,Ranking
Jeannie Mai,Brandon Armstrong,TV Personality,California,United States,41,29,Withdrew,9,8,3,0.0,0.0,99,0,Ranking
Jeannie Mai,Brandon Armstrong,TV Personality,California,United States,41,29,Withdrew,9,9,3,0.0,0.0,99,0,Ranking
Jeannie Mai,Brandon Armstrong,TV Personality,California,United States,41,29,Withdrew,9,10,3,0.0,0.0,99,0,Ranking
Jeannie Mai,Brandon Armstrong,TV Personality,California,United States,41,29,Withdrew,9,11,3,0.0,0.0,99,0,Ranking
Jen Affleck,Jan Ravnik,TV Personality,Utah,United States,26,34,Eliminated Week 7,9,1,2,12.0,6.0,7,0,Ranking
Jen Affleck,Jan Ravnik,TV Personality,Utah,United States,26,34,Eliminated Week 7,9,2,3,22.0,7.333333333333333,7,0,Ranking
Jen Affleck,Jan Ravnik,TV Personality,Utah,United States,26,34,Eliminated Week 7,9,3,3,19.0,6.333333333333333,7,0,Ranking
Jen Affleck,Jan Ravnik,TV Personality,Utah,United States,26,34,Eliminated Week 7,9,4,3,23.0,7.666666666666667,7,0,Ranking
Jen Affleck,Jan Ravnik,TV Personality,Utah,United States,26,34,Eliminated Week 7,9,5,4,29.0,7.25,7,0,Ranking
Jen Affleck,Jan Ravnik,TV Personality,Utah,United States,26,34,Eliminated Week 7,9,6,4,32.0,8.0,7,0,Ranking
Jen Affleck,Jan Ravnik,TV Personality,Utah,United States,26,34,Eliminated Week 7,9,7,4,34.0,8.5,7,1,Ranking
Jen Affleck,Jan Ravnik,TV Personality,Utah,United States,26,34,Eliminated Week 7,9,8,4,0.0,0.0,7,0,Ranking
Jen Affleck,Jan Ravnik,TV Personality,Utah,United States,26,34,Eliminated Week 7,9,9,4,0.0,0.0,7,0,Ranking
Jen Affleck,Jan Ravnik,TV Personality,Utah,United States,26,34,Eliminated Week 7,9,10,3,0.0,0.0,7,0,Ranking
Jen Affleck,Jan Ravnik,TV Personality,Utah,United States,26,34,Eliminated Week 7,9,11,3,0.0,0.0,7,0,Ranking
Jenn Tran,Sasha Farber,TV Personality,Florida,United States,26,33,Eliminated Week 6,7,1,3,19.0,6.333333333333333,6,0,Ranking
Jenn Tran,Sasha Farber,TV Personality,Florida,United States,26,33,Eliminated Week 6,7,2,3,19.0,6.333333333333333,6,0,Ranking
Jenn Tran,Sasha Farber,TV Personality,Florida,United States,26,33,Eliminated Week 6,7,3,4,31.0,7.75,6,0,Ranking
Jenn Tran,Sasha Farber,TV Personality,Florida,United States,26,33,Eliminated Week 6,7,4,4,32.0,8.0,6,0,Ranking
Jenn Tran,Sasha Farber,TV Personality,Florida,United States,26,33,Eliminated Week 6,7,5,3,25.5,8.5,6,0,Ranking
Jenn Tran,Sasha Farber,TV Personality,Florida,United States,26,33,Eliminated Week 6,7,6,3,31.0,10.333333333333334,6,1,Ranking
Jenn Tran,Sasha Farber,TV Personality,Florida,United States,26,33,Eliminated Week 6,7,7,3,0.0,0.0,6,0,Ranking
Jenn Tran,Sasha Farber,TV Personality,Florida,United States,26,33,Eliminated Week 6,7,8,3,0.0,0.0,6,0,Ranking
Jenn Tran,Sasha Farber,TV Personality,Florida,United States,26,33,Eliminated Week 6,7,9,3,0.0,0.0,6,0,Ranking
Jerry Rice,Anna Trebunskaya,Athlete,Mississippi,United States,43,2,2nd Place,2,1,3,21.0,7.0,99,0,Ranking
Jerry Rice,Anna Trebunskaya,Athlete,Mississippi,United States,43,2,2nd Place,2,2,3,23.0,7.666666666666667,99,0,Ranking
Jerry Rice,Anna Trebunskaya,Athlete,Mississippi,United States,43,2,2nd Place,2,3,3,19.0,6.333333333333333,99,0,Ranking
Jerry Rice,Anna Trebunskaya,Athlete,Mississippi,United States,43,2,2nd Place,2,4,3,24.0,8.0,99,0,Ranking
Jerry Rice,Anna Trebunskaya,Athlete,Mississippi,United States,43,2,2nd Place,2,5,3,23.0,7.666666666666667,99,0,Ranking
Jerry Rice,Anna Trebunskaya,Athlete,Mississippi,United States,43,2,2nd Place,2,6,3,23.0,7.666666666666667,99,0,Ranking
Jerry Rice,Anna Trebunskaya,Athlete,Mississippi,United States,43,2,2nd Place,2,7,3,20.5,6.833333333333333,99,0,Ranking
Jerry Rice,Anna Trebunskaya,Athlete,Mississippi,United States,43,2,2nd Place,2,8,3,26.666600000000003,8.888866666666667,99,0,Ranking
Jesse Metcalfe,Sharna Burgess,Actor/Actress,California,United States,41,29,Eliminated Week 5,12,1,3,18.0,6.0,5,0,Ranking
Jesse Metcalfe,Sharna Burgess,Actor/Actress,California,United States,41,29,Eliminated Week 5,12,2,3,20.0,6.666666666666667,5,0,Ranking
Jesse Metcalfe,Sharna Burgess,Actor/Actress,California,United States,41,29,Eliminated Week 5,12,3,3,20.0,6.666666666666667,5,0,Ranking
Jesse Metcalfe,Sharna Burgess,Actor/Actress,California,United States,41,29,Eliminated Week 5,12,4,3,21.0,7.0,5,0,Ranking
Jesse Metcalfe,Sharna Burgess,Actor/Actress,California,United States,41,29,Eliminated Week 5,12,5,3,19.0,6.333333333333333,5,1,Ranking
Jesse Metcalfe,Sharna Burgess,Actor/Actress,California,United States,41,29,Eliminated Week 5,12,6,3,0.0,0.0,5,0,Ranking
Jesse Metcalfe,Sharna Burgess,Actor/Actress,California,United States,41,29,Eliminated Week 5,12,7,3,0.0,0.0,5,0,Ranking
Jesse Metcalfe,Sharna Burgess,Actor/Actress,California,United States,41,29,Eliminated Week 5,12,8,3,0.0,0.0,5,0,Ranking
Jesse Metcalfe,Sharna Burgess,Actor/Actress,California,United States,41,29,Eliminated Week 5,12,9,3,0.0,0.0,5,0,Ranking
Jesse Metcalfe,Sharna Burgess,Actor/Actress,California,United States,41,29,Eliminated Week 5,12,10,3,0.0,0.0,5,0,Ranking
Jesse Metcalfe,Sharna Burgess,Actor/Actress,California,United States,41,29,Eliminated Week 5,12,11,3,0.0,0.0,5,0,Ranking
Jimmie Allen,Emma Slater,Singer/Rapper,Delaware,United States,36,30,Eliminated Week 8,7,1,4,22.0,5.5,8,0,Ranking
Jimmie Allen,Emma Slater,Singer/Rapper,Delaware,United States,36,30,Eliminated Week 8,7,2,4,27.0,6.75,8,0,Ranking
Jimmie Allen,Emma Slater,Singer/Rapper,Delaware,United States,36,30,Eliminated Week 8,7,3,3,20.0,6.666666666666667,8,0,Ranking
Jimmie Allen,Emma Slater,Singer/Rapper,Delaware,United States,36,30,Eliminated Week 8,7,4,4,32.5,8.125,8,0,Ranking
Jimmie Allen,Emma Slater,Singer/Rapper,Delaware,United States,36,30,Eliminated Week 8,7,5,4,34.0,8.5,8,0,Ranking
Jimmie Allen,Emma Slater,Singer/Rapper,Delaware,United States,36,30,Eliminated Week 8,7,6,4,38.0,9.5,8,0,Ranking
Jimmie Allen,Emma Slater,Singer/Rapper,Delaware,United States,36,30,Eliminated Week 8,7,7,4,38.0,9.5,8,0,Ranking
Jimmie Allen,Emma Slater,Singer/Rapper,Delaware,United States,36,30,Eliminated Week 8,7,8,4,32.0,8.0,8,1,Ranking
Jimmie Allen,Emma Slater,Singer/Rapper,Delaware,United States,36,30,Eliminated Week 8,7,9,4,0.0,0.0,8,0,Ranking
Jimmie Allen,Emma Slater,Singer/Rapper,Delaware,United States,36,30,Eliminated Week 8,7,10,4,0.0,0.0,8,0,Ranking
JoJo Siwa,Jenna Johnson,Social Media Personality,Nebraska,United States,18,30,2nd Place,2,1,4,29.0,7.25,99,0,Ranking
JoJo Siwa,Jenna Johnson,Social Media Personality,Nebraska,United States,18,30,2nd Place,2,2,4,31.0,7.75,99,0,Ranking
JoJo Siwa,Jenna Johnson,Social Media Personality,Nebraska,United States,18,30,2nd Place,2,3,3,24.0,8.0,99,0,Ranking
JoJo Siwa,Jenna Johnson,Social Media Personality,Nebraska,United States,18,30,2nd Place,2,4,4,35.0,8.75,99,0,Ranking
JoJo Siwa,Jenna Johnson,Social Media Personality,Nebraska,United States,18,30,2nd Place,2,5,4,40.0,10.0,99,0,Ranking
JoJo Siwa,Jenna Johnson,Social Media Personality,Nebraska,United States,18,30,2nd Place,2,6,4,40.0,10.0,99,0,Ranking
JoJo Siwa,Jenna Johnson,Social Media Personality,Nebraska,United States,18,30,2nd Place,2,7,4,39.0,9.75,99,0,Ranking
JoJo Siwa,Jenna Johnson,Social Media Personality,Nebraska,United States,18,30,2nd Place,2,8,4,41.0,10.25,99,0,Ranking
JoJo Siwa,Jenna Johnson,Social Media Personality,Nebraska,United States,18,30,2nd Place,2,9,4,40.0,10.0,99,0,Ranking
JoJo Siwa,Jenna Johnson,Social Media Personality,Nebraska,United States,18,30,2nd Place,2,10,4,40.0,10.0,99,0,Ranking
Joey Graziadei,Jenna Johnson,TV Personality,Louisiana,United States,29,33,1st Place,1,1,3,21.0,7.0,99,0,Ranking
Joey Graziadei,Jenna Johnson,TV Personality,Louisiana,United States,29,33,1st Place,1,2,3,22.0,7.333333333333333,99,0,Ranking
Joey Graziadei,Jenna Johnson,TV Personality,Louisiana,United States,29,33,1st Place,1,3,4,35.0,8.75,99,0,Ranking
Joey Graziadei,Jenna Johnson,TV Personality,Louisiana,United States,29,33,1st Place,1,4,4,36.0,9.0,99,0,Ranking
Joey Graziadei,Jenna Johnson,TV Personality,Louisiana,United States,29,33,1st Place,1,5,3,26.0,8.666666666666666,99,0,Ranking
Joey Graziadei,Jenna Johnson,TV Personality,Louisiana,United States,29,33,1st Place,1,6,3,32.0,10.666666666666666,99,0,Ranking
Joey Graziadei,Jenna Johnson,TV Personality,Louisiana,United States,29,33,1st Place,1,7,3,27.5,9.166666666666666,99,0,Ranking
Joey Graziadei,Jenna Johnson,TV Personality,Louisiana,United States,29,33,1st Place,1,8,3,29.0,9.666666666666666,99,0,Ranking
Joey Graziadei,Jenna Johnson,TV Personality,Louisiana,United States,29,33,1st Place,1,9,3,29.5,9.833333333333334,99,0,Ranking
Joey McIntyre,Ashly DelGrosso,Singer/Rapper,Massachusetts,United States,32,1,3rd Place,3,1,3,20.0,6.666666666666667,99,0,Ranking
Joey McIntyre,Ashly DelGrosso,Singer/Rapper,Massachusetts,United States,32,1,3rd Place,3,2,3,21.0,7.0,99,0,Ranking
Joey McIntyre,Ashly DelGrosso,Singer/Rapper,Massachusetts,United States,32,1,3rd Place,3,3,3,22.0,7.333333333333333,99,0,Ranking
Joey McIntyre,Ashly DelGrosso,Singer/Rapper,Massachusetts,United States,32,1,3rd Place,3,4,3,20.0,6.666666666666667,99,0,Ranking
Joey McIntyre,Ashly DelGrosso,Singer/Rapper,Massachusetts,United States,32,1,3rd Place,3,5,3,22.5,7.5,99,0,Ranking
Joey McIntyre,Ashly DelGrosso,Singer/Rapper,Massachusetts,United States,32,1,3rd Place,3,6,3,0.0,0.0,99,0,Ranking
John O'Hurley,Charlotte Jorgensen,Actor/Actress,Maine,United States,50,1,2nd Place,2,1,3,20.0,6.666666666666667,99,0,Ranking
John O'Hurley,Charlotte Jorgensen,Actor/Actress,Maine,United States,50,1,2nd Place,2,2,3,26.0,8.666666666666666,99,0,Ranking
John O'Hurley,Charlotte Jorgensen,Actor/Actress,Maine,United States,50,1,2nd Place,2,3,3,24.0,8.0,99,0,Ranking
John O'Hurley,Charlotte Jorgensen,Actor/Actress,Maine,United States,50,1,2nd Place,2,4,3,21.0,7.0,99,0,Ranking
John O'Hurley,Charlotte Jorgensen,Actor/Actress,Maine,United States,50,1,2nd Place,2,5,3,27.0,9.0,99,0,Ranking
John O'Hurley,Charlotte Jorgensen,Actor/Actress,Maine,United States,50,1,2nd Place,2,6,3,27.0,9.0,99,0,Ranking
Johnny Weir,Britt Stewart,Athlete,Pennsylvania,United States,36,29,Eliminated Week 10,6,1,3,18.0,6.0,10,0,Ranking
Johnny Weir,Britt Stewart,Athlete,Pennsylvania,United States,36,29,Eliminated Week 10,6,2,3,18.0,6.0,10,0,Ranking
Johnny Weir,Britt Stewart,Athlete,Pennsylvania,United States,36,29,Eliminated Week 10,6,3,3,24.0,8.0,10,0,Ranking
Johnny Weir,Britt Stewart,Athlete,Pennsylvania,United States,36,29,Eliminated Week 10,6,4,3,24.0,8.0,10,0,Ranking
Johnny Weir,Britt Stewart,Athlete,Pennsylvania,United States,36,29,Eliminated Week 10,6,5,3,29.0,9.666666666666666,10,0,Ranking
Johnny Weir,Britt Stewart,Athlete,Pennsylvania,United States,36,29,Eliminated Week 10,6,6,3,22.0,7.333333333333333,10,0,Ranking
Johnny Weir,Britt Stewart,Athlete,Pennsylvania,United States,36,29,Eliminated Week 10,6,7,3,27.0,9.0,10,0,Ranking
Johnny Weir,Britt Stewart,Athlete,Pennsylvania,United States,36,29,Eliminated Week 10,6,8,3,30.0,10.0,10,0,Ranking
Johnny Weir,Britt Stewart,Athlete,Pennsylvania,United States,36,29,Eliminated Week 10,6,9,3,30.0,10.0,10,0,Ranking
Johnny Weir,Britt Stewart,Athlete,Pennsylvania,United States,36,29,Eliminated Week 10,6,10,3,28.5,9.5,10,1,Ranking
Johnny Weir,Britt Stewart,Athlete,Pennsylvania,United States,36,29,Eliminated Week 10,6,11,3,0.0,0.0,10,0,Ranking
Jordan Chiles,Ezra Sosa (Apolo Anton Ohno week 9),Athlete,Texas,United States,24,34,3rd Place,3,1,2,10.0,5.0,99,0,Ranking
Jordan Chiles,Ezra Sosa (Apolo Anton Ohno week 9),Athlete,Texas,United States,24,34,3rd Place,3,2,3,22.0,7.333333333333333,99,0,Ranking
Jordan Chiles,Ezra Sosa (Apolo Anton Ohno week 9),Athlete,Texas,United States,24,34,3rd Place,3,3,3,24.0,8.0,99,0,Ranking
Jordan Chiles,Ezra Sosa (Apolo Anton Ohno week 9),Athlete,Texas,United States,24,34,3rd Place,3,4,3,24.0,8.0,99,0,Ranking
Jordan Chiles,Ezra Sosa (Apolo Anton Ohno week 9),Athlete,Texas,United States,24,34,3rd Place,3,5,4,32.0,8.0,99,0,Ranking
Jordan Chiles,Ezra Sosa (Apolo Anton Ohno week 9),Athlete,Texas,United States,24,34,3rd Place,3,6,4,39.0,9.75,99,0,Ranking
Jordan Chiles,Ezra Sosa (Apolo Anton Ohno week 9),Athlete,Texas,United States,24,34,3rd Place,3,7,4,38.0,9.5,99,0,Ranking
Jordan Chiles,Ezra Sosa (Apolo Anton Ohno week 9),Athlete,Texas,United States,24,34,3rd Place,3,8,4,39.0,9.75,99,0,Ranking
Jordan Chiles,Ezra Sosa (Apolo Anton Ohno week 9),Athlete,Texas,United States,24,34,3rd Place,3,9,4,39.0,9.75,99,0,Ranking
Jordan Chiles,Ezra Sosa (Apolo Anton Ohno week 9),Athlete,Texas,United States,24,34,3rd Place,3,10,3,28.5,9.5,99,0,Ranking
Jordan Chiles,Ezra Sosa (Apolo Anton Ohno week 9),Athlete,Texas,United States,24,34,3rd Place,3,11,3,29.666600000000003,9.888866666666667,99,0,Ranking
Jordin Sparks,Brandon Armstrong,Singer/Rapper,Arizona,United States,32,31,Eliminated Week 7,9,1,4,26.0,6.5,7,0,Ranking
Jordin Sparks,Brandon Armstrong,Singer/Rapper,Arizona,United States,32,31,Eliminated Week 7,9,2,4,27.0,6.75,7,0,Ranking
Jordin Sparks,Brandon Armstrong,Singer/Rapper,Arizona,United States,32,31,Eliminated Week 7,9,3,4,29.0,7.25,7,0,Ranking
Jordin Sparks,Brandon Armstrong,Singer/Rapper,Arizona,United States,32,31,Eliminated Week 7,9,4,4,34.0,8.5,7,0,Ranking
Jordin Sparks,Brandon Armstrong,Singer/Rapper,Arizona,United States,32,31,Eliminated Week 7,9,5,4,35.5,8.875,7,0,Ranking
Jordin Sparks,Brandon Armstrong,Singer/Rapper,Arizona,United States,32,31,Eliminated Week 7,9,6,4,34.0,8.5,7,0,Ranking
Jordin Sparks,Brandon Armstrong,Singer/Rapper,Arizona,United States,32,31,Eliminated Week 7,9,7,4,34.5,8.625,7,1,Ranking
Jordin Sparks,Brandon Armstrong,Singer/Rapper,Arizona,United States,32,31,Eliminated Week 7,9,8,4,0.0,0.0,7,0,Ranking
Jordin Sparks,Brandon Armstrong,Singer/Rapper,Arizona,United States,32,31,Eliminated Week 7,9,9,4,0.0,0.0,7,0,Ranking
Jordin Sparks,Brandon Armstrong,Singer/Rapper,Arizona,United States,32,31,Eliminated Week 7,9,10,4,0.0,0.0,7,0,Ranking
Joseph Baena,Daniella Karagach,Actor/Actress,California,United States,24,31,Eliminated Week 5,11,1,4,23.0,5.75,5,0,Ranking
Joseph Baena,Daniella Karagach,Actor/Actress,California,United States,24,31,Eliminated Week 5,11,2,4,24.0,6.0,5,0,Ranking
Joseph Baena,Daniella Karagach,Actor/Actress,California,United States,24,31,Eliminated Week 5,11,3,4,29.0,7.25,5,0,Ranking
Joseph Baena,Daniella Karagach,Actor/Actress,California,United States,24,31,Eliminated Week 5,11,4,4,28.0,7.0,5,0,Ranking
Joseph Baena,Daniella Karagach,Actor/Actress,California,United States,24,31,Eliminated Week 5,11,5,4,35.0,8.75,5,1,Ranking
Joseph Baena,Daniella Karagach,Actor/Actress,California,United States,24,31,Eliminated Week 5,11,6,4,0.0,0.0,5,0,Ranking
Joseph Baena,Daniella Karagach,Actor/Actress,California,United States,24,31,Eliminated Week 5,11,7,4,0.0,0.0,5,0,Ranking
Joseph Baena,Daniella Karagach,Actor/Actress,California,United States,24,31,Eliminated Week 5,11,8,4,0.0,0.0,5,0,Ranking
Joseph Baena,Daniella Karagach,Actor/Actress,California,United States,24,31,Eliminated Week 5,11,9,4,0.0,0.0,5,0,Ranking
Joseph Baena,Daniella Karagach,Actor/Actress,California,United States,24,31,Eliminated Week 5,11,10,4,0.0,0.0,5,0,Ranking
Justina Machado,Sasha Farber,Actor/Actress,Illinois,United States,48,29,4th Place,4,1,3,21.0,7.0,99,0,Ranking
Justina Machado,Sasha Farber,Actor/Actress,Illinois,United States,48,29,4th Place,4,2,3,21.0,7.0,99,0,Ranking
Justina Machado,Sasha Farber,Actor/Actress,Illinois,United States,48,29,4th Place,4,3,3,19.0,6.333333333333333,99,0,Ranking
Justina Machado,Sasha Farber,Actor/Actress,Illinois,United States,48,29,4th Place,4,4,3,24.0,8.0,99,0,Ranking
Justina Machado,Sasha Farber,Actor/Actress,Illinois,United States,48,29,4th Place,4,5,3,24.0,8.0,99,0,Ranking
Justina Machado,Sasha Farber,Actor/Actress,Illinois,United States,48,29,4th Place,4,6,3,27.0,9.0,99,0,Ranking
Justina Machado,Sasha Farber,Actor/Actress,Illinois,United States,48,29,4th Place,4,7,3,26.0,8.666666666666666,99,0,Ranking
Justina Machado,Sasha Farber,Actor/Actress,Illinois,United States,48,29,4th Place,4,8,3,28.9998,9.6666,99,0,Ranking
Justina Machado,Sasha Farber,Actor/Actress,Illinois,United States,48,29,4th Place,4,9,3,25.9998,8.6666,99,0,Ranking
Justina Machado,Sasha Farber,Actor/Actress,Illinois,United States,48,29,4th Place,4,10,3,29.0,9.666666666666666,99,0,Ranking
Justina Machado,Sasha Farber,Actor/Actress,Illinois,United States,48,29,4th Place,4,11,3,30.0,10.0,99,0,Ranking
Karamo Brown,Jenna Johnson,TV Personality,Texas,United States,38,28,Eliminated Week 7,8,1,3,17.0,5.666666666666667,7,0,Ranking
Karamo Brown,Jenna Johnson,TV Personality,Texas,United States,38,28,Eliminated Week 7,8,2,3,19.0,6.333333333333333,7,0,Ranking
Karamo Brown,Jenna Johnson,TV Personality,Texas,United States,38,28,Eliminated Week 7,8,3,3,16.0,5.333333333333333,7,0,Ranking
Karamo Brown,Jenna Johnson,TV Personality,Texas,United States,38,28,Eliminated Week 7,8,4,4,28.0,7.0,7,0,Ranking
Karamo Brown,Jenna Johnson,TV Personality,Texas,United States,38,28,Eliminated Week 7,8,5,3,21.0,7.0,7,0,Ranking
Karamo Brown,Jenna Johnson,TV Personality,Texas,United States,38,28,Eliminated Week 7,8,6,3,25.0,8.333333333333334,7,0,Ranking
Karamo Brown,Jenna Johnson,TV Personality,Texas,United States,38,28,Eliminated Week 7,8,7,3,24.5,8.166666666666666,7,1,Ranking
Karamo Brown,Jenna Johnson,TV Personality,Texas,United States,38,28,Eliminated Week 7,8,8,3,0.0,0.0,7,0,Ranking
Karamo Brown,Jenna Johnson,TV Personality,Texas,United States,38,28,Eliminated Week 7,8,9,4,0.0,0.0,7,0,Ranking
Karamo Brown,Jenna Johnson,TV Personality,Texas,United States,38,28,Eliminated Week 7,8,10,3,0.0,0.0,7,0,Ranking
Karamo Brown,Jenna Johnson,TV Personality,Texas,United States,38,28,Eliminated Week 7,8,11,3,0.0,0.0,7,0,Ranking
Kate Flannery,Pasha Pashkov,Actor/Actress,Pennsylvania,United States,55,28,Eliminated Week 8,7,1,3,15.0,5.0,8,0,Ranking
Kate Flannery,Pasha Pashkov,Actor/Actress,Pennsylvania,United States,55,28,Eliminated Week 8,7,2,3,21.0,7.0,8,0,Ranking
Kate Flannery,Pasha Pashkov,Actor/Actress,Pennsylvania,United States,55,28,Eliminated Week 8,7,3,3,24.0,8.0,8,0,Ranking
Kate Flannery,Pasha Pashkov,Actor/Actress,Pennsylvania,United States,55,28,Eliminated Week 8,7,4,4,26.0,6.5,8,0,Ranking
Kate Flannery,Pasha Pashkov,Actor/Actress,Pennsylvania,United States,55,28,Eliminated Week 8,7,5,3,24.0,8.0,8,0,Ranking
Kate Flannery,Pasha Pashkov,Actor/Actress,Pennsylvania,United States,55,28,Eliminated Week 8,7,6,3,27.0,9.0,8,0,Ranking
Kate Flannery,Pasha Pashkov,Actor/Actress,Pennsylvania,United States,55,28,Eliminated Week 8,7,7,3,24.0,8.0,8,0,Ranking
Kate Flannery,Pasha Pashkov,Actor/Actress,Pennsylvania,United States,55,28,Eliminated Week 8,7,8,3,25.9998,8.6666,8,1,Ranking
Kate Flannery,Pasha Pashkov,Actor/Actress,Pennsylvania,United States,55,28,Eliminated Week 8,7,9,4,0.0,0.0,8,0,Ranking
Kate Flannery,Pasha Pashkov,Actor/Actress,Pennsylvania,United States,55,28,Eliminated Week 8,7,10,3,0.0,0.0,8,0,Ranking
Kate Flannery,Pasha Pashkov,Actor/Actress,Pennsylvania,United States,55,28,Eliminated Week 8,7,11,3,0.0,0.0,8,0,Ranking
Kel Mitchell,Witney Carson,Actor/Actress,Illinois,United States,41,28,2nd Place,2,1,3,16.0,5.333333333333333,99,0,Ranking
Kel Mitchell,Witney Carson,Actor/Actress,Illinois,United States,41,28,2nd Place,2,2,3,20.0,6.666666666666667,99,0,Ranking
Kel Mitchell,Witney Carson,Actor/Actress,Illinois,United States,41,28,2nd Place,2,3,3,20.0,6.666666666666667,99,0,Ranking
Kel Mitchell,Witney Carson,Actor/Actress,Illinois,United States,41,28,2nd Place,2,4,4,32.0,8.0,99,0,Ranking
Kel Mitchell,Witney Carson,Actor/Actress,Illinois,United States,41,28,2nd Place,2,5,3,26.0,8.666666666666666,99,0,Ranking
Kel Mitchell,Witney Carson,Actor/Actress,Illinois,United States,41,28,2nd Place,2,6,3,26.0,8.666666666666666,99,0,Ranking
Kel Mitchell,Witney Carson,Actor/Actress,Illinois,United States,41,28,2nd Place,2,7,3,25.5,8.5,99,0,Ranking
Kel Mitchell,Witney Carson,Actor/Actress,Illinois,United States,41,28,2nd Place,2,8,3,29.9998,9.999933333333333,99,0,Ranking
Kel Mitchell,Witney Carson,Actor/Actress,Illinois,United States,41,28,2nd Place,2,9,4,37.0,9.25,99,0,Ranking
Kel Mitchell,Witney Carson,Actor/Actress,Illinois,United States,41,28,2nd Place,2,10,3,28.5,9.5,99,0,Ranking
Kel Mitchell,Witney Carson,Actor/Actress,Illinois,United States,41,28,2nd Place,2,11,3,29.5,9.833333333333334,99,0,Ranking
Kelly Monaco,Alec Mazo,Actor/Actress,Pennsylvania,United States,29,1,1st Place,1,1,3,13.0,4.333333333333333,99,0,Ranking
Kelly Monaco,Alec Mazo,Actor/Actress,Pennsylvania,United States,29,1,1st Place,1,2,3,17.0,5.666666666666667,99,0,Ranking
Kelly Monaco,Alec Mazo,Actor/Actress,Pennsylvania,United States,29,1,1st Place,1,3,3,21.0,7.0,99,0,Ranking
Kelly Monaco,Alec Mazo,Actor/Actress,Pennsylvania,United States,29,1,1st Place,1,4,3,26.0,8.666666666666666,99,0,Ranking
Kelly Monaco,Alec Mazo,Actor/Actress,Pennsylvania,United States,29,1,1st Place,1,5,3,23.5,7.833333333333333,99,0,Ranking
Kelly Monaco,Alec Mazo,Actor/Actress,Pennsylvania,United States,29,1,1st Place,1,6,3,27.5,9.166666666666666,99,0,Ranking
Kenny Mayne,Andrea Hale,Sports Broadcaster,Washington,United States,46,2,Eliminated Week 1,10,1,3,13.0,4.333333333333333,1,1,Ranking
Kenny Mayne,Andrea Hale,Sports Broadcaster,Washington,United States,46,2,Eliminated Week 1,10,2,3,0.0,0.0,1,0,Ranking
Kenny Mayne,Andrea Hale,Sports Broadcaster,Washington,United States,46,2,Eliminated Week 1,10,3,3,0.0,0.0,1,0,Ranking
Kenny Mayne,Andrea Hale,Sports Broadcaster,Washington,United States,46,2,Eliminated Week 1,10,4,3,0.0,0.0,1,0,Ranking
Kenny Mayne,Andrea Hale,Sports Broadcaster,Washington,United States,46,2,Eliminated Week 1,10,5,3,0.0,0.0,1,0,Ranking
Kenny Mayne,Andrea Hale,Sports Broadcaster,Washington,United States,46,2,Eliminated Week 1,10,6,3,0.0,0.0,1,0,Ranking
Kenny Mayne,Andrea Hale,Sports Broadcaster,Washington,United States,46,2,Eliminated Week 1,10,7,3,0.0,0.0,1,0,Ranking
Kenny Mayne,Andrea Hale,Sports Broadcaster,Washington,United States,46,2,Eliminated Week 1,10,8,3,0.0,0.0,1,0,Ranking
Kenya Moore,Brandon Armstrong,TV Personality,Michigan,United States,50,30,Eliminated Week 6,10,1,4,26.0,6.5,6,0,Ranking
Kenya Moore,Brandon Armstrong,TV Personality,Michigan,United States,50,30,Eliminated Week 6,10,2,4,24.0,6.0,6,0,Ranking
Kenya Moore,Brandon Armstrong,TV Personality,Michigan,United States,50,30,Eliminated Week 6,10,3,3,21.0,7.0,6,0,Ranking
Kenya Moore,Brandon Armstrong,TV Personality,Michigan,United States,50,30,Eliminated Week 6,10,4,4,29.5,7.375,6,0,Ranking
Kenya Moore,Brandon Armstrong,TV Personality,Michigan,United States,50,30,Eliminated Week 6,10,5,4,36.0,9.0,6,0,Ranking
Kenya Moore,Brandon Armstrong,TV Personality,Michigan,United States,50,30,Eliminated Week 6,10,6,4,32.0,8.0,6,1,Ranking
Kenya Moore,Brandon Armstrong,TV Personality,Michigan,United States,50,30,Eliminated Week 6,10,7,4,0.0,0.0,6,0,Ranking
Kenya Moore,Brandon Armstrong,TV Personality,Michigan,United States,50,30,Eliminated Week 6,10,8,4,0.0,0.0,6,0,Ranking
Kenya Moore,Brandon Armstrong,TV Personality,Michigan,United States,50,30,Eliminated Week 6,10,9,4,0.0,0.0,6,0,Ranking
Kenya Moore,Brandon Armstrong,TV Personality,Michigan,United States,50,30,Eliminated Week 6,10,10,4,0.0,0.0,6,0,Ranking
Lamar Odom,Peta Murgatroyd,Athlete,New York,United States,39,28,Eliminated Week 4,10,1,3,11.0,3.6666666666666665,4,0,Ranking
Lamar Odom,Peta Murgatroyd,Athlete,New York,United States,39,28,Eliminated Week 4,10,2,3,12.0,4.0,4,0,Ranking
Lamar Odom,Peta Murgatroyd,Athlete,New York,United States,39,28,Eliminated Week 4,10,3,3,12.0,4.0,4,0,Ranking
Lamar Odom,Peta Murgatroyd,Athlete,New York,United States,39,28,Eliminated Week 4,10,4,4,20.0,5.0,4,1,Ranking
Lamar Odom,Peta Murgatroyd,Athlete,New York,United States,39,28,Eliminated Week 4,10,5,3,0.0,0.0,4,0,Ranking
Lamar Odom,Peta Murgatroyd,Athlete,New York,United States,39,28,Eliminated Week 4,10,6,3,0.0,0.0,4,0,Ranking
Lamar Odom,Peta Murgatroyd,Athlete,New York,United States,39,28,Eliminated Week 4,10,7,3,0.0,0.0,4,0,Ranking
Lamar Odom,Peta Murgatroyd,Athlete,New York,United States,39,28,Eliminated Week 4,10,8,3,0.0,0.0,4,0,Ranking
Lamar Odom,Peta Murgatroyd,Athlete,New York,United States,39,28,Eliminated Week 4,10,9,4,0.0,0.0,4,0,Ranking
Lamar Odom,Peta Murgatroyd,Athlete,New York,United States,39,28,Eliminated Week 4,10,10,3,0.0,0.0,4,0,Ranking
Lamar Odom,Peta Murgatroyd,Athlete,New York,United States,39,28,Eliminated Week 4,10,11,3,0.0,0.0,4,0,Ranking
Lauren Alaina,Gleb Savchenko,Singer/Rapper,Georgia,United States,24,28,4th Place,4,1,3,19.0,6.333333333333333,99,0,Ranking
Lauren Alaina,Gleb Savchenko,Singer/Rapper,Georgia,United States,24,28,4th Place,4,2,3,19.0,6.333333333333333,99,0,Ranking
Lauren Alaina,Gleb Savchenko,Singer/Rapper,Georgia,United States,24,28,4th Place,4,3,3,20.0,6.666666666666667,99,0,Ranking
Lauren Alaina,Gleb Savchenko,Singer/Rapper,Georgia,United States,24,28,4th Place,4,4,4,32.0,8.0,99,0,Ranking
Lauren Alaina,Gleb Savchenko,Singer/Rapper,Georgia,United States,24,28,4th Place,4,5,3,23.0,7.666666666666667,99,0,Ranking
Lauren Alaina,Gleb Savchenko,Singer/Rapper,Georgia,United States,24,28,4th Place,4,6,3,26.0,8.666666666666666,99,0,Ranking
Lauren Alaina,Gleb Savchenko,Singer/Rapper,Georgia,United States,24,28,4th Place,4,7,3,27.0,9.0,99,0,Ranking
Lauren Alaina,Gleb Savchenko,Singer/Rapper,Georgia,United States,24,28,4th Place,4,8,3,24.0,8.0,99,0,Ranking
Lauren Alaina,Gleb Savchenko,Singer/Rapper,Georgia,United States,24,28,4th Place,4,9,4,35.0,8.75,99,0,Ranking
Lauren Alaina,Gleb Savchenko,Singer/Rapper,Georgia,United States,24,28,4th Place,4,10,3,27.0,9.0,99,0,Ranking
Lauren Alaina,Gleb Savchenko,Singer/Rapper,Georgia,United States,24,28,4th Place,4,11,3,28.5,9.5,99,0,Ranking
Lauren Jauregui,Brandon Armstrong,Singer/Rapper,Florida,United States,29,34,Eliminated Week 3,12,1,2,13.0,6.5,3,0,Ranking
Lauren Jauregui,Brandon Armstrong,Singer/Rapper,Florida,United States,29,34,Eliminated Week 3,12,2,3,21.0,7.0,3,0,Ranking
Lauren Jauregui,Brandon Armstrong,Singer/Rapper,Florida,United States,29,34,Eliminated Week 3,12,3,3,18.0,6.0,3,1,Ranking
Lauren Jauregui,Brandon Armstrong,Singer/Rapper,Florida,United States,29,34,Eliminated Week 3,12,4,3,0.0,0.0,3,0,Ranking
Lauren Jauregui,Brandon Armstrong,Singer/Rapper,Florida,United States,29,34,Eliminated Week 3,12,5,4,0.0,0.0,3,0,Ranking
Lauren Jauregui,Brandon Armstrong,Singer/Rapper,Florida,United States,29,34,Eliminated Week 3,12,6,4,0.0,0.0,3,0,Ranking
Lauren Jauregui,Brandon Armstrong,Singer/Rapper,Florida,United States,29,34,Eliminated Week 3,12,7,4,0.0,0.0,3,0,Ranking
Lauren Jauregui,Brandon Armstrong,Singer/Rapper,Florida,United States,29,34,Eliminated Week 3,12,8,4,0.0,0.0,3,0,Ranking
Lauren Jauregui,Brandon Armstrong,Singer/Rapper,Florida,United States,29,34,Eliminated Week 3,12,9,4,0.0,0.0,3,0,Ranking
Lauren Jauregui,Brandon Armstrong,Singer/Rapper,Florida,United States,29,34,Eliminated Week 3,12,10,3,0.0,0.0,3,0,Ranking
Lauren Jauregui,Brandon Armstrong,Singer/Rapper,Florida,United States,29,34,Eliminated Week 3,12,11,3,0.0,0.0,3,0,Ranking
Lisa Rinna,Louis van Amstel,Actor/Actress,California,United States,42,2,Eliminated Week 7,4,1,3,19.0,6.333333333333333,7,0,Ranking
Lisa Rinna,Louis van Amstel,Actor/Actress,California,United States,42,2,Eliminated Week 7,4,2,3,20.0,6.666666666666667,7,0,Ranking
Lisa Rinna,Louis van Amstel,Actor/Actress,California,United States,42,2,Eliminated Week 7,4,3,3,25.0,8.333333333333334,7,0,Ranking
Lisa Rinna,Louis van Amstel,Actor/Actress,California,United States,42,2,Eliminated Week 7,4,4,3,26.0,8.666666666666666,7,0,Ranking
Lisa Rinna,Louis van Amstel,Actor/Actress,California,United States,42,2,Eliminated Week 7,4,5,3,25.0,8.333333333333334,7,0,Ranking
Lisa Rinna,Louis van Amstel,Actor/Actress,California,United States,42,2,Eliminated Week 7,4,6,3,27.0,9.0,7,0,Ranking
Lisa Rinna,Louis van Amstel,Actor/Actress,California,United States,42,2,Eliminated Week 7,4,7,3,26.5,8.833333333333334,7,1,Ranking
Lisa Rinna,Louis van Amstel,Actor/Actress,California,United States,42,2,Eliminated Week 7,4,8,3,0.0,0.0,7,0,Ranking
Martin Kove,Britt Stewart,Actor/Actress,New York,United States,75,30,Eliminated Week 2,15,1,4,13.0,3.25,2,0,Ranking
Martin Kove,Britt Stewart,Actor/Actress,New York,United States,75,30,Eliminated Week 2,15,2,4,15.0,3.75,2,1,Ranking
Martin Kove,Britt Stewart,Actor/Actress,New York,United States,75,30,Eliminated Week 2,15,3,3,0.0,0.0,2,0,Ranking
Martin Kove,Britt Stewart,Actor/Actress,New York,United States,75,30,Eliminated Week 2,15,4,4,0.0,0.0,2,0,Ranking
Martin Kove,Britt Stewart,Actor/Actress,New York,United States,75,30,Eliminated Week 2,15,5,4,0.0,0.0,2,0,Ranking
Martin Kove,Britt Stewart,Actor/Actress,New York,United States,75,30,Eliminated Week 2,15,6,4,0.0,0.0,2,0,Ranking
Martin Kove,Britt Stewart,Actor/Actress,New York,United States,75,30,Eliminated Week 2,15,7,4,0.0,0.0,2,0,Ranking
Martin Kove,Britt Stewart,Actor/Actress,New York,United States,75,30,Eliminated Week 2,15,8,4,0.0,0.0,2,0,Ranking
Martin Kove,Britt Stewart,Actor/Actress,New York,United States,75,30,Eliminated Week 2,15,9,4,0.0,0.0,2,0,Ranking
Martin Kove,Britt Stewart,Actor/Actress,New York,United States,75,30,Eliminated Week 2,15,10,4,0.0,0.0,2,0,Ranking
Mary Wilson,Brandon Armstrong,Singer/Rapper,Nevada,United States,75,28,Eliminated Week 2,12,1,3,17.0,5.666666666666667,2,0,Ranking
Mary Wilson,Brandon Armstrong,Singer/Rapper,Nevada,United States,75,28,Eliminated Week 2,12,2,3,15.0,5.0,2,1,Ranking
Mary Wilson,Brandon Armstrong,Singer/Rapper,Nevada,United States,75,28,Eliminated Week 2,12,3,3,0.0,0.0,2,0,Ranking
Mary Wilson,Brandon Armstrong,Singer/Rapper,Nevada,United States,75,28,Eliminated Week 2,12,4,4,0.0,0.0,2,0,Ranking
Mary Wilson,Brandon Armstrong,Singer/Rapper,Nevada,United States,75,28,Eliminated Week 2,12,5,3,0.0,0.0,2,0,Ranking
Mary Wilson,Brandon Armstrong,Singer/Rapper,Nevada,United States,75,28,Eliminated Week 2,12,6,3,0.0,0.0,2,0,Ranking
Mary Wilson,Brandon Armstrong,Singer/Rapper,Nevada,United States,75,28,Eliminated Week 2,12,7,3,0.0,0.0,2,0,Ranking
Mary Wilson,Brandon Armstrong,Singer/Rapper,Nevada,United States,75,28,Eliminated Week 2,12,8,3,0.0,0.0,2,0,Ranking
Mary Wilson,Brandon Armstrong,Singer/Rapper,Nevada,United States,75,28,Eliminated Week 2,12,9,4,0.0,0.0,2,0,Ranking
Mary Wilson,Brandon Armstrong,Singer/Rapper,Nevada,United States,75,28,Eliminated Week 2,12,10,3,0.0,0.0,2,0,Ranking
Mary Wilson,Brandon Armstrong,Singer/Rapper,Nevada,United States,75,28,Eliminated Week 2,12,11,3,0.0,0.0,2,0,Ranking
Master P,Ashly DelGrosso,Singer/Rapper,Louisiana,United States,35,2,Eliminated Week 4,7,1,3,12.0,4.0,4,0,Ranking
Master P,Ashly DelGrosso,Singer/Rapper,Louisiana,United States,35,2,Eliminated Week 4,7,2,3,16.0,5.333333333333333,4,0,Ranking
Master P,Ashly DelGrosso,Singer/Rapper,Louisiana,United States,35,2,Eliminated Week 4,7,3,3,14.0,4.666666666666667,4,0,Ranking
Master P,Ashly DelGrosso,Singer/Rapper,Louisiana,United States,35,2,Eliminated Week 4,7,4,3,8.0,2.6666666666666665,4,1,Ranking
Master P,Ashly DelGrosso,Singer/Rapper,Louisiana,United States,35,2,Eliminated Week 4,7,5,3,0.0,0.0,4,0,Ranking
Master P,Ashly DelGrosso,Singer/Rapper,Louisiana,United States,35,2,Eliminated Week 4,7,6,3,0.0,0.0,4,0,Ranking
Master P,Ashly DelGrosso,Singer/Rapper,Louisiana,United States,35,2,Eliminated Week 4,7,7,3,0.0,0.0,4,0,Ranking
Master P,Ashly DelGrosso,Singer/Rapper,Louisiana,United States,35,2,Eliminated Week 4,7,8,3,0.0,0.0,4,0,Ranking
Matt James,Lindsay Arnold,Athlete,North Carolina,United States,29,30,Eliminated Week 4,12,1,4,24.0,6.0,4,0,Ranking
Matt James,Lindsay Arnold,Athlete,North Carolina,United States,29,30,Eliminated Week 4,12,2,4,22.0,5.5,4,0,Ranking
Matt James,Lindsay Arnold,Athlete,North Carolina,United States,29,30,Eliminated Week 4,12,3,3,20.0,6.666666666666667,4,0,Ranking
Matt James,Lindsay Arnold,Athlete,North Carolina,United States,29,30,Eliminated Week 4,12,4,4,28.5,7.125,4,1,Ranking
Matt James,Lindsay Arnold,Athlete,North Carolina,United States,29,30,Eliminated Week 4,12,5,4,0.0,0.0,4,0,Ranking
Matt James,Lindsay Arnold,Athlete,North Carolina,United States,29,30,Eliminated Week 4,12,6,4,0.0,0.0,4,0,Ranking
Matt James,Lindsay Arnold,Athlete,North Carolina,United States,29,30,Eliminated Week 4,12,7,4,0.0,0.0,4,0,Ranking
Matt James,Lindsay Arnold,Athlete,North Carolina,United States,29,30,Eliminated Week 4,12,8,4,0.0,0.0,4,0,Ranking
Matt James,Lindsay Arnold,Athlete,North Carolina,United States,29,30,Eliminated Week 4,12,9,4,0.0,0.0,4,0,Ranking
Matt James,Lindsay Arnold,Athlete,North Carolina,United States,29,30,Eliminated Week 4,12,10,4,0.0,0.0,4,0,Ranking
Matt Walsh,Koko Iwasaki,Comedian,Illinois,United States,58,32,Eliminated Week 1,14,1,3,12.0,4.0,1,1,Ranking
Matt Walsh,Koko Iwasaki,Comedian,Illinois,United States,58,32,Eliminated Week 1,14,2,3,0.0,0.0,1,0,Ranking
Matt Walsh,Koko Iwasaki,Comedian,Illinois,United States,58,32,Eliminated Week 1,14,3,4,0.0,0.0,1,0,Ranking
Matt Walsh,Koko Iwasaki,Comedian,Illinois,United States,58,32,Eliminated Week 1,14,4,3,0.0,0.0,1,0,Ranking
Matt Walsh,Koko Iwasaki,Comedian,Illinois,United States,58,32,Eliminated Week 1,14,5,3,0.0,0.0,1,0,Ranking
Matt Walsh,Koko Iwasaki,Comedian,Illinois,United States,58,32,Eliminated Week 1,14,6,4,0.0,0.0,1,0,Ranking
Matt Walsh,Koko Iwasaki,Comedian,Illinois,United States,58,32,Eliminated Week 1,14,7,4,0.0,0.0,1,0,Ranking
Matt Walsh,Koko Iwasaki,Comedian,Illinois,United States,58,32,Eliminated Week 1,14,8,4,0.0,0.0,1,0,Ranking
Matt Walsh,Koko Iwasaki,Comedian,Illinois,United States,58,32,Eliminated Week 1,14,9,4,0.0,0.0,1,0,Ranking
Matt Walsh,Koko Iwasaki,Comedian,Illinois,United States,58,32,Eliminated Week 1,14,10,3,0.0,0.0,1,0,Ranking
Matt Walsh,Koko Iwasaki,Comedian,Illinois,United States,58,32,Eliminated Week 1,14,11,3,0.0,0.0,1,0,Ranking
Melora Hardin,Artem Chigvintsev,Actor/Actress,Texas,United States,54,30,Eliminated Week 9,6,1,4,26.0,6.5,9,0,Ranking
Melora Hardin,Artem Chigvintsev,Actor/Actress,Texas,United States,54,30,Eliminated Week 9,6,2,4,27.0,6.75,9,0,Ranking
Melora Hardin,Artem Chigvintsev,Actor/Actress,Texas,United States,54,30,Eliminated Week 9,6,3,3,23.0,7.666666666666667,9,0,Ranking
Melora Hardin,Artem Chigvintsev,Actor/Actress,Texas,United States,54,30,Eliminated Week 9,6,4,4,36.5,9.125,9,0,Ranking
Melora Hardin,Artem Chigvintsev,Actor/Actress,Texas,United States,54,30,Eliminated Week 9,6,5,4,36.0,9.0,9,0,Ranking
Melora Hardin,Artem Chigvintsev,Actor/Actress,Texas,United States,54,30,Eliminated Week 9,6,6,4,34.0,8.5,9,0,Ranking
Melora Hardin,Artem Chigvintsev,Actor/Actress,Texas,United States,54,30,Eliminated Week 9,6,7,4,38.0,9.5,9,0,Ranking
Melora Hardin,Artem Chigvintsev,Actor/Actress,Texas,United States,54,30,Eliminated Week 9,6,8,4,42.0,10.5,9,0,Ranking
Melora Hardin,Artem Chigvintsev,Actor/Actress,Texas,United States,54,30,Eliminated Week 9,6,9,4,36.0,9.0,9,1,Ranking
Melora Hardin,Artem Chigvintsev,Actor/Actress,Texas,United States,54,30,Eliminated Week 9,6,10,4,0.0,0.0,9,0,Ranking
"Mike ""The Miz"" Mizanin",Witney Carson,Athlete,Ohio,United States,40,30,Eliminated Week 7,9,1,4,24.0,6.0,7,0,Ranking
"Mike ""The Miz"" Mizanin",Witney Carson,Athlete,Ohio,United States,40,30,Eliminated Week 7,9,2,4,26.0,6.5,7,0,Ranking
"Mike ""The Miz"" Mizanin",Witney Carson,Athlete,Ohio,United States,40,30,Eliminated Week 7,9,3,3,22.0,7.333333333333333,7,0,Ranking
"Mike ""The Miz"" Mizanin",Witney Carson,Athlete,Ohio,United States,40,30,Eliminated Week 7,9,4,4,32.5,8.125,7,0,Ranking
"Mike ""The Miz"" Mizanin",Witney Carson,Athlete,Ohio,United States,40,30,Eliminated Week 7,9,5,4,32.0,8.0,7,0,Ranking
"Mike ""The Miz"" Mizanin",Witney Carson,Athlete,Ohio,United States,40,30,Eliminated Week 7,9,6,4,34.0,8.5,7,0,Ranking
"Mike ""The Miz"" Mizanin",Witney Carson,Athlete,Ohio,United States,40,30,Eliminated Week 7,9,7,4,32.0,8.0,7,1,Ranking
"Mike ""The Miz"" Mizanin",Witney Carson,Athlete,Ohio,United States,40,30,Eliminated Week 7,9,8,4,0.0,0.0,7,0,Ranking
"Mike ""The Miz"" Mizanin",Witney Carson,Athlete,Ohio,United States,40,30,Eliminated Week 7,9,9,4,0.0,0.0,7,0,Ranking
"Mike ""The Miz"" Mizanin",Witney Carson,Athlete,Ohio,United States,40,30,Eliminated Week 7,9,10,4,0.0,0.0,7,0,Ranking
Mira Sorvino,Gleb Savchenko,Actor/Actress,New York,United States,55,32,Eliminated Week 5,10,1,3,17.0,5.666666666666667,5,0,Ranking
Mira Sorvino,Gleb Savchenko,Actor/Actress,New York,United States,55,32,Eliminated Week 5,10,2,3,18.0,6.0,5,0,Ranking
Mira Sorvino,Gleb Savchenko,Actor/Actress,New York,United States,55,32,Eliminated Week 5,10,3,4,26.0,6.5,5,0,Ranking
Mira Sorvino,Gleb Savchenko,Actor/Actress,New York,United States,55,32,Eliminated Week 5,10,4,3,21.0,7.0,5,0,Ranking
Mira Sorvino,Gleb Savchenko,Actor/Actress,New York,United States,55,32,Eliminated Week 5,10,5,3,22.0,7.333333333333333,5,1,Ranking
Mira Sorvino,Gleb Savchenko,Actor/Actress,New York,United States,55,32,Eliminated Week 5,10,6,4,0.0,0.0,5,0,Ranking
Mira Sorvino,Gleb Savchenko,Actor/Actress,New York,United States,55,32,Eliminated Week 5,10,7,4,0.0,0.0,5,0,Ranking
Mira Sorvino,Gleb Savchenko,Actor/Actress,New York,United States,55,32,Eliminated Week 5,10,8,4,0.0,0.0,5,0,Ranking
Mira Sorvino,Gleb Savchenko,Actor/Actress,New York,United States,55,32,Eliminated Week 5,10,9,4,0.0,0.0,5,0,Ranking
Mira Sorvino,Gleb Savchenko,Actor/Actress,New York,United States,55,32,Eliminated Week 5,10,10,3,0.0,0.0,5,0,Ranking
Mira Sorvino,Gleb Savchenko,Actor/Actress,New York,United States,55,32,Eliminated Week 5,10,11,3,0.0,0.0,5,0,Ranking
Monica Aldama,Valentin Chmerkovskiy,TV Personality,Alabama,United States,48,29,Eliminated Week 7,10,1,3,19.0,6.333333333333333,7,0,Ranking
Monica Aldama,Valentin Chmerkovskiy,TV Personality,Alabama,United States,48,29,Eliminated Week 7,10,2,3,16.0,5.333333333333333,7,0,Ranking
Monica Aldama,Valentin Chmerkovskiy,TV Personality,Alabama,United States,48,29,Eliminated Week 7,10,3,3,21.0,7.0,7,0,Ranking
Monica Aldama,Valentin Chmerkovskiy,TV Personality,Alabama,United States,48,29,Eliminated Week 7,10,4,3,24.0,8.0,7,0,Ranking
Monica Aldama,Valentin Chmerkovskiy,TV Personality,Alabama,United States,48,29,Eliminated Week 7,10,5,3,26.0,8.666666666666666,7,0,Ranking
Monica Aldama,Valentin Chmerkovskiy,TV Personality,Alabama,United States,48,29,Eliminated Week 7,10,6,3,27.0,9.0,7,0,Ranking
Monica Aldama,Valentin Chmerkovskiy,TV Personality,Alabama,United States,48,29,Eliminated Week 7,10,7,3,22.0,7.333333333333333,7,1,Ranking
Monica Aldama,Valentin Chmerkovskiy,TV Personality,Alabama,United States,48,29,Eliminated Week 7,10,8,3,0.0,0.0,7,0,Ranking
Monica Aldama,Valentin Chmerkovskiy,TV Personality,Alabama,United States,48,29,Eliminated Week 7,10,9,3,0.0,0.0,7,0,Ranking
Monica Aldama,Valentin Chmerkovskiy,TV Personality,Alabama,United States,48,29,Eliminated Week 7,10,10,3,0.0,0.0,7,0,Ranking
Monica Aldama,Valentin Chmerkovskiy,TV Personality,Alabama,United States,48,29,Eliminated Week 7,10,11,3,0.0,0.0,7,0,Ranking
Nelly,Daniella Karagach,Singer/Rapper,Texas,United States,45,29,3rd Place,3,1,3,16.0,5.333333333333333,99,0,Ranking
Nelly,Daniella Karagach,Singer/Rapper,Texas,United States,45,29,3rd Place,3,2,3,18.0,6.0,99,0,Ranking
Nelly,Daniella Karagach,Singer/Rapper,Texas,United States,45,29,3rd Place,3,3,3,18.0,6.0,99,0,Ranking
Nelly,Daniella Karagach,Singer/Rapper,Texas,United States,45,29,3rd Place,3,4,3,21.0,7.0,99,0,Ranking
Nelly,Daniella Karagach,Singer/Rapper,Texas,United States,45,29,3rd Place,3,5,3,24.0,8.0,99,0,Ranking
Nelly,Daniella Karagach,Singer/Rapper,Texas,United States,45,29,3rd Place,3,6,3,24.0,8.0,99,0,Ranking
Nelly,Daniella Karagach,Singer/Rapper,Texas,United States,45,29,3rd Place,3,7,3,27.0,9.0,99,0,Ranking
Nelly,Daniella Karagach,Singer/Rapper,Texas,United States,45,29,3rd Place,3,8,3,24.0,8.0,99,0,Ranking
Nelly,Daniella Karagach,Singer/Rapper,Texas,United States,45,29,3rd Place,3,9,3,24.0,8.0,99,0,Ranking
Nelly,Daniella Karagach,Singer/Rapper,Texas,United States,45,29,3rd Place,3,10,3,28.0,9.333333333333334,99,0,Ranking
Nelly,Daniella Karagach,Singer/Rapper,Texas,United States,45,29,3rd Place,3,11,3,28.5,9.5,99,0,Ranking
Nev Schulman,Jenna Johnson,Producer,New York,United States,35,29,2nd Place,2,1,3,20.0,6.666666666666667,99,0,Ranking
Nev Schulman,Jenna Johnson,Producer,New York,United States,35,29,2nd Place,2,2,3,21.0,7.0,99,0,Ranking
Nev Schulman,Jenna Johnson,Producer,New York,United States,35,29,2nd Place,2,3,3,24.0,8.0,99,0,Ranking
Nev Schulman,Jenna Johnson,Producer,New York,United States,35,29,2nd Place,2,4,3,24.0,8.0,99,0,Ranking
Nev Schulman,Jenna Johnson,Producer,New York,United States,35,29,2nd Place,2,5,3,26.0,8.666666666666666,99,0,Ranking
Nev Schulman,Jenna Johnson,Producer,New York,United States,35,29,2nd Place,2,6,3,26.0,8.666666666666666,99,0,Ranking
Nev Schulman,Jenna Johnson,Producer,New York,United States,35,29,2nd Place,2,7,3,30.0,10.0,99,0,Ranking
Nev Schulman,Jenna Johnson,Producer,New York,United States,35,29,2nd Place,2,8,3,30.0,10.0,99,0,Ranking
Nev Schulman,Jenna Johnson,Producer,New York,United States,35,29,2nd Place,2,9,3,28.9998,9.6666,99,0,Ranking
Nev Schulman,Jenna Johnson,Producer,New York,United States,35,29,2nd Place,2,10,3,30.0,10.0,99,0,Ranking
Nev Schulman,Jenna Johnson,Producer,New York,United States,35,29,2nd Place,2,11,3,30.0,10.0,99,0,Ranking
Olivia Jade,Valentin Chmerkovskiy,Social Media Personality,California,United States,21,30,Eliminated Week 8,8,1,4,25.0,6.25,8,0,Ranking
Olivia Jade,Valentin Chmerkovskiy,Social Media Personality,California,United States,21,30,Eliminated Week 8,8,2,4,27.0,6.75,8,0,Ranking
Olivia Jade,Valentin Chmerkovskiy,Social Media Personality,California,United States,21,30,Eliminated Week 8,8,3,3,24.0,8.0,8,0,Ranking
Olivia Jade,Valentin Chmerkovskiy,Social Media Personality,California,United States,21,30,Eliminated Week 8,8,4,4,35.0,8.75,8,0,Ranking
Olivia Jade,Valentin Chmerkovskiy,Social Media Personality,California,United States,21,30,Eliminated Week 8,8,5,4,36.0,9.0,8,0,Ranking
Olivia Jade,Valentin Chmerkovskiy,Social Media Personality,California,United States,21,30,Eliminated Week 8,8,6,4,36.0,9.0,8,0,Ranking
Olivia Jade,Valentin Chmerkovskiy,Social Media Personality,California,United States,21,30,Eliminated Week 8,8,7,4,42.0,10.5,8,0,Ranking
Olivia Jade,Valentin Chmerkovskiy,Social Media Personality,California,United States,21,30,Eliminated Week 8,8,8,4,36.0,9.0,8,1,Ranking
Olivia Jade,Valentin Chmerkovskiy,Social Media Personality,California,United States,21,30,Eliminated Week 8,8,9,4,0.0,0.0,8,0,Ranking
Olivia Jade,Valentin Chmerkovskiy,Social Media Personality,California,United States,21,30,Eliminated Week 8,8,10,4,0.0,0.0,8,0,Ranking
Phaedra Parks,Val Chmerkovskiy,TV Personality,Georgia,United States,51,33,Eliminated Week 5,8,1,3,19.0,6.333333333333333,5,0,Ranking
Phaedra Parks,Val Chmerkovskiy,TV Personality,Georgia,United States,51,33,Eliminated Week 5,8,2,3,21.0,7.0,5,0,Ranking
Phaedra Parks,Val Chmerkovskiy,TV Personality,Georgia,United States,51,33,Eliminated Week 5,8,3,4,28.0,7.0,5,0,Ranking
Phaedra Parks,Val Chmerkovskiy,TV Personality,Georgia,United States,51,33,Eliminated Week 5,8,4,4,32.0,8.0,5,0,Ranking
Phaedra Parks,Val Chmerkovskiy,TV Personality,Georgia,United States,51,33,Eliminated Week 5,8,5,3,24.0,8.0,5,1,Ranking
Phaedra Parks,Val Chmerkovskiy,TV Personality,Georgia,United States,51,33,Eliminated Week 5,8,6,3,0.0,0.0,5,0,Ranking
Phaedra Parks,Val Chmerkovskiy,TV Personality,Georgia,United States,51,33,Eliminated Week 5,8,7,3,0.0,0.0,5,0,Ranking
Phaedra Parks,Val Chmerkovskiy,TV Personality,Georgia,United States,51,33,Eliminated Week 5,8,8,3,0.0,0.0,5,0,Ranking
Phaedra Parks,Val Chmerkovskiy,TV Personality,Georgia,United States,51,33,Eliminated Week 5,8,9,3,0.0,0.0,5,0,Ranking
Ray Lewis,Cheryl Burke,Athlete,Florida,United States,44,28,Withdrew,11,1,3,15.0,5.0,99,0,Ranking
Ray Lewis,Cheryl Burke,Athlete,Florida,United States,44,28,Withdrew,11,2,3,15.0,5.0,99,0,Ranking
Ray Lewis,Cheryl Burke,Athlete,Florida,United States,44,28,Withdrew,11,3,3,0.0,0.0,99,0,Ranking
Ray Lewis,Cheryl Burke,Athlete,Florida,United States,44,28,Withdrew,11,4,4,0.0,0.0,99,0,Ranking
Ray Lewis,Cheryl Burke,Athlete,Florida,United States,44,28,Withdrew,11,5,3,0.0,0.0,99,0,Ranking
Ray Lewis,Cheryl Burke,Athlete,Florida,United States,44,28,Withdrew,11,6,3,0.0,0.0,99,0,Ranking
Ray Lewis,Cheryl Burke,Athlete,Florida,United States,44,28,Withdrew,11,7,3,0.0,0.0,99,0,Ranking
Ray Lewis,Cheryl Burke,Athlete,Florida,United States,44,28,Withdrew,11,8,3,0.0,0.0,99,0,Ranking
Ray Lewis,Cheryl Burke,Athlete,Florida,United States,44,28,Withdrew,11,9,4,0.0,0.0,99,0,Ranking
Ray Lewis,Cheryl Burke,Athlete,Florida,United States,44,28,Withdrew,11,10,3,0.0,0.0,99,0,Ranking
Ray Lewis,Cheryl Burke,Athlete,Florida,United States,44,28,Withdrew,11,11,3,0.0,0.0,99,0,Ranking
Reginald VelJohnson,Emma Slater,Actor/Actress,New York,United States,74,33,Eliminated Week 3,10,1,3,16.0,5.333333333333333,3,0,Ranking
Reginald VelJohnson,Emma Slater,Actor/Actress,New York,United States,74,33,Eliminated Week 3,10,2,3,15.0,5.0,3,0,Ranking
Reginald VelJohnson,Emma Slater,Actor/Actress,New York,United States,74,33,Eliminated Week 3,10,3,4,21.0,5.25,3,1,Ranking
Reginald VelJohnson,Emma Slater,Actor/Actress,New York,United States,74,33,Eliminated Week 3,10,4,4,0.0,0.0,3,0,Ranking
Reginald VelJohnson,Emma Slater,Actor/Actress,New York,United States,74,33,Eliminated Week 3,10,5,3,0.0,0.0,3,0,Ranking
Reginald VelJohnson,Emma Slater,Actor/Actress,New York,United States,74,33,Eliminated Week 3,10,6,3,0.0,0.0,3,0,Ranking
Reginald VelJohnson,Emma Slater,Actor/Actress,New York,United States,74,33,Eliminated Week 3,10,7,3,0.0,0.0,3,0,Ranking
Reginald VelJohnson,Emma Slater,Actor/Actress,New York,United States,74,33,Eliminated Week 3,10,8,3,0.0,0.0,3,0,Ranking
Reginald VelJohnson,Emma Slater,Actor/Actress,New York,United States,74,33,Eliminated Week 3,10,9,3,0.0,0.0,3,0,Ranking
Sailor Brinkley-Cook,Valentin Chmerkovskiy,Model,New York,United States,21,28,Eliminated Week 6,9,1,3,18.0,6.0,6,0,Ranking
Sailor Brinkley-Cook,Valentin Chmerkovskiy,Model,New York,United States,21,28,Eliminated Week 6,9,2,3,18.0,6.0,6,0,Ranking
Sailor Brinkley-Cook,Valentin Chmerkovskiy,Model,New York,United States,21,28,Eliminated Week 6,9,3,3,23.0,7.666666666666667,6,0,Ranking
Sailor Brinkley-Cook,Valentin Chmerkovskiy,Model,New York,United States,21,28,Eliminated Week 6,9,4,4,31.0,7.75,6,0,Ranking
Sailor Brinkley-Cook,Valentin Chmerkovskiy,Model,New York,United States,21,28,Eliminated Week 6,9,5,3,24.0,8.0,6,0,Ranking
Sailor Brinkley-Cook,Valentin Chmerkovskiy,Model,New York,United States,21,28,Eliminated Week 6,9,6,3,27.0,9.0,6,1,Ranking
Sailor Brinkley-Cook,Valentin Chmerkovskiy,Model,New York,United States,21,28,Eliminated Week 6,9,7,3,0.0,0.0,6,0,Ranking
Sailor Brinkley-Cook,Valentin Chmerkovskiy,Model,New York,United States,21,28,Eliminated Week 6,9,8,3,0.0,0.0,6,0,Ranking
Sailor Brinkley-Cook,Valentin Chmerkovskiy,Model,New York,United States,21,28,Eliminated Week 6,9,9,4,0.0,0.0,6,0,Ranking
Sailor Brinkley-Cook,Valentin Chmerkovskiy,Model,New York,United States,21,28,Eliminated Week 6,9,10,3,0.0,0.0,6,0,Ranking
Sailor Brinkley-Cook,Valentin Chmerkovskiy,Model,New York,United States,21,28,Eliminated Week 6,9,11,3,0.0,0.0,6,0,Ranking
Sam Champion,Cheryl Burke,News Anchor,Kentucky,United States,61,31,Eliminated Week 4,13,1,4,20.0,5.0,4,0,Ranking
Sam Champion,Cheryl Burke,News Anchor,Kentucky,United States,61,31,Eliminated Week 4,13,2,4,26.0,6.5,4,0,Ranking
Sam Champion,Cheryl Burke,News Anchor,Kentucky,United States,61,31,Eliminated Week 4,13,3,4,25.0,6.25,4,0,Ranking
Sam Champion,Cheryl Burke,News Anchor,Kentucky,United States,61,31,Eliminated Week 4,13,4,4,25.0,6.25,4,1,Ranking
Sam Champion,Cheryl Burke,News Anchor,Kentucky,United States,61,31,Eliminated Week 4,13,5,4,0.0,0.0,4,0,Ranking
Sam Champion,Cheryl Burke,News Anchor,Kentucky,United States,61,31,Eliminated Week 4,13,6,4,0.0,0.0,4,0,Ranking
Sam Champion,Cheryl Burke,News Anchor,Kentucky,United States,61,31,Eliminated Week 4,13,7,4,0.0,0.0,4,0,Ranking
Sam Champion,Cheryl Burke,News Anchor,Kentucky,United States,61,31,Eliminated Week 4,13,8,4,0.0,0.0,4,0,Ranking
Sam Champion,Cheryl Burke,News Anchor,Kentucky,United States,61,31,Eliminated Week 4,13,9,4,0.0,0.0,4,0,Ranking
Sam Champion,Cheryl Burke,News Anchor,Kentucky,United States,61,31,Eliminated Week 4,13,10,4,0.0,0.0,4,0,Ranking
Scott Hoying,Rylee Arnold,Singer/Rapper,California,United States,34,34,Eliminated Week 6,10,1,2,10.0,5.0,6,0,Ranking
Scott Hoying,Rylee Arnold,Singer/Rapper,California,United States,34,34,Eliminated Week 6,10,2,3,18.0,6.0,6,0,Ranking
Scott Hoying,Rylee Arnold,Singer/Rapper,California,United States,34,34,Eliminated Week 6,10,3,3,22.0,7.333333333333333,6,0,Ranking
Scott Hoying,Rylee Arnold,Singer/Rapper,California,United States,34,34,Eliminated Week 6,10,4,3,21.0,7.0,6,0,Ranking
Scott Hoying,Rylee Arnold,Singer/Rapper,California,United States,34,34,Eliminated Week 6,10,5,4,30.0,7.5,6,0,Ranking
Scott Hoying,Rylee Arnold,Singer/Rapper,California,United States,34,34,Eliminated Week 6,10,6,4,28.0,7.0,6,1,Ranking
Scott Hoying,Rylee Arnold,Singer/Rapper,California,United States,34,34,Eliminated Week 6,10,7,4,0.0,0.0,6,0,Ranking
Scott Hoying,Rylee Arnold,Singer/Rapper,California,United States,34,34,Eliminated Week 6,10,8,4,0.0,0.0,6,0,Ranking
Scott Hoying,Rylee Arnold,Singer/Rapper,California,United States,34,34,Eliminated Week 6,10,9,4,0.0,0.0,6,0,Ranking
Scott Hoying,Rylee Arnold,Singer/Rapper,California,United States,34,34,Eliminated Week 6,10,10,3,0.0,0.0,6,0,Ranking
Scott Hoying,Rylee Arnold,Singer/Rapper,California,United States,34,34,Eliminated Week 6,10,11,3,0.0,0.0,6,0,Ranking
Sean Spicer,Lindsay Arnold,Politician,New York,United States,48,28,Eliminated Week 9,6,1,3,12.0,4.0,9,0,Ranking
Sean Spicer,Lindsay Arnold,Politician,New York,United States,48,28,Eliminated Week 9,6,2,3,16.0,5.333333333333333,9,0,Ranking
Sean Spicer,Lindsay Arnold,Politician,New York,United States,48,28,Eliminated Week 9,6,3,3,15.0,5.0,9,0,Ranking
Sean Spicer,Lindsay Arnold,Politician,New York,United States,48,28,Eliminated Week 9,6,4,4,21.0,5.25,9,0,Ranking
Sean Spicer,Lindsay Arnold,Politician,New York,United States,48,28,Eliminated Week 9,6,5,3,19.0,6.333333333333333,9,0,Ranking
Sean Spicer,Lindsay Arnold,Politician,New York,United States,48,28,Eliminated Week 9,6,6,3,21.0,7.0,9,0,Ranking
Sean Spicer,Lindsay Arnold,Politician,New York,United States,48,28,Eliminated Week 9,6,7,3,21.0,7.0,9,0,Ranking
Sean Spicer,Lindsay Arnold,Politician,New York,United States,48,28,Eliminated Week 9,6,8,3,20.0,6.666666666666667,9,0,Ranking
Sean Spicer,Lindsay Arnold,Politician,New York,United States,48,28,Eliminated Week 9,6,9,4,25.0,6.25,9,1,Ranking
Sean Spicer,Lindsay Arnold,Politician,New York,United States,48,28,Eliminated Week 9,6,10,3,0.0,0.0,9,0,Ranking
Sean Spicer,Lindsay Arnold,Politician,New York,United States,48,28,Eliminated Week 9,6,11,3,0.0,0.0,9,0,Ranking
Selma Blair,Sasha Farber,Actor/Actress,Michigan,United States,50,31,Withdrew,12,1,4,28.0,7.0,99,0,Ranking
Selma Blair,Sasha Farber,Actor/Actress,Michigan,United States,50,31,Withdrew,12,2,4,28.0,7.0,99,0,Ranking
Selma Blair,Sasha Farber,Actor/Actress,Michigan,United States,50,31,Withdrew,12,3,4,28.0,7.0,99,0,Ranking
Selma Blair,Sasha Farber,Actor/Actress,Michigan,United States,50,31,Withdrew,12,4,4,32.0,8.0,99,0,Ranking
Selma Blair,Sasha Farber,Actor/Actress,Michigan,United States,50,31,Withdrew,12,5,4,40.0,10.0,99,0,Ranking
Selma Blair,Sasha Farber,Actor/Actress,Michigan,United States,50,31,Withdrew,12,6,4,0.0,0.0,99,0,Ranking
Selma Blair,Sasha Farber,Actor/Actress,Michigan,United States,50,31,Withdrew,12,7,4,0.0,0.0,99,0,Ranking
Selma Blair,Sasha Farber,Actor/Actress,Michigan,United States,50,31,Withdrew,12,8,4,0.0,0.0,99,0,Ranking
Selma Blair,Sasha Farber,Actor/Actress,Michigan,United States,50,31,Withdrew,12,9,4,0.0,0.0,99,0,Ranking
Selma Blair,Sasha Farber,Actor/Actress,Michigan,United States,50,31,Withdrew,12,10,4,0.0,0.0,99,0,Ranking
Shangela,Gleb Savchenko,TV Personality,Texas,United States,40,31,4th Place,4,1,4,28.0,7.0,99,0,Ranking
Shangela,Gleb Savchenko,TV Personality,Texas,United States,40,31,4th Place,4,2,4,28.0,7.0,99,0,Ranking
Shangela,Gleb Savchenko,TV Personality,Texas,United States,40,31,4th Place,4,3,4,30.0,7.5,99,0,Ranking
Shangela,Gleb Savchenko,TV Personality,Texas,United States,40,31,4th Place,4,4,4,32.0,8.0,99,0,Ranking
Shangela,Gleb Savchenko,TV Personality,Texas,United States,40,31,4th Place,4,5,4,38.5,9.625,99,0,Ranking
Shangela,Gleb Savchenko,TV Personality,Texas,United States,40,31,4th Place,4,6,4,36.0,9.0,99,0,Ranking
Shangela,Gleb Savchenko,TV Personality,Texas,United States,40,31,4th Place,4,7,4,36.5,9.125,99,0,Ranking
Shangela,Gleb Savchenko,TV Personality,Texas,United States,40,31,4th Place,4,8,4,42.0,10.5,99,0,Ranking
Shangela,Gleb Savchenko,TV Personality,Texas,United States,40,31,4th Place,4,9,4,36.5,9.125,99,0,Ranking
Shangela,Gleb Savchenko,TV Personality,Texas,United States,40,31,4th Place,4,10,4,38.0,9.5,99,0,Ranking
Skai Jackson,Alan Bersten,Actor/Actress,New York,United States,18,29,Eliminated Week 10,5,1,3,21.0,7.0,10,0,Ranking
Skai Jackson,Alan Bersten,Actor/Actress,New York,United States,18,29,Eliminated Week 10,5,2,3,15.0,5.0,10,0,Ranking
Skai Jackson,Alan Bersten,Actor/Actress,New York,United States,18,29,Eliminated Week 10,5,3,3,18.0,6.0,10,0,Ranking
Skai Jackson,Alan Bersten,Actor/Actress,New York,United States,18,29,Eliminated Week 10,5,4,3,28.0,9.333333333333334,10,0,Ranking
Skai Jackson,Alan Bersten,Actor/Actress,New York,United States,18,29,Eliminated Week 10,5,5,3,24.0,8.0,10,0,Ranking
Skai Jackson,Alan Bersten,Actor/Actress,New York,United States,18,29,Eliminated Week 10,5,6,3,18.0,6.0,10,0,Ranking
Skai Jackson,Alan Bersten,Actor/Actress,New York,United States,18,29,Eliminated Week 10,5,7,3,27.0,9.0,10,0,Ranking
Skai Jackson,Alan Bersten,Actor/Actress,New York,United States,18,29,Eliminated Week 10,5,8,3,26.9998,8.999933333333333,10,0,Ranking
Skai Jackson,Alan Bersten,Actor/Actress,New York,United States,18,29,Eliminated Week 10,5,9,3,28.9998,9.6666,10,0,Ranking
Skai Jackson,Alan Bersten,Actor/Actress,New York,United States,18,29,Eliminated Week 10,5,10,3,28.5,9.5,10,1,Ranking
Skai Jackson,Alan Bersten,Actor/Actress,New York,United States,18,29,Eliminated Week 10,5,11,3,0.0,0.0,10,0,Ranking
Stacy Keibler,Tony Dovolani,Athlete,Maryland,United States,26,2,3rd Place,3,1,3,22.0,7.333333333333333,99,0,Ranking
Stacy Keibler,Tony Dovolani,Athlete,Maryland,United States,26,2,3rd Place,3,2,3,29.0,9.666666666666666,99,0,Ranking
Stacy Keibler,Tony Dovolani,Athlete,Maryland,United States,26,2,3rd Place,3,3,3,27.0,9.0,99,0,Ranking
Stacy Keibler,Tony Dovolani,Athlete,Maryland,United States,26,2,3rd Place,3,4,3,26.0,8.666666666666666,99,0,Ranking
Stacy Keibler,Tony Dovolani,Athlete,Maryland,United States,26,2,3rd Place,3,5,3,30.0,10.0,99,0,Ranking
Stacy Keibler,Tony Dovolani,Athlete,Maryland,United States,26,2,3rd Place,3,6,3,30.0,10.0,99,0,Ranking
Stacy Keibler,Tony Dovolani,Athlete,Maryland,United States,26,2,3rd Place,3,7,3,27.5,9.166666666666666,99,0,Ranking
Stacy Keibler,Tony Dovolani,Athlete,Maryland,United States,26,2,3rd Place,3,8,3,28.6665,9.5555,99,0,Ranking
Stephen Nedoroscik,Rylee Arnold,Athlete,Florida,United States,26,33,4th Place,4,1,3,21.0,7.0,99,0,Ranking
Stephen Nedoroscik,Rylee Arnold,Athlete,Florida,United States,26,33,4th Place,4,2,3,22.0,7.333333333333333,99,0,Ranking
Stephen Nedoroscik,Rylee Arnold,Athlete,Florida,United States,26,33,4th Place,4,3,4,31.0,7.75,99,0,Ranking
Stephen Nedoroscik,Rylee Arnold,Athlete,Florida,United States,26,33,4th Place,4,4,4,33.0,8.25,99,0,Ranking
Stephen Nedoroscik,Rylee Arnold,Athlete,Florida,United States,26,33,4th Place,4,5,3,24.0,8.0,99,0,Ranking
Stephen Nedoroscik,Rylee Arnold,Athlete,Florida,United States,26,33,4th Place,4,6,3,28.0,9.333333333333334,99,0,Ranking
Stephen Nedoroscik,Rylee Arnold,Athlete,Florida,United States,26,33,4th Place,4,7,3,27.0,9.0,99,0,Ranking
Stephen Nedoroscik,Rylee Arnold,Athlete,Florida,United States,26,33,4th Place,4,8,3,26.5,8.833333333333334,99,0,Ranking
Stephen Nedoroscik,Rylee Arnold,Athlete,Florida,United States,26,33,4th Place,4,9,3,29.5,9.833333333333334,99,0,Ranking
Suni Lee,Sasha Farber,Athlete,Minnesota,United States,18,30,Eliminated Week 9,5,1,4,28.0,7.0,9,0,Ranking
Suni Lee,Sasha Farber,Athlete,Minnesota,United States,18,30,Eliminated Week 9,5,2,4,28.0,7.0,9,0,Ranking
Suni Lee,Sasha Farber,Athlete,Minnesota,United States,18,30,Eliminated Week 9,5,3,3,21.0,7.0,9,0,Ranking
Suni Lee,Sasha Farber,Athlete,Minnesota,United States,18,30,Eliminated Week 9,5,4,4,34.0,8.5,9,0,Ranking
Suni Lee,Sasha Farber,Athlete,Minnesota,United States,18,30,Eliminated Week 9,5,5,4,36.0,9.0,9,0,Ranking
Suni Lee,Sasha Farber,Athlete,Minnesota,United States,18,30,Eliminated Week 9,5,6,4,36.0,9.0,9,0,Ranking
Suni Lee,Sasha Farber,Athlete,Minnesota,United States,18,30,Eliminated Week 9,5,7,4,34.0,8.5,9,0,Ranking
Suni Lee,Sasha Farber,Athlete,Minnesota,United States,18,30,Eliminated Week 9,5,8,4,42.0,10.5,9,0,Ranking
Suni Lee,Sasha Farber,Athlete,Minnesota,United States,18,30,Eliminated Week 9,5,9,4,37.5,9.375,9,1,Ranking
Suni Lee,Sasha Farber,Athlete,Minnesota,United States,18,30,Eliminated Week 9,5,10,4,0.0,0.0,9,0,Ranking
Tatum O'Neal,Nick Kosovich,Actor/Actress,California,United States,42,2,Eliminated Week 2,9,1,3,23.0,7.666666666666667,2,0,Ranking
Tatum O'Neal,Nick Kosovich,Actor/Actress,California,United States,42,2,Eliminated Week 2,9,2,3,17.0,5.666666666666667,2,1,Ranking
Tatum O'Neal,Nick Kosovich,Actor/Actress,California,United States,42,2,Eliminated Week 2,9,3,3,0.0,0.0,2,0,Ranking
Tatum O'Neal,Nick Kosovich,Actor/Actress,California,United States,42,2,Eliminated Week 2,9,4,3,0.0,0.0,2,0,Ranking
Tatum O'Neal,Nick Kosovich,Actor/Actress,California,United States,42,2,Eliminated Week 2,9,5,3,0.0,0.0,2,0,Ranking
Tatum O'Neal,Nick Kosovich,Actor/Actress,California,United States,42,2,Eliminated Week 2,9,6,3,0.0,0.0,2,0,Ranking
Tatum O'Neal,Nick Kosovich,Actor/Actress,California,United States,42,2,Eliminated Week 2,9,7,3,0.0,0.0,2,0,Ranking
Tatum O'Neal,Nick Kosovich,Actor/Actress,California,United States,42,2,Eliminated Week 2,9,8,3,0.0,0.0,2,0,Ranking
Teresa Giudice,Pasha Pashkov,TV Personality,New Jersey,United States,50,31,Eliminated Week 2,15,1,4,20.0,5.0,2,0,Ranking
Teresa Giudice,Pasha Pashkov,TV Personality,New Jersey,United States,50,31,Eliminated Week 2,15,2,4,23.0,5.75,2,1,Ranking
Teresa Giudice,Pasha Pashkov,TV Personality,New Jersey,United States,50,31,Eliminated Week 2,15,3,4,0.0,0.0,2,0,Ranking
Teresa Giudice,Pasha Pashkov,TV Personality,New Jersey,United States,50,31,Eliminated Week 2,15,4,4,0.0,0.0,2,0,Ranking
Teresa Giudice,Pasha Pashkov,TV Personality,New Jersey,United States,50,31,Eliminated Week 2,15,5,4,0.0,0.0,2,0,Ranking
Teresa Giudice,Pasha Pashkov,TV Personality,New Jersey,United States,50,31,Eliminated Week 2,15,6,4,0.0,0.0,2,0,Ranking
Teresa Giudice,Pasha Pashkov,TV Personality,New Jersey,United States,50,31,Eliminated Week 2,15,7,4,0.0,0.0,2,0,Ranking
Teresa Giudice,Pasha Pashkov,TV Personality,New Jersey,United States,50,31,Eliminated Week 2,15,8,4,0.0,0.0,2,0,Ranking
Teresa Giudice,Pasha Pashkov,TV Personality,New Jersey,United States,50,31,Eliminated Week 2,15,9,4,0.0,0.0,2,0,Ranking
Teresa Giudice,Pasha Pashkov,TV Personality,New Jersey,United States,50,31,Eliminated Week 2,15,10,4,0.0,0.0,2,0,Ranking
Tia Carrere,Maksim Chmerkoskiy,Actor/Actress,Hawaii,United States,39,2,Eliminated Week 5,6,1,3,20.0,6.666666666666667,5,0,Ranking
Tia Carrere,Maksim Chmerkoskiy,Actor/Actress,Hawaii,United States,39,2,Eliminated Week 5,6,2,3,22.0,7.333333333333333,5,0,Ranking
Tia Carrere,Maksim Chmerkoskiy,Actor/Actress,Hawaii,United States,39,2,Eliminated Week 5,6,3,3,26.0,8.666666666666666,5,0,Ranking
Tia Carrere,Maksim Chmerkoskiy,Actor/Actress,Hawaii,United States,39,2,Eliminated Week 5,6,4,3,25.0,8.333333333333334,5,0,Ranking
Tia Carrere,Maksim Chmerkoskiy,Actor/Actress,Hawaii,United States,39,2,Eliminated Week 5,6,5,3,22.0,7.333333333333333,5,1,Ranking
Tia Carrere,Maksim Chmerkoskiy,Actor/Actress,Hawaii,United States,39,2,Eliminated Week 5,6,6,3,0.0,0.0,5,0,Ranking
Tia Carrere,Maksim Chmerkoskiy,Actor/Actress,Hawaii,United States,39,2,Eliminated Week 5,6,7,3,0.0,0.0,5,0,Ranking
Tia Carrere,Maksim Chmerkoskiy,Actor/Actress,Hawaii,United States,39,2,Eliminated Week 5,6,8,3,0.0,0.0,5,0,Ranking
Tori Spelling,Pasha Pashkov,Actor/Actress,California,United States,51,33,Eliminated Week 2,12,1,3,17.0,5.666666666666667,2,0,Ranking
Tori Spelling,Pasha Pashkov,Actor/Actress,California,United States,51,33,Eliminated Week 2,12,2,3,19.0,6.333333333333333,2,1,Ranking
Tori Spelling,Pasha Pashkov,Actor/Actress,California,United States,51,33,Eliminated Week 2,12,3,4,0.0,0.0,2,0,Ranking
Tori Spelling,Pasha Pashkov,Actor/Actress,California,United States,51,33,Eliminated Week 2,12,4,4,0.0,0.0,2,0,Ranking
Tori Spelling,Pasha Pashkov,Actor/Actress,California,United States,51,33,Eliminated Week 2,12,5,3,0.0,0.0,2,0,Ranking
Tori Spelling,Pasha Pashkov,Actor/Actress,California,United States,51,33,Eliminated Week 2,12,6,3,0.0,0.0,2,0,Ranking
Tori Spelling,Pasha Pashkov,Actor/Actress,California,United States,51,33,Eliminated Week 2,12,7,3,0.0,0.0,2,0,Ranking
Tori Spelling,Pasha Pashkov,Actor/Actress,California,United States,51,33,Eliminated Week 2,12,8,3,0.0,0.0,2,0,Ranking
Tori Spelling,Pasha Pashkov,Actor/Actress,California,United States,51,33,Eliminated Week 2,12,9,3,0.0,0.0,2,0,Ranking
Trevor Donovan,Emma Slater,Actor/Actress,California,United States,39,31,Eliminated Week 9,6,1,4,21.0,5.25,9,0,Ranking
Trevor Donovan,Emma Slater,Actor/Actress,California,United States,39,31,Eliminated Week 9,6,2,4,30.0,7.5,9,0,Ranking
Trevor Donovan,Emma Slater,Actor/Actress,California,United States,39,31,Eliminated Week 9,6,3,4,27.0,6.75,9,0,Ranking
Trevor Donovan,Emma Slater,Actor/Actress,California,United States,39,31,Eliminated Week 9,6,4,4,28.0,7.0,9,0,Ranking
Trevor Donovan,Emma Slater,Actor/Actress,California,United States,39,31,Eliminated Week 9,6,5,4,36.0,9.0,9,0,Ranking
Trevor Donovan,Emma Slater,Actor/Actress,California,United States,39,31,Eliminated Week 9,6,6,4,34.0,8.5,9,0,Ranking
Trevor Donovan,Emma Slater,Actor/Actress,California,United States,39,31,Eliminated Week 9,6,7,4,39.0,9.75,9,0,Ranking
Trevor Donovan,Emma Slater,Actor/Actress,California,United States,39,31,Eliminated Week 9,6,8,4,39.0,9.75,9,0,Ranking
Trevor Donovan,Emma Slater,Actor/Actress,California,United States,39,31,Eliminated Week 9,6,9,4,32.5,8.125,9,1,Ranking
Trevor Donovan,Emma Slater,Actor/Actress,California,United States,39,31,Eliminated Week 9,6,10,4,0.0,0.0,9,0,Ranking
Trista Sutter,Louis van Amstel,TV Personality,Indiana,United States,32,1,Eliminated Week 2,6,1,3,18.0,6.0,2,0,Ranking
Trista Sutter,Louis van Amstel,TV Personality,Indiana,United States,32,1,Eliminated Week 2,6,2,3,19.0,6.333333333333333,2,1,Ranking
Trista Sutter,Louis van Amstel,TV Personality,Indiana,United States,32,1,Eliminated Week 2,6,3,3,0.0,0.0,2,0,Ranking
Trista Sutter,Louis van Amstel,TV Personality,Indiana,United States,32,1,Eliminated Week 2,6,4,3,0.0,0.0,2,0,Ranking
Trista Sutter,Louis van Amstel,TV Personality,Indiana,United States,32,1,Eliminated Week 2,6,5,3,0.0,0.0,2,0,Ranking
Trista Sutter,Louis van Amstel,TV Personality,Indiana,United States,32,1,Eliminated Week 2,6,6,3,0.0,0.0,2,0,Ranking
Tyson Beckford,Jenna Johnson,Model,New York,United States,52,32,Eliminated Week 3,12,1,3,12.0,4.0,3,0,Ranking
Tyson Beckford,Jenna Johnson,Model,New York,United States,52,32,Eliminated Week 3,12,2,3,18.0,6.0,3,0,Ranking
Tyson Beckford,Jenna Johnson,Model,New York,United States,52,32,Eliminated Week 3,12,3,4,20.0,5.0,3,1,Ranking
Tyson Beckford,Jenna Johnson,Model,New York,United States,52,32,Eliminated Week 3,12,4,3,0.0,0.0,3,0,Ranking
Tyson Beckford,Jenna Johnson,Model,New York,United States,52,32,Eliminated Week 3,12,5,3,0.0,0.0,3,0,Ranking
Tyson Beckford,Jenna Johnson,Model,New York,United States,52,32,Eliminated Week 3,12,6,4,0.0,0.0,3,0,Ranking
Tyson Beckford,Jenna Johnson,Model,New York,United States,52,32,Eliminated Week 3,12,7,4,0.0,0.0,3,0,Ranking
Tyson Beckford,Jenna Johnson,Model,New York,United States,52,32,Eliminated Week 3,12,8,4,0.0,0.0,3,0,Ranking
Tyson Beckford,Jenna Johnson,Model,New York,United States,52,32,Eliminated Week 3,12,9,4,0.0,0.0,3,0,Ranking
Tyson Beckford,Jenna Johnson,Model,New York,United States,52,32,Eliminated Week 3,12,10,3,0.0,0.0,3,0,Ranking
Tyson Beckford,Jenna Johnson,Model,New York,United States,52,32,Eliminated Week 3,12,11,3,0.0,0.0,3,0,Ranking
Veron Davis,Peta Murgatroyd,Athlete,Washington D.C.,United States,36,29,Eliminated Week 6,11,1,3,17.0,5.666666666666667,6,0,Ranking
Veron Davis,Peta Murgatroyd,Athlete,Washington D.C.,United States,36,29,Eliminated Week 6,11,2,3,18.0,6.0,6,0,Ranking
Veron Davis,Peta Murgatroyd,Athlete,Washington D.C.,United States,36,29,Eliminated Week 6,11,3,3,22.0,7.333333333333333,6,0,Ranking
Veron Davis,Peta Murgatroyd,Athlete,Washington D.C.,United States,36,29,Eliminated Week 6,11,4,3,22.0,7.333333333333333,6,0,Ranking
Veron Davis,Peta Murgatroyd,Athlete,Washington D.C.,United States,36,29,Eliminated Week 6,11,5,3,21.0,7.0,6,0,Ranking
Veron Davis,Peta Murgatroyd,Athlete,Washington D.C.,United States,36,29,Eliminated Week 6,11,6,3,21.0,7.0,6,1,Ranking
Veron Davis,Peta Murgatroyd,Athlete,Washington D.C.,United States,36,29,Eliminated Week 6,11,7,3,0.0,0.0,6,0,Ranking
Veron Davis,Peta Murgatroyd,Athlete,Washington D.C.,United States,36,29,Eliminated Week 6,11,8,3,0.0,0.0,6,0,Ranking
Veron Davis,Peta Murgatroyd,Athlete,Washington D.C.,United States,36,29,Eliminated Week 6,11,9,3,0.0,0.0,6,0,Ranking
Veron Davis,Peta Murgatroyd,Athlete,Washington D.C.,United States,36,29,Eliminated Week 6,11,10,3,0.0,0.0,6,0,Ranking
Veron Davis,Peta Murgatroyd,Athlete,Washington D.C.,United States,36,29,Eliminated Week 6,11,11,3,0.0,0.0,6,0,Ranking
Vinny Guadagnino,Koko Iwasaki,TV Personality,New York,United States,34,31,Eliminated Week 8,7,1,4,17.0,4.25,8,0,Ranking
Vinny Guadagnino,Koko Iwasaki,TV Personality,New York,United States,34,31,Eliminated Week 8,7,2,4,27.0,6.75,8,0,Ranking
Vinny Guadagnino,Koko Iwasaki,TV Personality,New York,United States,34,31,Eliminated Week 8,7,3,4,23.0,5.75,8,0,Ranking
Vinny Guadagnino,Koko Iwasaki,TV Personality,New York,United States,34,31,Eliminated Week 8,7,4,4,29.0,7.25,8,0,Ranking
Vinny Guadagnino,Koko Iwasaki,TV Personality,New York,United States,34,31,Eliminated Week 8,7,5,4,31.0,7.75,8,0,Ranking
Vinny Guadagnino,Koko Iwasaki,TV Personality,New York,United States,34,31,Eliminated Week 8,7,6,4,28.0,7.0,8,0,Ranking
Vinny Guadagnino,Koko Iwasaki,TV Personality,New York,United States,34,31,Eliminated Week 8,7,7,4,31.5,7.875,8,0,Ranking
Vinny Guadagnino,Koko Iwasaki,TV Personality,New York,United States,34,31,Eliminated Week 8,7,8,4,29.0,7.25,8,1,Ranking
Vinny Guadagnino,Koko Iwasaki,TV Personality,New York,United States,34,31,Eliminated Week 8,7,9,4,0.0,0.0,8,0,Ranking
Vinny Guadagnino,Koko Iwasaki,TV Personality,New York,United States,34,31,Eliminated Week 8,7,10,4,0.0,0.0,8,0,Ranking
Wayne Brady,Witney Carson,Comedian,Georgia,United States,50,31,3rd Place,3,1,4,29.0,7.25,99,0,Ranking
Wayne Brady,Witney Carson,Comedian,Georgia,United States,50,31,3rd Place,3,2,4,32.0,8.0,99,0,Ranking
Wayne Brady,Witney Carson,Comedian,Georgia,United States,50,31,3rd Place,3,3,4,33.0,8.25,99,0,Ranking
Wayne Brady,Witney Carson,Comedian,Georgia,United States,50,31,3rd Place,3,4,4,36.0,9.0,99,0,Ranking
Wayne Brady,Witney Carson,Comedian,Georgia,United States,50,31,3rd Place,3,5,4,41.0,10.25,99,0,Ranking
Wayne Brady,Witney Carson,Comedian,Georgia,United States,50,31,3rd Place,3,6,4,34.0,8.5,99,0,Ranking
Wayne Brady,Witney Carson,Comedian,Georgia,United States,50,31,3rd Place,3,7,4,38.0,9.5,99,0,Ranking
Wayne Brady,Witney Carson,Comedian,Georgia,United States,50,31,3rd Place,3,8,4,45.0,11.25,99,0,Ranking
Wayne Brady,Witney Carson,Comedian,Georgia,United States,50,31,3rd Place,3,9,4,36.5,9.125,99,0,Ranking
Wayne Brady,Witney Carson,Comedian,Georgia,United States,50,31,3rd Place,3,10,4,38.0,9.5,99,0,Ranking
Whitney Leavitt,Mark Ballas,TV Personality,Utah,United States,32,34,Eliminated Week 10,6,1,2,15.0,7.5,10,0,Ranking
Whitney Leavitt,Mark Ballas,TV Personality,Utah,United States,32,34,Eliminated Week 10,6,2,3,22.0,7.333333333333333,10,0,Ranking
Whitney Leavitt,Mark Ballas,TV Personality,Utah,United States,32,34,Eliminated Week 10,6,3,3,24.0,8.0,10,0,Ranking
Whitney Leavitt,Mark Ballas,TV Personality,Utah,United States,32,34,Eliminated Week 10,6,4,3,25.0,8.333333333333334,10,0,Ranking
Whitney Leavitt,Mark Ballas,TV Personality,Utah,United States,32,34,Eliminated Week 10,6,5,4,33.0,8.25,10,0,Ranking
Whitney Leavitt,Mark Ballas,TV Personality,Utah,United States,32,34,Eliminated Week 10,6,6,4,39.0,9.75,10,0,Ranking
Whitney Leavitt,Mark Ballas,TV Personality,Utah,United States,32,34,Eliminated Week 10,6,7,4,42.0,10.5,10,0,Ranking
Whitney Leavitt,Mark Ballas,TV Personality,Utah,United States,32,34,Eliminated Week 10,6,8,4,39.5,9.875,10,0,Ranking
Whitney Leavitt,Mark Ballas,TV Personality,Utah,United States,32,34,Eliminated Week 10,6,9,4,42.0,10.5,10,0,Ranking
Whitney Leavitt,Mark Ballas,TV Personality,Utah,United States,32,34,Eliminated Week 10,6,10,3,29.0,9.666666666666666,10,1,Ranking
Whitney Leavitt,Mark Ballas,TV Personality,Utah,United States,32,34,Eliminated Week 10,6,11,3,0.0,0.0,10,0,Ranking
Xochitl Gomez,Valentin Chmerkovskiy,Actor/Actress,California,United States,17,32,1st Place,1,1,3,18.0,6.0,99,0,Ranking
Xochitl Gomez,Valentin Chmerkovskiy,Actor/Actress,California,United States,17,32,1st Place,1,2,3,24.0,8.0,99,0,Ranking
Xochitl Gomez,Valentin Chmerkovskiy,Actor/Actress,California,United States,17,32,1st Place,1,3,4,32.0,8.0,99,0,Ranking
Xochitl Gomez,Valentin Chmerkovskiy,Actor/Actress,California,United States,17,32,1st Place,1,4,3,27.0,9.0,99,0,Ranking
Xochitl Gomez,Valentin Chmerkovskiy,Actor/Actress,California,United States,17,32,1st Place,1,5,3,28.0,9.333333333333334,99,0,Ranking
Xochitl Gomez,Valentin Chmerkovskiy,Actor/Actress,California,United States,17,32,1st Place,1,6,4,42.0,10.5,99,0,Ranking
Xochitl Gomez,Valentin Chmerkovskiy,Actor/Actress,California,United States,17,32,1st Place,1,7,4,37.0,9.25,99,0,Ranking
Xochitl Gomez,Valentin Chmerkovskiy,Actor/Actress,California,United States,17,32,1st Place,1,8,4,40.0,10.0,99,0,Ranking
Xochitl Gomez,Valentin Chmerkovskiy,Actor/Actress,California,United States,17,32,1st Place,1,9,4,41.0,10.25,99,0,Ranking
Xochitl Gomez,Valentin Chmerkovskiy,Actor/Actress,California,United States,17,32,1st Place,1,10,3,30.0,10.0,99,0,Ranking
Xochitl Gomez,Valentin Chmerkovskiy,Actor/Actress,California,United States,17,32,1st Place,1,11,3,30.0,10.0,99,0,Ranking
Aaron Carter,Karina Smirnoff,Singer/Rapper,Florida,United States,21,9,Eliminated Week 8,5,1,3,31.999899999999997,10.666633333333332,8,0,Percentage
Aaron Carter,Karina Smirnoff,Singer/Rapper,Florida,United States,21,9,Eliminated Week 8,5,2,3,27.0,9.0,8,0,Percentage
Aaron Carter,Karina Smirnoff,Singer/Rapper,Florida,United States,21,9,Eliminated Week 8,5,3,3,21.0,7.0,8,0,Percentage
Aaron Carter,Karina Smirnoff,Singer/Rapper,Florida,United States,21,9,Eliminated Week 8,5,4,3,18.0,6.0,8,0,Percentage
Aaron Carter,Karina Smirnoff,Singer/Rapper,Florida,United States,21,9,Eliminated Week 8,5,5,3,24.0,8.0,8,0,Percentage
Aaron Carter,Karina Smirnoff,Singer/Rapper,Florida,United States,21,9,Eliminated Week 8,5,6,3,32.9998,10.999933333333333,8,0,Percentage
Aaron Carter,Karina Smirnoff,Singer/Rapper,Florida,United States,21,9,Eliminated Week 8,5,7,3,26.5,8.833333333333334,8,0,Percentage
Aaron Carter,Karina Smirnoff,Singer/Rapper,Florida,United States,21,9,Eliminated Week 8,5,8,3,25.0,8.333333333333334,8,1,Percentage
Aaron Carter,Karina Smirnoff,Singer/Rapper,Florida,United States,21,9,Eliminated Week 8,5,9,3,0.0,0.0,8,0,Percentage
Aaron Carter,Karina Smirnoff,Singer/Rapper,Florida,United States,21,9,Eliminated Week 8,5,10,3,0.0,0.0,8,0,Percentage
Adam Carolla,Julianne Hough,Radio Personality,California,United States,43,6,Eliminated Week 4,9,1,3,15.0,5.0,4,0,Percentage
Adam Carolla,Julianne Hough,Radio Personality,California,United States,43,6,Eliminated Week 4,9,2,3,19.0,6.333333333333333,4,0,Percentage
Adam Carolla,Julianne Hough,Radio Personality,California,United States,43,6,Eliminated Week 4,9,3,3,21.0,7.0,4,0,Percentage
Adam Carolla,Julianne Hough,Radio Personality,California,United States,43,6,Eliminated Week 4,9,4,3,19.0,6.333333333333333,4,1,Percentage
Adam Carolla,Julianne Hough,Radio Personality,California,United States,43,6,Eliminated Week 4,9,5,3,0.0,0.0,4,0,Percentage
Adam Carolla,Julianne Hough,Radio Personality,California,United States,43,6,Eliminated Week 4,9,6,3,0.0,0.0,4,0,Percentage
Adam Carolla,Julianne Hough,Radio Personality,California,United States,43,6,Eliminated Week 4,9,7,3,0.0,0.0,4,0,Percentage
Adam Carolla,Julianne Hough,Radio Personality,California,United States,43,6,Eliminated Week 4,9,8,3,0.0,0.0,4,0,Percentage
Adam Carolla,Julianne Hough,Radio Personality,California,United States,43,6,Eliminated Week 4,9,9,3,0.0,0.0,4,0,Percentage
Adam Carolla,Julianne Hough,Radio Personality,California,United States,43,6,Eliminated Week 4,9,10,3,0.0,0.0,4,0,Percentage
Adam Rippon,Jenna Johnson,Athlete,Pennsylvania,United States,28,26,1st Place,1,1,3,24.0,8.0,99,0,Percentage
Adam Rippon,Jenna Johnson,Athlete,Pennsylvania,United States,28,26,1st Place,1,2,4,37.0,9.25,99,0,Percentage
Adam Rippon,Jenna Johnson,Athlete,Pennsylvania,United States,28,26,1st Place,1,3,4,41.0,10.25,99,0,Percentage
Adam Rippon,Jenna Johnson,Athlete,Pennsylvania,United States,28,26,1st Place,1,4,3,29.0,9.666666666666666,99,0,Percentage
Albert Reed,Anna Trebunskaya,Model,Florida,United States,22,5,Eliminated Week 2,11,1,3,21.0,7.0,2,0,Percentage
Albert Reed,Anna Trebunskaya,Model,Florida,United States,22,5,Eliminated Week 2,11,2,3,21.0,7.0,2,1,Percentage
Albert Reed,Anna Trebunskaya,Model,Florida,United States,22,5,Eliminated Week 2,11,3,3,0.0,0.0,2,0,Percentage
Albert Reed,Anna Trebunskaya,Model,Florida,United States,22,5,Eliminated Week 2,11,4,3,0.0,0.0,2,0,Percentage
Albert Reed,Anna Trebunskaya,Model,Florida,United States,22,5,Eliminated Week 2,11,5,3,0.0,0.0,2,0,Percentage
Albert Reed,Anna Trebunskaya,Model,Florida,United States,22,5,Eliminated Week 2,11,6,3,0.0,0.0,2,0,Percentage
Albert Reed,Anna Trebunskaya,Model,Florida,United States,22,5,Eliminated Week 2,11,7,3,0.0,0.0,2,0,Percentage
Albert Reed,Anna Trebunskaya,Model,Florida,United States,22,5,Eliminated Week 2,11,8,3,0.0,0.0,2,0,Percentage
Albert Reed,Anna Trebunskaya,Model,Florida,United States,22,5,Eliminated Week 2,11,9,3,0.0,0.0,2,0,Percentage
Albert Reed,Anna Trebunskaya,Model,Florida,United States,22,5,Eliminated Week 2,11,10,3,0.0,0.0,2,0,Percentage
Alek Skarlatos,Lindsay Arnold,Military,California,United States,22,21,3rd Place,3,1,3,22.0,7.333333333333333,99,0,Percentage
Alek Skarlatos,Lindsay Arnold,Military,California,United States,22,21,3rd Place,3,2,3,22.5,7.5,99,0,Percentage
Alek Skarlatos,Lindsay Arnold,Military,California,United States,22,21,3rd Place,3,3,4,33.0,8.25,99,0,Percentage
Alek Skarlatos,Lindsay Arnold,Military,California,United States,22,21,3rd Place,3,4,3,24.0,8.0,99,0,Percentage
Alek Skarlatos,Lindsay Arnold,Military,California,United States,22,21,3rd Place,3,5,4,29.0,7.25,99,0,Percentage
Alek Skarlatos,Lindsay Arnold,Military,California,United States,22,21,3rd Place,3,6,4,30.0,7.5,99,0,Percentage
Alek Skarlatos,Lindsay Arnold,Military,California,United States,22,21,3rd Place,3,7,3,26.5,8.833333333333334,99,0,Percentage
Alek Skarlatos,Lindsay Arnold,Military,California,United States,22,21,3rd Place,3,8,3,25.0,8.333333333333334,99,0,Percentage
Alek Skarlatos,Lindsay Arnold,Military,California,United States,22,21,3rd Place,3,9,3,25.5,8.5,99,0,Percentage
Alek Skarlatos,Lindsay Arnold,Military,California,United States,22,21,3rd Place,3,10,3,28.5,9.5,99,0,Percentage
Alek Skarlatos,Lindsay Arnold,Military,California,United States,22,21,3rd Place,3,11,3,27.999899999999997,9.3333,99,0,Percentage
Alexa PenaVega,Mark Ballas,Actor/Actress,Florida,United States,27,21,Eliminated Week 9,6,1,3,22.0,7.333333333333333,9,0,Percentage
Alexa PenaVega,Mark Ballas,Actor/Actress,Florida,United States,27,21,Eliminated Week 9,6,2,3,23.0,7.666666666666667,9,0,Percentage
Alexa PenaVega,Mark Ballas,Actor/Actress,Florida,United States,27,21,Eliminated Week 9,6,3,4,36.0,9.0,9,0,Percentage
Alexa PenaVega,Mark Ballas,Actor/Actress,Florida,United States,27,21,Eliminated Week 9,6,4,3,21.0,7.0,9,0,Percentage
Alexa PenaVega,Mark Ballas,Actor/Actress,Florida,United States,27,21,Eliminated Week 9,6,5,4,40.0,10.0,9,0,Percentage
Alexa PenaVega,Mark Ballas,Actor/Actress,Florida,United States,27,21,Eliminated Week 9,6,6,4,30.0,7.5,9,0,Percentage
Alexa PenaVega,Mark Ballas,Actor/Actress,Florida,United States,27,21,Eliminated Week 9,6,7,3,27.5,9.166666666666666,9,0,Percentage
Alexa PenaVega,Mark Ballas,Actor/Actress,Florida,United States,27,21,Eliminated Week 9,6,8,3,26.9998,8.999933333333333,9,0,Percentage
Alexa PenaVega,Mark Ballas,Actor/Actress,Florida,United States,27,21,Eliminated Week 9,6,9,3,30.0,10.0,9,1,Percentage
Alexa PenaVega,Mark Ballas,Actor/Actress,Florida,United States,27,21,Eliminated Week 9,6,10,3,0.0,0.0,9,0,Percentage
Alexa PenaVega,Mark Ballas,Actor/Actress,Florida,United States,27,21,Eliminated Week 9,6,11,3,0.0,0.0,9,0,Percentage
Alexandra Raisman,Mark Ballas,Athlete,Massachusetts,United States,18,16,Eliminated Week 10,4,1,3,21.0,7.0,10,0,Percentage
Alexandra Raisman,Mark Ballas,Athlete,Massachusetts,United States,18,16,Eliminated Week 10,4,2,3,24.0,8.0,10,0,Percentage
Alexandra Raisman,Mark Ballas,Athlete,Massachusetts,United States,18,16,Eliminated Week 10,4,3,3,23.0,7.666666666666667,10,0,Percentage
Alexandra Raisman,Mark Ballas,Athlete,Massachusetts,United States,18,16,Eliminated Week 10,4,4,3,27.0,9.0,10,0,Percentage
Alexandra Raisman,Mark Ballas,Athlete,Massachusetts,United States,18,16,Eliminated Week 10,4,5,3,25.0,8.333333333333334,10,0,Percentage
Alexandra Raisman,Mark Ballas,Athlete,Massachusetts,United States,18,16,Eliminated Week 10,4,6,3,26.0,8.666666666666666,10,0,Percentage
Alexandra Raisman,Mark Ballas,Athlete,Massachusetts,United States,18,16,Eliminated Week 10,4,7,3,32.0,10.666666666666666,10,0,Percentage
Alexandra Raisman,Mark Ballas,Athlete,Massachusetts,United States,18,16,Eliminated Week 10,4,8,3,28.0,9.333333333333334,10,0,Percentage
Alexandra Raisman,Mark Ballas,Athlete,Massachusetts,United States,18,16,Eliminated Week 10,4,9,3,29.5,9.833333333333334,10,0,Percentage
Alexandra Raisman,Mark Ballas,Athlete,Massachusetts,United States,18,16,Eliminated Week 10,4,10,3,29.0,9.666666666666666,10,1,Percentage
Alexis Ren,Alan Bersten,Social Media Personality,California,United States,21,27,4th Place,4,1,3,22.0,7.333333333333333,99,0,Percentage
Alexis Ren,Alan Bersten,Social Media Personality,California,United States,21,27,4th Place,4,2,3,24.5,8.166666666666666,99,0,Percentage
Alexis Ren,Alan Bersten,Social Media Personality,California,United States,21,27,4th Place,4,3,3,26.0,8.666666666666666,99,0,Percentage
Alexis Ren,Alan Bersten,Social Media Personality,California,United States,21,27,4th Place,4,4,3,25.0,8.333333333333334,99,0,Percentage
Alexis Ren,Alan Bersten,Social Media Personality,California,United States,21,27,4th Place,4,5,3,29.0,9.666666666666666,99,0,Percentage
Alexis Ren,Alan Bersten,Social Media Personality,California,United States,21,27,4th Place,4,6,3,27.0,9.0,99,0,Percentage
Alexis Ren,Alan Bersten,Social Media Personality,California,United States,21,27,4th Place,4,7,3,27.5,9.166666666666666,99,0,Percentage
Alexis Ren,Alan Bersten,Social Media Personality,California,United States,21,27,4th Place,4,8,3,29.0,9.666666666666666,99,0,Percentage
Alexis Ren,Alan Bersten,Social Media Personality,California,United States,21,27,4th Place,4,9,3,28.5,9.5,99,0,Percentage
Alfonso Ribeiro,Witney Carson,Actor/Actress,New York,United States,42,19,1st Place,1,1,4,36.0,9.0,99,0,Percentage
Alfonso Ribeiro,Witney Carson,Actor/Actress,New York,United States,42,19,1st Place,1,2,4,32.0,8.0,99,0,Percentage
Alfonso Ribeiro,Witney Carson,Actor/Actress,New York,United States,42,19,1st Place,1,3,4,32.0,8.0,99,0,Percentage
Alfonso Ribeiro,Witney Carson,Actor/Actress,New York,United States,42,19,1st Place,1,4,4,40.0,10.0,99,0,Percentage
Alfonso Ribeiro,Witney Carson,Actor/Actress,New York,United States,42,19,1st Place,1,5,4,34.0,8.5,99,0,Percentage
Alfonso Ribeiro,Witney Carson,Actor/Actress,New York,United States,42,19,1st Place,1,6,4,39.0,9.75,99,0,Percentage
Alfonso Ribeiro,Witney Carson,Actor/Actress,New York,United States,42,19,1st Place,1,7,4,34.0,8.5,99,0,Percentage
Alfonso Ribeiro,Witney Carson,Actor/Actress,New York,United States,42,19,1st Place,1,8,4,41.0,10.25,99,0,Percentage
Alfonso Ribeiro,Witney Carson,Actor/Actress,New York,United States,42,19,1st Place,1,9,4,38.5,9.625,99,0,Percentage
Alfonso Ribeiro,Witney Carson,Actor/Actress,New York,United States,42,19,1st Place,1,10,4,37.5,9.375,99,0,Percentage
Alfonso Ribeiro,Witney Carson,Actor/Actress,New York,United States,42,19,1st Place,1,11,4,40.0,10.0,99,0,Percentage
Amber Riley,Derek Hough,Actor/Actress,California,United States,27,17,1st Place,1,1,3,27.0,9.0,99,0,Percentage
Amber Riley,Derek Hough,Actor/Actress,California,United States,27,17,1st Place,1,2,3,24.0,8.0,99,0,Percentage
Amber Riley,Derek Hough,Actor/Actress,California,United States,27,17,1st Place,1,3,3,24.0,8.0,99,0,Percentage
Amber Riley,Derek Hough,Actor/Actress,California,United States,27,17,1st Place,1,4,3,27.0,9.0,99,0,Percentage
Amber Riley,Derek Hough,Actor/Actress,California,United States,27,17,1st Place,1,5,3,26.0,8.666666666666666,99,0,Percentage
Amber Riley,Derek Hough,Actor/Actress,California,United States,27,17,1st Place,1,6,3,31.999899999999997,10.666633333333332,99,0,Percentage
Amber Riley,Derek Hough,Actor/Actress,California,United States,27,17,1st Place,1,7,3,29.5,9.833333333333334,99,0,Percentage
Amber Riley,Derek Hough,Actor/Actress,California,United States,27,17,1st Place,1,8,3,28.0,9.333333333333334,99,0,Percentage
Amber Riley,Derek Hough,Actor/Actress,California,United States,27,17,1st Place,1,9,3,25.5,8.5,99,0,Percentage
Amber Riley,Derek Hough,Actor/Actress,California,United States,27,17,1st Place,1,10,4,39.5,9.875,99,0,Percentage
Amber Riley,Derek Hough,Actor/Actress,California,United States,27,17,1st Place,1,11,3,31.333199999999998,10.4444,99,0,Percentage
Amber Rose,Maksim Chmerkoskiy,Model,Pennsylvania,United States,32,23,Eliminated Week 6,9,1,4,24.0,6.0,6,0,Percentage
Amber Rose,Maksim Chmerkoskiy,Model,Pennsylvania,United States,32,23,Eliminated Week 6,9,2,4,24.0,6.0,6,0,Percentage
Amber Rose,Maksim Chmerkoskiy,Model,Pennsylvania,United States,32,23,Eliminated Week 6,9,3,4,25.0,6.25,6,0,Percentage
Amber Rose,Maksim Chmerkoskiy,Model,Pennsylvania,United States,32,23,Eliminated Week 6,9,4,3,24.0,8.0,6,0,Percentage
Amber Rose,Maksim Chmerkoskiy,Model,Pennsylvania,United States,32,23,Eliminated Week 6,9,5,3,24.0,8.0,6,0,Percentage
Amber Rose,Maksim Chmerkoskiy,Model,Pennsylvania,United States,32,23,Eliminated Week 6,9,6,4,28.0,7.0,6,1,Percentage
Amber Rose,Maksim Chmerkoskiy,Model,Pennsylvania,United States,32,23,Eliminated Week 6,9,7,4,0.0,0.0,6,0,Percentage
Amber Rose,Maksim Chmerkoskiy,Model,Pennsylvania,United States,32,23,Eliminated Week 6,9,8,3,0.0,0.0,6,0,Percentage
Amber Rose,Maksim Chmerkoskiy,Model,Pennsylvania,United States,32,23,Eliminated Week 6,9,9,4,0.0,0.0,6,0,Percentage
Amber Rose,Maksim Chmerkoskiy,Model,Pennsylvania,United States,32,23,Eliminated Week 6,9,10,3,0.0,0.0,6,0,Percentage
Amber Rose,Maksim Chmerkoskiy,Model,Pennsylvania,United States,32,23,Eliminated Week 6,9,11,4,0.0,0.0,6,0,Percentage
Amy Purdy,Derek Hough,Athlete,Nevada,United States,34,18,2nd Place,2,1,3,24.0,8.0,99,0,Percentage
Amy Purdy,Derek Hough,Athlete,Nevada,United States,34,18,2nd Place,2,2,3,24.0,8.0,99,0,Percentage
Amy Purdy,Derek Hough,Athlete,Nevada,United States,34,18,2nd Place,2,3,4,36.0,9.0,99,0,Percentage
Amy Purdy,Derek Hough,Athlete,Nevada,United States,34,18,2nd Place,2,4,4,34.0,8.5,99,0,Percentage
Amy Purdy,Derek Hough,Athlete,Nevada,United States,34,18,2nd Place,2,5,4,37.0,9.25,99,0,Percentage
Amy Purdy,Derek Hough,Athlete,Nevada,United States,34,18,2nd Place,2,6,4,38.0,9.5,99,0,Percentage
Amy Purdy,Derek Hough,Athlete,Nevada,United States,34,18,2nd Place,2,7,4,37.5,9.375,99,0,Percentage
Amy Purdy,Derek Hough,Athlete,Nevada,United States,34,18,2nd Place,2,8,4,40.0,10.0,99,0,Percentage
Amy Purdy,Derek Hough,Athlete,Nevada,United States,34,18,2nd Place,2,9,4,39.0,9.75,99,0,Percentage
Amy Purdy,Derek Hough,Athlete,Nevada,United States,34,18,2nd Place,2,10,3,29.666600000000003,9.888866666666667,99,0,Percentage
Andy Dick,Sharna Burgess,Comedian,South Carolina,United States,47,16,Eliminated Week 7,7,1,3,17.0,5.666666666666667,7,0,Percentage
Andy Dick,Sharna Burgess,Comedian,South Carolina,United States,47,16,Eliminated Week 7,7,2,3,20.0,6.666666666666667,7,0,Percentage
Andy Dick,Sharna Burgess,Comedian,South Carolina,United States,47,16,Eliminated Week 7,7,3,3,18.0,6.0,7,0,Percentage
Andy Dick,Sharna Burgess,Comedian,South Carolina,United States,47,16,Eliminated Week 7,7,4,3,21.0,7.0,7,0,Percentage
Andy Dick,Sharna Burgess,Comedian,South Carolina,United States,47,16,Eliminated Week 7,7,5,3,18.0,6.0,7,0,Percentage
Andy Dick,Sharna Burgess,Comedian,South Carolina,United States,47,16,Eliminated Week 7,7,6,3,21.5,7.166666666666667,7,0,Percentage
Andy Dick,Sharna Burgess,Comedian,South Carolina,United States,47,16,Eliminated Week 7,7,7,3,17.0,5.666666666666667,7,1,Percentage
Andy Dick,Sharna Burgess,Comedian,South Carolina,United States,47,16,Eliminated Week 7,7,8,3,0.0,0.0,7,0,Percentage
Andy Dick,Sharna Burgess,Comedian,South Carolina,United States,47,16,Eliminated Week 7,7,9,3,0.0,0.0,7,0,Percentage
Andy Dick,Sharna Burgess,Comedian,South Carolina,United States,47,16,Eliminated Week 7,7,10,3,0.0,0.0,7,0,Percentage
Andy Grammer,Allison Holker,Singer/Rapper,California,United States,31,21,Eliminated Week 8,7,1,3,21.0,7.0,8,0,Percentage
Andy Grammer,Allison Holker,Singer/Rapper,California,United States,31,21,Eliminated Week 8,7,2,3,22.0,7.333333333333333,8,0,Percentage
Andy Grammer,Allison Holker,Singer/Rapper,California,United States,31,21,Eliminated Week 8,7,3,4,29.0,7.25,8,0,Percentage
Andy Grammer,Allison Holker,Singer/Rapper,California,United States,31,21,Eliminated Week 8,7,4,3,23.0,7.666666666666667,8,0,Percentage
Andy Grammer,Allison Holker,Singer/Rapper,California,United States,31,21,Eliminated Week 8,7,5,4,36.0,9.0,8,0,Percentage
Andy Grammer,Allison Holker,Singer/Rapper,California,United States,31,21,Eliminated Week 8,7,6,4,40.0,10.0,8,0,Percentage
Andy Grammer,Allison Holker,Singer/Rapper,California,United States,31,21,Eliminated Week 8,7,7,3,28.0,9.333333333333334,8,0,Percentage
Andy Grammer,Allison Holker,Singer/Rapper,California,United States,31,21,Eliminated Week 8,7,8,3,23.9998,7.999933333333334,8,1,Percentage
Andy Grammer,Allison Holker,Singer/Rapper,California,United States,31,21,Eliminated Week 8,7,9,3,0.0,0.0,8,0,Percentage
Andy Grammer,Allison Holker,Singer/Rapper,California,United States,31,21,Eliminated Week 8,7,10,3,0.0,0.0,8,0,Percentage
Andy Grammer,Allison Holker,Singer/Rapper,California,United States,31,21,Eliminated Week 8,7,11,3,0.0,0.0,8,0,Percentage
Antonio Brown,Sharna Burgess,Athlete,Florida,United States,27,22,Eliminated Week 9,5,1,3,21.0,7.0,9,0,Percentage
Antonio Brown,Sharna Burgess,Athlete,Florida,United States,27,22,Eliminated Week 9,5,2,3,19.0,6.333333333333333,9,0,Percentage
Antonio Brown,Sharna Burgess,Athlete,Florida,United States,27,22,Eliminated Week 9,5,3,3,20.0,6.666666666666667,9,0,Percentage
Antonio Brown,Sharna Burgess,Athlete,Florida,United States,27,22,Eliminated Week 9,5,4,4,35.0,8.75,9,0,Percentage
Antonio Brown,Sharna Burgess,Athlete,Florida,United States,27,22,Eliminated Week 9,5,5,4,26.0,6.5,9,0,Percentage
Antonio Brown,Sharna Burgess,Athlete,Florida,United States,27,22,Eliminated Week 9,5,6,3,27.0,9.0,9,0,Percentage
Antonio Brown,Sharna Burgess,Athlete,Florida,United States,27,22,Eliminated Week 9,5,7,3,26.0,8.666666666666666,9,0,Percentage
Antonio Brown,Sharna Burgess,Athlete,Florida,United States,27,22,Eliminated Week 9,5,8,3,27.0,9.0,9,0,Percentage
Antonio Brown,Sharna Burgess,Athlete,Florida,United States,27,22,Eliminated Week 9,5,9,3,27.5,9.166666666666666,9,1,Percentage
Antonio Brown,Sharna Burgess,Athlete,Florida,United States,27,22,Eliminated Week 9,5,10,3,0.0,0.0,9,0,Percentage
Apolo Anton Ohno,Julianne Hough,Athlete,Washington,United States,24,4,1st Place,1,1,3,21.0,7.0,99,0,Percentage
Apolo Anton Ohno,Julianne Hough,Athlete,Washington,United States,24,4,1st Place,1,2,3,26.0,8.666666666666666,99,0,Percentage
Apolo Anton Ohno,Julianne Hough,Athlete,Washington,United States,24,4,1st Place,1,3,3,23.0,7.666666666666667,99,0,Percentage
Apolo Anton Ohno,Julianne Hough,Athlete,Washington,United States,24,4,1st Place,1,4,3,26.0,8.666666666666666,99,0,Percentage
Apolo Anton Ohno,Julianne Hough,Athlete,Washington,United States,24,4,1st Place,1,5,3,30.0,10.0,99,0,Percentage
Apolo Anton Ohno,Julianne Hough,Athlete,Washington,United States,24,4,1st Place,1,6,3,28.0,9.333333333333334,99,0,Percentage
Apolo Anton Ohno,Julianne Hough,Athlete,Washington,United States,24,4,1st Place,1,7,3,27.0,9.0,99,0,Percentage
Apolo Anton Ohno,Julianne Hough,Athlete,Washington,United States,24,4,1st Place,1,8,3,29.0,9.666666666666666,99,0,Percentage
Apolo Anton Ohno,Julianne Hough,Athlete,Washington,United States,24,4,1st Place,1,9,3,29.5,9.833333333333334,99,0,Percentage
Apolo Anton Ohno,Julianne Hough,Athlete,Washington,United States,24,4,1st Place,1,10,3,29.3332,9.777733333333334,99,0,Percentage
Apolo Anton Ohno,Karina Smirnoff,Athlete,Washington,United States,30,15,Eliminated Week 9,5,1,3,22.0,7.333333333333333,9,0,Percentage
Apolo Anton Ohno,Karina Smirnoff,Athlete,Washington,United States,30,15,Eliminated Week 9,5,2,3,24.5,8.166666666666666,9,0,Percentage
Apolo Anton Ohno,Karina Smirnoff,Athlete,Washington,United States,30,15,Eliminated Week 9,5,3,3,25.5,8.5,9,0,Percentage
Apolo Anton Ohno,Karina Smirnoff,Athlete,Washington,United States,30,15,Eliminated Week 9,5,4,4,34.5,8.625,9,0,Percentage
Apolo Anton Ohno,Karina Smirnoff,Athlete,Washington,United States,30,15,Eliminated Week 9,5,5,3,28.25,9.416666666666666,9,0,Percentage
Apolo Anton Ohno,Karina Smirnoff,Athlete,Washington,United States,30,15,Eliminated Week 9,5,6,3,30.0,10.0,9,0,Percentage
Apolo Anton Ohno,Karina Smirnoff,Athlete,Washington,United States,30,15,Eliminated Week 9,5,7,3,33.0,11.0,9,0,Percentage
Apolo Anton Ohno,Karina Smirnoff,Athlete,Washington,United States,30,15,Eliminated Week 9,5,8,3,29.2777,9.759233333333333,9,0,Percentage
Apolo Anton Ohno,Karina Smirnoff,Athlete,Washington,United States,30,15,Eliminated Week 9,5,9,3,28.610999999999997,9.536999999999999,9,1,Percentage
Apolo Anton Ohno,Karina Smirnoff,Athlete,Washington,United States,30,15,Eliminated Week 9,5,10,3,0.0,0.0,9,0,Percentage
Arike Ogunbowale,Gleb Savchenko,Athlete,Wisconsin,United States,21,26,Eliminated Week 2,7,1,3,20.0,6.666666666666667,2,0,Percentage
Arike Ogunbowale,Gleb Savchenko,Athlete,Wisconsin,United States,21,26,Eliminated Week 2,7,2,4,35.0,8.75,2,1,Percentage
Arike Ogunbowale,Gleb Savchenko,Athlete,Wisconsin,United States,21,26,Eliminated Week 2,7,3,4,0.0,0.0,2,0,Percentage
Arike Ogunbowale,Gleb Savchenko,Athlete,Wisconsin,United States,21,26,Eliminated Week 2,7,4,3,0.0,0.0,2,0,Percentage
Ashley Hamiliton,Edyta Sliwinska,Actor/Actress,California,United States,34,9,Eliminated Week 1,16,1,3,18.9999,6.3333,1,1,Percentage
Ashley Hamiliton,Edyta Sliwinska,Actor/Actress,California,United States,34,9,Eliminated Week 1,16,2,3,0.0,0.0,1,0,Percentage
Ashley Hamiliton,Edyta Sliwinska,Actor/Actress,California,United States,34,9,Eliminated Week 1,16,3,3,0.0,0.0,1,0,Percentage
Ashley Hamiliton,Edyta Sliwinska,Actor/Actress,California,United States,34,9,Eliminated Week 1,16,4,3,0.0,0.0,1,0,Percentage
Ashley Hamiliton,Edyta Sliwinska,Actor/Actress,California,United States,34,9,Eliminated Week 1,16,5,3,0.0,0.0,1,0,Percentage
Ashley Hamiliton,Edyta Sliwinska,Actor/Actress,California,United States,34,9,Eliminated Week 1,16,6,3,0.0,0.0,1,0,Percentage
Ashley Hamiliton,Edyta Sliwinska,Actor/Actress,California,United States,34,9,Eliminated Week 1,16,7,3,0.0,0.0,1,0,Percentage
Ashley Hamiliton,Edyta Sliwinska,Actor/Actress,California,United States,34,9,Eliminated Week 1,16,8,3,0.0,0.0,1,0,Percentage
Ashley Hamiliton,Edyta Sliwinska,Actor/Actress,California,United States,34,9,Eliminated Week 1,16,9,3,0.0,0.0,1,0,Percentage
Ashley Hamiliton,Edyta Sliwinska,Actor/Actress,California,United States,34,9,Eliminated Week 1,16,10,3,0.0,0.0,1,0,Percentage
Audrina Patridge,Tony Dovolani,TV Personality,California,United States,25,11,Eliminated Week 6,7,1,3,19.0,6.333333333333333,6,0,Percentage
Audrina Patridge,Tony Dovolani,TV Personality,California,United States,25,11,Eliminated Week 6,7,2,3,23.0,7.666666666666667,6,0,Percentage
Audrina Patridge,Tony Dovolani,TV Personality,California,United States,25,11,Eliminated Week 6,7,3,3,26.0,8.666666666666666,6,0,Percentage
Audrina Patridge,Tony Dovolani,TV Personality,California,United States,25,11,Eliminated Week 6,7,4,3,23.0,7.666666666666667,6,0,Percentage
Audrina Patridge,Tony Dovolani,TV Personality,California,United States,25,11,Eliminated Week 6,7,5,3,23.0,7.666666666666667,6,0,Percentage
Audrina Patridge,Tony Dovolani,TV Personality,California,United States,25,11,Eliminated Week 6,7,6,3,31.9998,10.6666,6,1,Percentage
Audrina Patridge,Tony Dovolani,TV Personality,California,United States,25,11,Eliminated Week 6,7,7,4,0.0,0.0,6,0,Percentage
Audrina Patridge,Tony Dovolani,TV Personality,California,United States,25,11,Eliminated Week 6,7,8,3,0.0,0.0,6,0,Percentage
Audrina Patridge,Tony Dovolani,TV Personality,California,United States,25,11,Eliminated Week 6,7,9,3,0.0,0.0,6,0,Percentage
Audrina Patridge,Tony Dovolani,TV Personality,California,United States,25,11,Eliminated Week 6,7,10,3,0.0,0.0,6,0,Percentage
Babyface,Allison Holker,Singer/Rapper,Indiana,United States,57,23,Eliminated Week 4,11,1,4,26.0,6.5,4,0,Percentage
Babyface,Allison Holker,Singer/Rapper,Indiana,United States,57,23,Eliminated Week 4,11,2,4,30.0,7.5,4,0,Percentage
Babyface,Allison Holker,Singer/Rapper,Indiana,United States,57,23,Eliminated Week 4,11,3,4,25.0,6.25,4,0,Percentage
Babyface,Allison Holker,Singer/Rapper,Indiana,United States,57,23,Eliminated Week 4,11,4,3,18.0,6.0,4,1,Percentage
Babyface,Allison Holker,Singer/Rapper,Indiana,United States,57,23,Eliminated Week 4,11,5,3,0.0,0.0,4,0,Percentage
Babyface,Allison Holker,Singer/Rapper,Indiana,United States,57,23,Eliminated Week 4,11,6,4,0.0,0.0,4,0,Percentage
Babyface,Allison Holker,Singer/Rapper,Indiana,United States,57,23,Eliminated Week 4,11,7,4,0.0,0.0,4,0,Percentage
Babyface,Allison Holker,Singer/Rapper,Indiana,United States,57,23,Eliminated Week 4,11,8,3,0.0,0.0,4,0,Percentage
Babyface,Allison Holker,Singer/Rapper,Indiana,United States,57,23,Eliminated Week 4,11,9,4,0.0,0.0,4,0,Percentage
Babyface,Allison Holker,Singer/Rapper,Indiana,United States,57,23,Eliminated Week 4,11,10,3,0.0,0.0,4,0,Percentage
Babyface,Allison Holker,Singer/Rapper,Indiana,United States,57,23,Eliminated Week 4,11,11,4,0.0,0.0,4,0,Percentage
Barbara Corcoran,Keo Motsepe,Entrepreneur,New Jersey,United States,68,25,Eliminated Week 2,13,1,3,14.0,4.666666666666667,2,0,Percentage
Barbara Corcoran,Keo Motsepe,Entrepreneur,New Jersey,United States,68,25,Eliminated Week 2,13,2,3,17.0,5.666666666666667,2,1,Percentage
Barbara Corcoran,Keo Motsepe,Entrepreneur,New Jersey,United States,68,25,Eliminated Week 2,13,3,3,0.0,0.0,2,0,Percentage
Barbara Corcoran,Keo Motsepe,Entrepreneur,New Jersey,United States,68,25,Eliminated Week 2,13,4,3,0.0,0.0,2,0,Percentage
Barbara Corcoran,Keo Motsepe,Entrepreneur,New Jersey,United States,68,25,Eliminated Week 2,13,5,3,0.0,0.0,2,0,Percentage
Barbara Corcoran,Keo Motsepe,Entrepreneur,New Jersey,United States,68,25,Eliminated Week 2,13,6,4,0.0,0.0,2,0,Percentage
Barbara Corcoran,Keo Motsepe,Entrepreneur,New Jersey,United States,68,25,Eliminated Week 2,13,7,3,0.0,0.0,2,0,Percentage
Barbara Corcoran,Keo Motsepe,Entrepreneur,New Jersey,United States,68,25,Eliminated Week 2,13,8,3,0.0,0.0,2,0,Percentage
Barbara Corcoran,Keo Motsepe,Entrepreneur,New Jersey,United States,68,25,Eliminated Week 2,13,9,3,0.0,0.0,2,0,Percentage
Barbara Corcoran,Keo Motsepe,Entrepreneur,New Jersey,United States,68,25,Eliminated Week 2,13,10,4,0.0,0.0,2,0,Percentage
Belinda Carlisle,Jonathan Roberts,Singer/Rapper,California,United States,50,8,Eliminated Week 2,13,1,3,17.0,5.666666666666667,2,0,Percentage
Belinda Carlisle,Jonathan Roberts,Singer/Rapper,California,United States,50,8,Eliminated Week 2,13,2,3,18.0,6.0,2,1,Percentage
Belinda Carlisle,Jonathan Roberts,Singer/Rapper,California,United States,50,8,Eliminated Week 2,13,3,3,0.0,0.0,2,0,Percentage
Belinda Carlisle,Jonathan Roberts,Singer/Rapper,California,United States,50,8,Eliminated Week 2,13,4,3,0.0,0.0,2,0,Percentage
Belinda Carlisle,Jonathan Roberts,Singer/Rapper,California,United States,50,8,Eliminated Week 2,13,5,3,0.0,0.0,2,0,Percentage
Belinda Carlisle,Jonathan Roberts,Singer/Rapper,California,United States,50,8,Eliminated Week 2,13,6,3,0.0,0.0,2,0,Percentage
Belinda Carlisle,Jonathan Roberts,Singer/Rapper,California,United States,50,8,Eliminated Week 2,13,7,3,0.0,0.0,2,0,Percentage
Belinda Carlisle,Jonathan Roberts,Singer/Rapper,California,United States,50,8,Eliminated Week 2,13,8,3,0.0,0.0,2,0,Percentage
Belinda Carlisle,Jonathan Roberts,Singer/Rapper,California,United States,50,8,Eliminated Week 2,13,9,3,0.0,0.0,2,0,Percentage
Belinda Carlisle,Jonathan Roberts,Singer/Rapper,California,United States,50,8,Eliminated Week 2,13,10,3,0.0,0.0,2,0,Percentage
Belinda Carlisle,Jonathan Roberts,Singer/Rapper,California,United States,50,8,Eliminated Week 2,13,11,3,0.0,0.0,2,0,Percentage
Bethany Mota,Derek Hough,Social Media Personality,California,United States,18,19,Eliminated Week 11,4,1,4,32.0,8.0,11,0,Percentage
Bethany Mota,Derek Hough,Social Media Personality,California,United States,18,19,Eliminated Week 11,4,2,4,33.0,8.25,11,0,Percentage
Bethany Mota,Derek Hough,Social Media Personality,California,United States,18,19,Eliminated Week 11,4,3,4,40.0,10.0,11,0,Percentage
Bethany Mota,Derek Hough,Social Media Personality,California,United States,18,19,Eliminated Week 11,4,4,4,33.0,8.25,11,0,Percentage
Bethany Mota,Derek Hough,Social Media Personality,California,United States,18,19,Eliminated Week 11,4,5,4,32.0,8.0,11,0,Percentage
Bethany Mota,Derek Hough,Social Media Personality,California,United States,18,19,Eliminated Week 11,4,6,4,36.0,9.0,11,0,Percentage
Bethany Mota,Derek Hough,Social Media Personality,California,United States,18,19,Eliminated Week 11,4,7,4,37.5,9.375,11,0,Percentage
Bethany Mota,Derek Hough,Social Media Personality,California,United States,18,19,Eliminated Week 11,4,8,4,40.0,10.0,11,0,Percentage
Bethany Mota,Derek Hough,Social Media Personality,California,United States,18,19,Eliminated Week 11,4,9,4,37.0,9.25,11,0,Percentage
Bethany Mota,Derek Hough,Social Media Personality,California,United States,18,19,Eliminated Week 11,4,10,4,38.0,9.5,11,0,Percentage
Bethany Mota,Derek Hough,Social Media Personality,California,United States,18,19,Eliminated Week 11,4,11,4,38.0,9.5,11,1,Percentage
Betsey Johnson,Tony Dovolani,Fashion Designer,Connecticut,United States,72,19,Eliminated Week 4,10,1,4,20.0,5.0,4,0,Percentage
Betsey Johnson,Tony Dovolani,Fashion Designer,Connecticut,United States,72,19,Eliminated Week 4,10,2,4,28.0,7.0,4,0,Percentage
Betsey Johnson,Tony Dovolani,Fashion Designer,Connecticut,United States,72,19,Eliminated Week 4,10,3,4,29.0,7.25,4,0,Percentage
Betsey Johnson,Tony Dovolani,Fashion Designer,Connecticut,United States,72,19,Eliminated Week 4,10,4,4,29.0,7.25,4,1,Percentage
Betsey Johnson,Tony Dovolani,Fashion Designer,Connecticut,United States,72,19,Eliminated Week 4,10,5,4,0.0,0.0,4,0,Percentage
Betsey Johnson,Tony Dovolani,Fashion Designer,Connecticut,United States,72,19,Eliminated Week 4,10,6,4,0.0,0.0,4,0,Percentage
Betsey Johnson,Tony Dovolani,Fashion Designer,Connecticut,United States,72,19,Eliminated Week 4,10,7,4,0.0,0.0,4,0,Percentage
Betsey Johnson,Tony Dovolani,Fashion Designer,Connecticut,United States,72,19,Eliminated Week 4,10,8,4,0.0,0.0,4,0,Percentage
Betsey Johnson,Tony Dovolani,Fashion Designer,Connecticut,United States,72,19,Eliminated Week 4,10,9,4,0.0,0.0,4,0,Percentage
Betsey Johnson,Tony Dovolani,Fashion Designer,Connecticut,United States,72,19,Eliminated Week 4,10,10,4,0.0,0.0,4,0,Percentage
Betsey Johnson,Tony Dovolani,Fashion Designer,Connecticut,United States,72,19,Eliminated Week 4,10,11,4,0.0,0.0,4,0,Percentage
Bill Engvall,Emma Slater,Comedian,Texas,United States,56,17,Eliminated Week 11,4,1,3,18.0,6.0,11,0,Percentage
Bill Engvall,Emma Slater,Comedian,Texas,United States,56,17,Eliminated Week 11,4,2,3,21.0,7.0,11,0,Percentage
Bill Engvall,Emma Slater,Comedian,Texas,United States,56,17,Eliminated Week 11,4,3,3,24.0,8.0,11,0,Percentage
Bill Engvall,Emma Slater,Comedian,Texas,United States,56,17,Eliminated Week 11,4,4,3,21.0,7.0,11,0,Percentage
Bill Engvall,Emma Slater,Comedian,Texas,United States,56,17,Eliminated Week 11,4,5,3,24.0,8.0,11,0,Percentage
Bill Engvall,Emma Slater,Comedian,Texas,United States,56,17,Eliminated Week 11,4,6,3,23.9999,7.9999666666666664,11,0,Percentage
Bill Engvall,Emma Slater,Comedian,Texas,United States,56,17,Eliminated Week 11,4,7,3,25.0,8.333333333333334,11,0,Percentage
Bill Engvall,Emma Slater,Comedian,Texas,United States,56,17,Eliminated Week 11,4,8,3,24.0,8.0,11,0,Percentage
Bill Engvall,Emma Slater,Comedian,Texas,United States,56,17,Eliminated Week 11,4,9,3,21.0,7.0,11,0,Percentage
Bill Engvall,Emma Slater,Comedian,Texas,United States,56,17,Eliminated Week 11,4,10,4,30.0,7.5,11,0,Percentage
Bill Engvall,Emma Slater,Comedian,Texas,United States,56,17,Eliminated Week 11,4,11,3,25.499899999999997,8.499966666666666,11,1,Percentage
Bill Nye,Tyne Stecklein,TV Personality,Washington D.C.,United States,57,17,Eliminated Week 3,11,1,3,14.0,4.666666666666667,3,0,Percentage
Bill Nye,Tyne Stecklein,TV Personality,Washington D.C.,United States,57,17,Eliminated Week 3,11,2,3,17.0,5.666666666666667,3,0,Percentage
Bill Nye,Tyne Stecklein,TV Personality,Washington D.C.,United States,57,17,Eliminated Week 3,11,3,3,16.0,5.333333333333333,3,1,Percentage
Bill Nye,Tyne Stecklein,TV Personality,Washington D.C.,United States,57,17,Eliminated Week 3,11,4,3,0.0,0.0,3,0,Percentage
Bill Nye,Tyne Stecklein,TV Personality,Washington D.C.,United States,57,17,Eliminated Week 3,11,5,3,0.0,0.0,3,0,Percentage
Bill Nye,Tyne Stecklein,TV Personality,Washington D.C.,United States,57,17,Eliminated Week 3,11,6,3,0.0,0.0,3,0,Percentage
Bill Nye,Tyne Stecklein,TV Personality,Washington D.C.,United States,57,17,Eliminated Week 3,11,7,3,0.0,0.0,3,0,Percentage
Bill Nye,Tyne Stecklein,TV Personality,Washington D.C.,United States,57,17,Eliminated Week 3,11,8,3,0.0,0.0,3,0,Percentage
Bill Nye,Tyne Stecklein,TV Personality,Washington D.C.,United States,57,17,Eliminated Week 3,11,9,3,0.0,0.0,3,0,Percentage
Bill Nye,Tyne Stecklein,TV Personality,Washington D.C.,United States,57,17,Eliminated Week 3,11,10,4,0.0,0.0,3,0,Percentage
Bill Nye,Tyne Stecklein,TV Personality,Washington D.C.,United States,57,17,Eliminated Week 3,11,11,3,0.0,0.0,3,0,Percentage
Billy Dee Williams,Emma Slater,Actor/Actress,New York,United States,76,18,Withdrew,10,1,3,15.0,5.0,99,0,Percentage
Billy Dee Williams,Emma Slater,Actor/Actress,New York,United States,76,18,Withdrew,10,2,3,15.0,5.0,99,0,Percentage
Billy Dee Williams,Emma Slater,Actor/Actress,New York,United States,76,18,Withdrew,10,3,4,0.0,0.0,99,0,Percentage
Billy Dee Williams,Emma Slater,Actor/Actress,New York,United States,76,18,Withdrew,10,4,4,0.0,0.0,99,0,Percentage
Billy Dee Williams,Emma Slater,Actor/Actress,New York,United States,76,18,Withdrew,10,5,4,0.0,0.0,99,0,Percentage
Billy Dee Williams,Emma Slater,Actor/Actress,New York,United States,76,18,Withdrew,10,6,4,0.0,0.0,99,0,Percentage
Billy Dee Williams,Emma Slater,Actor/Actress,New York,United States,76,18,Withdrew,10,7,4,0.0,0.0,99,0,Percentage
Billy Dee Williams,Emma Slater,Actor/Actress,New York,United States,76,18,Withdrew,10,8,4,0.0,0.0,99,0,Percentage
Billy Dee Williams,Emma Slater,Actor/Actress,New York,United States,76,18,Withdrew,10,9,4,0.0,0.0,99,0,Percentage
Billy Dee Williams,Emma Slater,Actor/Actress,New York,United States,76,18,Withdrew,10,10,3,0.0,0.0,99,0,Percentage
Billy Ray Cyrus,Karina Smirnoff,Singer/Rapper,Kentucky,United States,45,4,Eliminated Week 8,5,1,3,13.0,4.333333333333333,8,0,Percentage
Billy Ray Cyrus,Karina Smirnoff,Singer/Rapper,Kentucky,United States,45,4,Eliminated Week 8,5,2,3,21.0,7.0,8,0,Percentage
Billy Ray Cyrus,Karina Smirnoff,Singer/Rapper,Kentucky,United States,45,4,Eliminated Week 8,5,3,3,21.0,7.0,8,0,Percentage
Billy Ray Cyrus,Karina Smirnoff,Singer/Rapper,Kentucky,United States,45,4,Eliminated Week 8,5,4,3,21.0,7.0,8,0,Percentage
Billy Ray Cyrus,Karina Smirnoff,Singer/Rapper,Kentucky,United States,45,4,Eliminated Week 8,5,5,3,17.0,5.666666666666667,8,0,Percentage
Billy Ray Cyrus,Karina Smirnoff,Singer/Rapper,Kentucky,United States,45,4,Eliminated Week 8,5,6,3,21.0,7.0,8,0,Percentage
Billy Ray Cyrus,Karina Smirnoff,Singer/Rapper,Kentucky,United States,45,4,Eliminated Week 8,5,7,3,19.0,6.333333333333333,8,0,Percentage
Billy Ray Cyrus,Karina Smirnoff,Singer/Rapper,Kentucky,United States,45,4,Eliminated Week 8,5,8,3,19.0,6.333333333333333,8,1,Percentage
Billy Ray Cyrus,Karina Smirnoff,Singer/Rapper,Kentucky,United States,45,4,Eliminated Week 8,5,9,3,0.0,0.0,8,0,Percentage
Billy Ray Cyrus,Karina Smirnoff,Singer/Rapper,Kentucky,United States,45,4,Eliminated Week 8,5,10,3,0.0,0.0,8,0,Percentage
Bobby Bones,Sharna Burgess,Radio Personality,Arkansas,United States,38,27,1st Place,1,1,3,20.0,6.666666666666667,99,0,Percentage
Bobby Bones,Sharna Burgess,Radio Personality,Arkansas,United States,38,27,1st Place,1,2,3,19.5,6.5,99,0,Percentage
Bobby Bones,Sharna Burgess,Radio Personality,Arkansas,United States,38,27,1st Place,1,3,3,23.0,7.666666666666667,99,0,Percentage
Bobby Bones,Sharna Burgess,Radio Personality,Arkansas,United States,38,27,1st Place,1,4,3,20.0,6.666666666666667,99,0,Percentage
Bobby Bones,Sharna Burgess,Radio Personality,Arkansas,United States,38,27,1st Place,1,5,3,21.0,7.0,99,0,Percentage
Bobby Bones,Sharna Burgess,Radio Personality,Arkansas,United States,38,27,1st Place,1,6,3,22.0,7.333333333333333,99,0,Percentage
Bobby Bones,Sharna Burgess,Radio Personality,Arkansas,United States,38,27,1st Place,1,7,3,26.5,8.833333333333334,99,0,Percentage
Bobby Bones,Sharna Burgess,Radio Personality,Arkansas,United States,38,27,1st Place,1,8,3,22.5,7.5,99,0,Percentage
Bobby Bones,Sharna Burgess,Radio Personality,Arkansas,United States,38,27,1st Place,1,9,3,27.0,9.0,99,0,Percentage
Bonner Bolton,Sharna Burgess,Athlete,Texas,United States,29,24,Eliminated Week 8,5,1,4,22.0,5.5,8,0,Percentage
Bonner Bolton,Sharna Burgess,Athlete,Texas,United States,29,24,Eliminated Week 8,5,2,4,28.0,7.0,8,0,Percentage
Bonner Bolton,Sharna Burgess,Athlete,Texas,United States,29,24,Eliminated Week 8,5,3,4,24.0,6.0,8,0,Percentage
Bonner Bolton,Sharna Burgess,Athlete,Texas,United States,29,24,Eliminated Week 8,5,4,4,32.0,8.0,8,0,Percentage
Bonner Bolton,Sharna Burgess,Athlete,Texas,United States,29,24,Eliminated Week 8,5,5,4,30.0,7.5,8,0,Percentage
Bonner Bolton,Sharna Burgess,Athlete,Texas,United States,29,24,Eliminated Week 8,5,6,4,31.5,7.875,8,0,Percentage
Bonner Bolton,Sharna Burgess,Athlete,Texas,United States,29,24,Eliminated Week 8,5,7,4,31.0,7.75,8,0,Percentage
Bonner Bolton,Sharna Burgess,Athlete,Texas,United States,29,24,Eliminated Week 8,5,8,4,29.0,7.25,8,1,Percentage
Bonner Bolton,Sharna Burgess,Athlete,Texas,United States,29,24,Eliminated Week 8,5,9,4,0.0,0.0,8,0,Percentage
Bonner Bolton,Sharna Burgess,Athlete,Texas,United States,29,24,Eliminated Week 8,5,10,4,0.0,0.0,8,0,Percentage
Brandy,Maksim Chmerkoskiy,Singer/Rapper,Mississippi,United States,31,11,Eliminated Week 9,4,1,3,23.0,7.666666666666667,9,0,Percentage
Brandy,Maksim Chmerkoskiy,Singer/Rapper,Mississippi,United States,31,11,Eliminated Week 9,4,2,3,21.0,7.0,9,0,Percentage
Brandy,Maksim Chmerkoskiy,Singer/Rapper,Mississippi,United States,31,11,Eliminated Week 9,4,3,3,24.0,8.0,9,0,Percentage
Brandy,Maksim Chmerkoskiy,Singer/Rapper,Mississippi,United States,31,11,Eliminated Week 9,4,4,3,24.0,8.0,9,0,Percentage
Brandy,Maksim Chmerkoskiy,Singer/Rapper,Mississippi,United States,31,11,Eliminated Week 9,4,5,3,27.0,9.0,9,0,Percentage
Brandy,Maksim Chmerkoskiy,Singer/Rapper,Mississippi,United States,31,11,Eliminated Week 9,4,6,3,35.9999,11.999966666666666,9,0,Percentage
Brandy,Maksim Chmerkoskiy,Singer/Rapper,Mississippi,United States,31,11,Eliminated Week 9,4,7,4,36.5,9.125,9,0,Percentage
Brandy,Maksim Chmerkoskiy,Singer/Rapper,Mississippi,United States,31,11,Eliminated Week 9,4,8,3,28.5,9.5,9,0,Percentage
Brandy,Maksim Chmerkoskiy,Singer/Rapper,Mississippi,United States,31,11,Eliminated Week 9,4,9,3,28.5,9.5,9,1,Percentage
Brandy,Maksim Chmerkoskiy,Singer/Rapper,Mississippi,United States,31,11,Eliminated Week 9,4,10,3,0.0,0.0,9,0,Percentage
Brant Daugherty,Peta Murgatroyd,Actor/Actress,Ohio,United States,28,17,Eliminated Week 8,7,1,3,22.0,7.333333333333333,8,0,Percentage
Brant Daugherty,Peta Murgatroyd,Actor/Actress,Ohio,United States,28,17,Eliminated Week 8,7,2,3,23.0,7.666666666666667,8,0,Percentage
Brant Daugherty,Peta Murgatroyd,Actor/Actress,Ohio,United States,28,17,Eliminated Week 8,7,3,3,27.0,9.0,8,0,Percentage
Brant Daugherty,Peta Murgatroyd,Actor/Actress,Ohio,United States,28,17,Eliminated Week 8,7,4,3,21.0,7.0,8,0,Percentage
Brant Daugherty,Peta Murgatroyd,Actor/Actress,Ohio,United States,28,17,Eliminated Week 8,7,5,3,27.0,9.0,8,0,Percentage
Brant Daugherty,Peta Murgatroyd,Actor/Actress,Ohio,United States,28,17,Eliminated Week 8,7,6,3,31.0,10.333333333333334,8,0,Percentage
Brant Daugherty,Peta Murgatroyd,Actor/Actress,Ohio,United States,28,17,Eliminated Week 8,7,7,3,28.5,9.5,8,0,Percentage
Brant Daugherty,Peta Murgatroyd,Actor/Actress,Ohio,United States,28,17,Eliminated Week 8,7,8,3,27.0,9.0,8,1,Percentage
Brant Daugherty,Peta Murgatroyd,Actor/Actress,Ohio,United States,28,17,Eliminated Week 8,7,9,3,0.0,0.0,8,0,Percentage
Brant Daugherty,Peta Murgatroyd,Actor/Actress,Ohio,United States,28,17,Eliminated Week 8,7,10,4,0.0,0.0,8,0,Percentage
Brant Daugherty,Peta Murgatroyd,Actor/Actress,Ohio,United States,28,17,Eliminated Week 8,7,11,3,0.0,0.0,8,0,Percentage
Bristol Palin,Mark Ballas,TV Personality,Alaska,United States,19,11,3rd Place,3,1,3,18.0,6.0,99,0,Percentage
Bristol Palin,Mark Ballas,TV Personality,Alaska,United States,19,11,3rd Place,3,2,3,22.0,7.333333333333333,99,0,Percentage
Bristol Palin,Mark Ballas,TV Personality,Alaska,United States,19,11,3rd Place,3,3,3,19.0,6.333333333333333,99,0,Percentage
Bristol Palin,Mark Ballas,TV Personality,Alaska,United States,19,11,3rd Place,3,4,3,16.0,5.333333333333333,99,0,Percentage
Bristol Palin,Mark Ballas,TV Personality,Alaska,United States,19,11,3rd Place,3,5,3,18.0,6.0,99,0,Percentage
Bristol Palin,Mark Ballas,TV Personality,Alaska,United States,19,11,3rd Place,3,6,3,27.9998,9.333266666666667,99,0,Percentage
Bristol Palin,Mark Ballas,TV Personality,Alaska,United States,19,11,3rd Place,3,7,4,32.5,8.125,99,0,Percentage
Bristol Palin,Mark Ballas,TV Personality,Alaska,United States,19,11,3rd Place,3,8,3,23.5,7.833333333333333,99,0,Percentage
Bristol Palin,Mark Ballas,TV Personality,Alaska,United States,19,11,3rd Place,3,9,3,26.5,8.833333333333334,99,0,Percentage
Bristol Palin,Mark Ballas,TV Personality,Alaska,United States,19,11,3rd Place,3,10,3,25.6666,8.555533333333333,99,0,Percentage
Bristol Palin,Mark Ballas,TV Personality,Alaska,United States,21,15,Eliminated Week 4,9,1,3,19.5,6.5,4,0,Percentage
Bristol Palin,Mark Ballas,TV Personality,Alaska,United States,21,15,Eliminated Week 4,9,2,3,18.0,6.0,4,0,Percentage
Bristol Palin,Mark Ballas,TV Personality,Alaska,United States,21,15,Eliminated Week 4,9,3,3,22.5,7.5,4,0,Percentage
Bristol Palin,Mark Ballas,TV Personality,Alaska,United States,21,15,Eliminated Week 4,9,4,4,32.0,8.0,4,1,Percentage
Bristol Palin,Mark Ballas,TV Personality,Alaska,United States,21,15,Eliminated Week 4,9,5,3,0.0,0.0,4,0,Percentage
Bristol Palin,Mark Ballas,TV Personality,Alaska,United States,21,15,Eliminated Week 4,9,6,3,0.0,0.0,4,0,Percentage
Bristol Palin,Mark Ballas,TV Personality,Alaska,United States,21,15,Eliminated Week 4,9,7,3,0.0,0.0,4,0,Percentage
Bristol Palin,Mark Ballas,TV Personality,Alaska,United States,21,15,Eliminated Week 4,9,8,3,0.0,0.0,4,0,Percentage
Bristol Palin,Mark Ballas,TV Personality,Alaska,United States,21,15,Eliminated Week 4,9,9,3,0.0,0.0,4,0,Percentage
Bristol Palin,Mark Ballas,TV Personality,Alaska,United States,21,15,Eliminated Week 4,9,10,3,0.0,0.0,4,0,Percentage
Brooke Burke,Derek Hough,TV Personality,Connecticut,United States,37,7,1st Place,1,1,3,24.5,8.166666666666666,99,0,Percentage
Brooke Burke,Derek Hough,TV Personality,Connecticut,United States,37,7,1st Place,1,2,3,24.0,8.0,99,0,Percentage
Brooke Burke,Derek Hough,TV Personality,Connecticut,United States,37,7,1st Place,1,3,3,28.0,9.333333333333334,99,0,Percentage
Brooke Burke,Derek Hough,TV Personality,Connecticut,United States,37,7,1st Place,1,4,3,26.0,8.666666666666666,99,0,Percentage
Brooke Burke,Derek Hough,TV Personality,Connecticut,United States,37,7,1st Place,1,5,3,29.0,9.666666666666666,99,0,Percentage
Brooke Burke,Derek Hough,TV Personality,Connecticut,United States,37,7,1st Place,1,6,3,26.0,8.666666666666666,99,0,Percentage
Brooke Burke,Derek Hough,TV Personality,Connecticut,United States,37,7,1st Place,1,7,3,30.0,10.0,99,0,Percentage
Brooke Burke,Derek Hough,TV Personality,Connecticut,United States,37,7,1st Place,1,8,3,27.5,9.166666666666666,99,0,Percentage
Brooke Burke,Derek Hough,TV Personality,Connecticut,United States,37,7,1st Place,1,9,3,24.5,8.166666666666666,99,0,Percentage
Brooke Burke,Derek Hough,TV Personality,Connecticut,United States,37,7,1st Place,1,10,3,30.0,10.0,99,0,Percentage
Buzz Aldrin,Ashly DelGrosso,Astronaut,New Jersey,United States,80,10,Eliminated Week 3,10,1,3,14.0,4.666666666666667,3,0,Percentage
Buzz Aldrin,Ashly DelGrosso,Astronaut,New Jersey,United States,80,10,Eliminated Week 3,10,2,3,12.0,4.0,3,0,Percentage
Buzz Aldrin,Ashly DelGrosso,Astronaut,New Jersey,United States,80,10,Eliminated Week 3,10,3,3,13.0,4.333333333333333,3,1,Percentage
Buzz Aldrin,Ashly DelGrosso,Astronaut,New Jersey,United States,80,10,Eliminated Week 3,10,4,3,0.0,0.0,3,0,Percentage
Buzz Aldrin,Ashly DelGrosso,Astronaut,New Jersey,United States,80,10,Eliminated Week 3,10,5,3,0.0,0.0,3,0,Percentage
Buzz Aldrin,Ashly DelGrosso,Astronaut,New Jersey,United States,80,10,Eliminated Week 3,10,6,3,0.0,0.0,3,0,Percentage
Buzz Aldrin,Ashly DelGrosso,Astronaut,New Jersey,United States,80,10,Eliminated Week 3,10,7,3,0.0,0.0,3,0,Percentage
Buzz Aldrin,Ashly DelGrosso,Astronaut,New Jersey,United States,80,10,Eliminated Week 3,10,8,3,0.0,0.0,3,0,Percentage
Buzz Aldrin,Ashly DelGrosso,Astronaut,New Jersey,United States,80,10,Eliminated Week 3,10,9,3,0.0,0.0,3,0,Percentage
Buzz Aldrin,Ashly DelGrosso,Astronaut,New Jersey,United States,80,10,Eliminated Week 3,10,10,3,0.0,0.0,3,0,Percentage
Calvin Johnson Jr.,Lindsay Arnold,Athlete,Georgia,United States,30,23,3rd Place,3,1,4,26.0,6.5,99,0,Percentage
Calvin Johnson Jr.,Lindsay Arnold,Athlete,Georgia,United States,30,23,3rd Place,3,2,4,28.0,7.0,99,0,Percentage
Calvin Johnson Jr.,Lindsay Arnold,Athlete,Georgia,United States,30,23,3rd Place,3,3,4,32.0,8.0,99,0,Percentage
Calvin Johnson Jr.,Lindsay Arnold,Athlete,Georgia,United States,30,23,3rd Place,3,4,3,23.0,7.666666666666667,99,0,Percentage
Calvin Johnson Jr.,Lindsay Arnold,Athlete,Georgia,United States,30,23,3rd Place,3,5,3,24.0,8.0,99,0,Percentage
Calvin Johnson Jr.,Lindsay Arnold,Athlete,Georgia,United States,30,23,3rd Place,3,6,4,37.0,9.25,99,0,Percentage
Calvin Johnson Jr.,Lindsay Arnold,Athlete,Georgia,United States,30,23,3rd Place,3,7,4,37.0,9.25,99,0,Percentage
Calvin Johnson Jr.,Lindsay Arnold,Athlete,Georgia,United States,30,23,3rd Place,3,8,3,30.0,10.0,99,0,Percentage
Calvin Johnson Jr.,Lindsay Arnold,Athlete,Georgia,United States,30,23,3rd Place,3,9,4,37.0,9.25,99,0,Percentage
Calvin Johnson Jr.,Lindsay Arnold,Athlete,Georgia,United States,30,23,3rd Place,3,10,3,28.0,9.333333333333334,99,0,Percentage
Calvin Johnson Jr.,Lindsay Arnold,Athlete,Georgia,United States,30,23,3rd Place,3,11,4,38.3331,9.583275,99,0,Percentage
Candace Cameron Bure,Mark Ballas,Actor/Actress,California,United States,37,18,3rd Place,3,1,3,25.0,8.333333333333334,99,0,Percentage
Candace Cameron Bure,Mark Ballas,Actor/Actress,California,United States,37,18,3rd Place,3,2,3,21.0,7.0,99,0,Percentage
Candace Cameron Bure,Mark Ballas,Actor/Actress,California,United States,37,18,3rd Place,3,3,4,32.0,8.0,99,0,Percentage
Candace Cameron Bure,Mark Ballas,Actor/Actress,California,United States,37,18,3rd Place,3,4,4,28.0,7.0,99,0,Percentage
Candace Cameron Bure,Mark Ballas,Actor/Actress,California,United States,37,18,3rd Place,3,5,4,35.0,8.75,99,0,Percentage
Candace Cameron Bure,Mark Ballas,Actor/Actress,California,United States,37,18,3rd Place,3,6,4,32.0,8.0,99,0,Percentage
Candace Cameron Bure,Mark Ballas,Actor/Actress,California,United States,37,18,3rd Place,3,7,4,37.0,9.25,99,0,Percentage
Candace Cameron Bure,Mark Ballas,Actor/Actress,California,United States,37,18,3rd Place,3,8,4,36.0,9.0,99,0,Percentage
Candace Cameron Bure,Mark Ballas,Actor/Actress,California,United States,37,18,3rd Place,3,9,4,36.0,9.0,99,0,Percentage
Candace Cameron Bure,Mark Ballas,Actor/Actress,California,United States,37,18,3rd Place,3,10,3,25.9998,8.6666,99,0,Percentage
Carlos PenaVega,Witney Carson,Actor/Actress,Missouri,United States,26,21,Eliminated Week 11,4,1,3,23.0,7.666666666666667,11,0,Percentage
Carlos PenaVega,Witney Carson,Actor/Actress,Missouri,United States,26,21,Eliminated Week 11,4,2,3,22.5,7.5,11,0,Percentage
Carlos PenaVega,Witney Carson,Actor/Actress,Missouri,United States,26,21,Eliminated Week 11,4,3,4,31.0,7.75,11,0,Percentage
Carlos PenaVega,Witney Carson,Actor/Actress,Missouri,United States,26,21,Eliminated Week 11,4,4,3,25.0,8.333333333333334,11,0,Percentage
Carlos PenaVega,Witney Carson,Actor/Actress,Missouri,United States,26,21,Eliminated Week 11,4,5,4,39.0,9.75,11,0,Percentage
Carlos PenaVega,Witney Carson,Actor/Actress,Missouri,United States,26,21,Eliminated Week 11,4,6,4,38.0,9.5,11,0,Percentage
Carlos PenaVega,Witney Carson,Actor/Actress,Missouri,United States,26,21,Eliminated Week 11,4,7,3,28.0,9.333333333333334,11,0,Percentage
Carlos PenaVega,Witney Carson,Actor/Actress,Missouri,United States,26,21,Eliminated Week 11,4,8,3,28.9998,9.6666,11,0,Percentage
Carlos PenaVega,Witney Carson,Actor/Actress,Missouri,United States,26,21,Eliminated Week 11,4,9,3,27.0,9.0,11,0,Percentage
Carlos PenaVega,Witney Carson,Actor/Actress,Missouri,United States,26,21,Eliminated Week 11,4,10,3,31.5,10.5,11,0,Percentage
Carlos PenaVega,Witney Carson,Actor/Actress,Missouri,United States,26,21,Eliminated Week 11,4,11,3,30.0,10.0,11,1,Percentage
Carson Kressley,Anna Trebunskaya,TV Personality,Pennsylvania,United States,41,13,Eliminated Week 5,8,1,3,17.0,5.666666666666667,5,0,Percentage
Carson Kressley,Anna Trebunskaya,TV Personality,Pennsylvania,United States,41,13,Eliminated Week 5,8,2,3,18.0,6.0,5,0,Percentage
Carson Kressley,Anna Trebunskaya,TV Personality,Pennsylvania,United States,41,13,Eliminated Week 5,8,3,3,23.0,7.666666666666667,5,0,Percentage
Carson Kressley,Anna Trebunskaya,TV Personality,Pennsylvania,United States,41,13,Eliminated Week 5,8,4,3,20.0,6.666666666666667,5,0,Percentage
Carson Kressley,Anna Trebunskaya,TV Personality,Pennsylvania,United States,41,13,Eliminated Week 5,8,5,3,19.0,6.333333333333333,5,1,Percentage
Carson Kressley,Anna Trebunskaya,TV Personality,Pennsylvania,United States,41,13,Eliminated Week 5,8,6,3,0.0,0.0,5,0,Percentage
Carson Kressley,Anna Trebunskaya,TV Personality,Pennsylvania,United States,41,13,Eliminated Week 5,8,7,3,0.0,0.0,5,0,Percentage
Carson Kressley,Anna Trebunskaya,TV Personality,Pennsylvania,United States,41,13,Eliminated Week 5,8,8,3,0.0,0.0,5,0,Percentage
Carson Kressley,Anna Trebunskaya,TV Personality,Pennsylvania,United States,41,13,Eliminated Week 5,8,9,3,0.0,0.0,5,0,Percentage
Carson Kressley,Anna Trebunskaya,TV Personality,Pennsylvania,United States,41,13,Eliminated Week 5,8,10,3,0.0,0.0,5,0,Percentage
Chad Ochocinco,Cheryl Burke,Athlete,Florida,United States,32,10,Eliminated Week 9,4,1,3,18.0,6.0,9,0,Percentage
Chad Ochocinco,Cheryl Burke,Athlete,Florida,United States,32,10,Eliminated Week 9,4,2,3,16.0,5.333333333333333,9,0,Percentage
Chad Ochocinco,Cheryl Burke,Athlete,Florida,United States,32,10,Eliminated Week 9,4,3,3,20.0,6.666666666666667,9,0,Percentage
Chad Ochocinco,Cheryl Burke,Athlete,Florida,United States,32,10,Eliminated Week 9,4,4,3,22.0,7.333333333333333,9,0,Percentage
Chad Ochocinco,Cheryl Burke,Athlete,Florida,United States,32,10,Eliminated Week 9,4,5,3,18.0,6.0,9,0,Percentage
Chad Ochocinco,Cheryl Burke,Athlete,Florida,United States,32,10,Eliminated Week 9,4,6,3,30.999899999999997,10.3333,9,0,Percentage
Chad Ochocinco,Cheryl Burke,Athlete,Florida,United States,32,10,Eliminated Week 9,4,7,3,26.0,8.666666666666666,9,0,Percentage
Chad Ochocinco,Cheryl Burke,Athlete,Florida,United States,32,10,Eliminated Week 9,4,8,3,22.5,7.5,9,0,Percentage
Chad Ochocinco,Cheryl Burke,Athlete,Florida,United States,32,10,Eliminated Week 9,4,9,3,26.0,8.666666666666666,9,1,Percentage
Chad Ochocinco,Cheryl Burke,Athlete,Florida,United States,32,10,Eliminated Week 9,4,10,3,0.0,0.0,9,0,Percentage
Chaka Khan,Keo Motsepe,Singer/Rapper,Illinois,United States,62,21,Eliminated Week 2,13,1,3,13.0,4.333333333333333,2,0,Percentage
Chaka Khan,Keo Motsepe,Singer/Rapper,Illinois,United States,62,21,Eliminated Week 2,13,2,3,15.0,5.0,2,1,Percentage
Chaka Khan,Keo Motsepe,Singer/Rapper,Illinois,United States,62,21,Eliminated Week 2,13,3,4,0.0,0.0,2,0,Percentage
Chaka Khan,Keo Motsepe,Singer/Rapper,Illinois,United States,62,21,Eliminated Week 2,13,4,3,0.0,0.0,2,0,Percentage
Chaka Khan,Keo Motsepe,Singer/Rapper,Illinois,United States,62,21,Eliminated Week 2,13,5,4,0.0,0.0,2,0,Percentage
Chaka Khan,Keo Motsepe,Singer/Rapper,Illinois,United States,62,21,Eliminated Week 2,13,6,4,0.0,0.0,2,0,Percentage
Chaka Khan,Keo Motsepe,Singer/Rapper,Illinois,United States,62,21,Eliminated Week 2,13,7,3,0.0,0.0,2,0,Percentage
Chaka Khan,Keo Motsepe,Singer/Rapper,Illinois,United States,62,21,Eliminated Week 2,13,8,3,0.0,0.0,2,0,Percentage
Chaka Khan,Keo Motsepe,Singer/Rapper,Illinois,United States,62,21,Eliminated Week 2,13,9,3,0.0,0.0,2,0,Percentage
Chaka Khan,Keo Motsepe,Singer/Rapper,Illinois,United States,62,21,Eliminated Week 2,13,10,3,0.0,0.0,2,0,Percentage
Chaka Khan,Keo Motsepe,Singer/Rapper,Illinois,United States,62,21,Eliminated Week 2,13,11,3,0.0,0.0,2,0,Percentage
Charlie White,Sharna Burgess,Athlete,Michigan,United States,26,18,Eliminated Week 9,5,1,3,27.0,9.0,9,0,Percentage
Charlie White,Sharna Burgess,Athlete,Michigan,United States,26,18,Eliminated Week 9,5,2,3,25.0,8.333333333333334,9,0,Percentage
Charlie White,Sharna Burgess,Athlete,Michigan,United States,26,18,Eliminated Week 9,5,3,4,36.0,9.0,9,0,Percentage
Charlie White,Sharna Burgess,Athlete,Michigan,United States,26,18,Eliminated Week 9,5,4,4,33.0,8.25,9,0,Percentage
Charlie White,Sharna Burgess,Athlete,Michigan,United States,26,18,Eliminated Week 9,5,5,4,37.0,9.25,9,0,Percentage
Charlie White,Sharna Burgess,Athlete,Michigan,United States,26,18,Eliminated Week 9,5,6,4,36.0,9.0,9,0,Percentage
Charlie White,Sharna Burgess,Athlete,Michigan,United States,26,18,Eliminated Week 9,5,7,4,35.5,8.875,9,0,Percentage
Charlie White,Sharna Burgess,Athlete,Michigan,United States,26,18,Eliminated Week 9,5,8,4,40.0,10.0,9,0,Percentage
Charlie White,Sharna Burgess,Athlete,Michigan,United States,26,18,Eliminated Week 9,5,9,4,38.0,9.5,9,1,Percentage
Charlie White,Sharna Burgess,Athlete,Michigan,United States,26,18,Eliminated Week 9,5,10,3,0.0,0.0,9,0,Percentage
Charlotte McKinney,Keo Motsepe,Model,Florida,United States,21,20,Eliminated Week 3,11,1,4,22.0,5.5,3,0,Percentage
Charlotte McKinney,Keo Motsepe,Model,Florida,United States,21,20,Eliminated Week 3,11,2,4,26.0,6.5,3,0,Percentage
Charlotte McKinney,Keo Motsepe,Model,Florida,United States,21,20,Eliminated Week 3,11,3,4,22.0,5.5,3,1,Percentage
Charlotte McKinney,Keo Motsepe,Model,Florida,United States,21,20,Eliminated Week 3,11,4,4,0.0,0.0,3,0,Percentage
Charlotte McKinney,Keo Motsepe,Model,Florida,United States,21,20,Eliminated Week 3,11,5,4,0.0,0.0,3,0,Percentage
Charlotte McKinney,Keo Motsepe,Model,Florida,United States,21,20,Eliminated Week 3,11,6,4,0.0,0.0,3,0,Percentage
Charlotte McKinney,Keo Motsepe,Model,Florida,United States,21,20,Eliminated Week 3,11,7,4,0.0,0.0,3,0,Percentage
Charlotte McKinney,Keo Motsepe,Model,Florida,United States,21,20,Eliminated Week 3,11,8,4,0.0,0.0,3,0,Percentage
Charlotte McKinney,Keo Motsepe,Model,Florida,United States,21,20,Eliminated Week 3,11,9,4,0.0,0.0,3,0,Percentage
Charlotte McKinney,Keo Motsepe,Model,Florida,United States,21,20,Eliminated Week 3,11,10,4,0.0,0.0,3,0,Percentage
Chaz Bono,Lacey Schwimmer,TV Personality,California,United States,42,13,Eliminated Week 6,7,1,3,17.0,5.666666666666667,6,0,Percentage
Chaz Bono,Lacey Schwimmer,TV Personality,California,United States,42,13,Eliminated Week 6,7,2,3,17.0,5.666666666666667,6,0,Percentage
Chaz Bono,Lacey Schwimmer,TV Personality,California,United States,42,13,Eliminated Week 6,7,3,3,18.0,6.0,6,0,Percentage
Chaz Bono,Lacey Schwimmer,TV Personality,California,United States,42,13,Eliminated Week 6,7,4,3,21.0,7.0,6,0,Percentage
Chaz Bono,Lacey Schwimmer,TV Personality,California,United States,42,13,Eliminated Week 6,7,5,3,21.0,7.0,6,0,Percentage
Chaz Bono,Lacey Schwimmer,TV Personality,California,United States,42,13,Eliminated Week 6,7,6,3,19.0,6.333333333333333,6,1,Percentage
Chaz Bono,Lacey Schwimmer,TV Personality,California,United States,42,13,Eliminated Week 6,7,7,3,0.0,0.0,6,0,Percentage
Chaz Bono,Lacey Schwimmer,TV Personality,California,United States,42,13,Eliminated Week 6,7,8,3,0.0,0.0,6,0,Percentage
Chaz Bono,Lacey Schwimmer,TV Personality,California,United States,42,13,Eliminated Week 6,7,9,3,0.0,0.0,6,0,Percentage
Chaz Bono,Lacey Schwimmer,TV Personality,California,United States,42,13,Eliminated Week 6,7,10,3,0.0,0.0,6,0,Percentage
Chelsea Kane,Mark Ballas,Actor/Actress,Arizona,United States,22,12,3rd Place,3,1,3,21.0,7.0,99,0,Percentage
Chelsea Kane,Mark Ballas,Actor/Actress,Arizona,United States,22,12,3rd Place,3,2,3,18.0,6.0,99,0,Percentage
Chelsea Kane,Mark Ballas,Actor/Actress,Arizona,United States,22,12,3rd Place,3,3,3,23.0,7.666666666666667,99,0,Percentage
Chelsea Kane,Mark Ballas,Actor/Actress,Arizona,United States,22,12,3rd Place,3,4,3,26.0,8.666666666666666,99,0,Percentage
Chelsea Kane,Mark Ballas,Actor/Actress,Arizona,United States,22,12,3rd Place,3,5,3,26.0,8.666666666666666,99,0,Percentage
Chelsea Kane,Mark Ballas,Actor/Actress,Arizona,United States,22,12,3rd Place,3,6,3,28.0,9.333333333333334,99,0,Percentage
Chelsea Kane,Mark Ballas,Actor/Actress,Arizona,United States,22,12,3rd Place,3,7,4,32.0,8.0,99,0,Percentage
Chelsea Kane,Mark Ballas,Actor/Actress,Arizona,United States,22,12,3rd Place,3,8,3,27.5,9.166666666666666,99,0,Percentage
Chelsea Kane,Mark Ballas,Actor/Actress,Arizona,United States,22,12,3rd Place,3,9,3,36.5,12.166666666666666,99,0,Percentage
Chelsea Kane,Mark Ballas,Actor/Actress,Arizona,United States,22,12,3rd Place,3,10,3,29.666600000000003,9.888866666666667,99,0,Percentage
Chris Jericho,Cheryl Burke,Athlete,New York,United States,40,12,Eliminated Week 6,7,1,3,19.0,6.333333333333333,6,0,Percentage
Chris Jericho,Cheryl Burke,Athlete,New York,United States,40,12,Eliminated Week 6,7,2,3,23.0,7.666666666666667,6,0,Percentage
Chris Jericho,Cheryl Burke,Athlete,New York,United States,40,12,Eliminated Week 6,7,3,3,21.0,7.0,6,0,Percentage
Chris Jericho,Cheryl Burke,Athlete,New York,United States,40,12,Eliminated Week 6,7,4,3,23.0,7.666666666666667,6,0,Percentage
Chris Jericho,Cheryl Burke,Athlete,New York,United States,40,12,Eliminated Week 6,7,5,3,26.0,8.666666666666666,6,0,Percentage
Chris Jericho,Cheryl Burke,Athlete,New York,United States,40,12,Eliminated Week 6,7,6,3,22.0,7.333333333333333,6,1,Percentage
Chris Jericho,Cheryl Burke,Athlete,New York,United States,40,12,Eliminated Week 6,7,7,4,0.0,0.0,6,0,Percentage
Chris Jericho,Cheryl Burke,Athlete,New York,United States,40,12,Eliminated Week 6,7,8,3,0.0,0.0,6,0,Percentage
Chris Jericho,Cheryl Burke,Athlete,New York,United States,40,12,Eliminated Week 6,7,9,3,0.0,0.0,6,0,Percentage
Chris Jericho,Cheryl Burke,Athlete,New York,United States,40,12,Eliminated Week 6,7,10,3,0.0,0.0,6,0,Percentage
Chris Kattan,Witney Carson,Comedian,California,United States,46,24,Eliminated Week 2,12,1,4,17.0,4.25,2,0,Percentage
Chris Kattan,Witney Carson,Comedian,California,United States,46,24,Eliminated Week 2,12,2,4,22.0,5.5,2,1,Percentage
Chris Kattan,Witney Carson,Comedian,California,United States,46,24,Eliminated Week 2,12,3,4,0.0,0.0,2,0,Percentage
Chris Kattan,Witney Carson,Comedian,California,United States,46,24,Eliminated Week 2,12,4,4,0.0,0.0,2,0,Percentage
Chris Kattan,Witney Carson,Comedian,California,United States,46,24,Eliminated Week 2,12,5,4,0.0,0.0,2,0,Percentage
Chris Kattan,Witney Carson,Comedian,California,United States,46,24,Eliminated Week 2,12,6,4,0.0,0.0,2,0,Percentage
Chris Kattan,Witney Carson,Comedian,California,United States,46,24,Eliminated Week 2,12,7,4,0.0,0.0,2,0,Percentage
Chris Kattan,Witney Carson,Comedian,California,United States,46,24,Eliminated Week 2,12,8,4,0.0,0.0,2,0,Percentage
Chris Kattan,Witney Carson,Comedian,California,United States,46,24,Eliminated Week 2,12,9,4,0.0,0.0,2,0,Percentage
Chris Kattan,Witney Carson,Comedian,California,United States,46,24,Eliminated Week 2,12,10,4,0.0,0.0,2,0,Percentage
Chris Mazdzer,Witney Carson,Athlete,Massachusetts,United States,29,26,Eliminated Week 3,5,1,3,21.0,7.0,3,0,Percentage
Chris Mazdzer,Witney Carson,Athlete,Massachusetts,United States,29,26,Eliminated Week 3,5,2,4,33.0,8.25,3,0,Percentage
Chris Mazdzer,Witney Carson,Athlete,Massachusetts,United States,29,26,Eliminated Week 3,5,3,4,33.0,8.25,3,1,Percentage
Chris Mazdzer,Witney Carson,Athlete,Massachusetts,United States,29,26,Eliminated Week 3,5,4,3,0.0,0.0,3,0,Percentage
Chris Soules,Witney Carson,TV Personality,Iowa,United States,33,20,Eliminated Week 8,5,1,4,26.0,6.5,8,0,Percentage
Chris Soules,Witney Carson,TV Personality,Iowa,United States,33,20,Eliminated Week 8,5,2,4,21.0,5.25,8,0,Percentage
Chris Soules,Witney Carson,TV Personality,Iowa,United States,33,20,Eliminated Week 8,5,3,4,28.0,7.0,8,0,Percentage
Chris Soules,Witney Carson,TV Personality,Iowa,United States,33,20,Eliminated Week 8,5,4,4,27.0,6.75,8,0,Percentage
Chris Soules,Witney Carson,TV Personality,Iowa,United States,33,20,Eliminated Week 8,5,5,4,27.0,6.75,8,0,Percentage
Chris Soules,Witney Carson,TV Personality,Iowa,United States,33,20,Eliminated Week 8,5,6,4,35.0,8.75,8,0,Percentage
Chris Soules,Witney Carson,TV Personality,Iowa,United States,33,20,Eliminated Week 8,5,7,4,31.0,7.75,8,0,Percentage
Chris Soules,Witney Carson,TV Personality,Iowa,United States,33,20,Eliminated Week 8,5,8,4,32.0,8.0,8,1,Percentage
Chris Soules,Witney Carson,TV Personality,Iowa,United States,33,20,Eliminated Week 8,5,9,4,0.0,0.0,8,0,Percentage
Chris Soules,Witney Carson,TV Personality,Iowa,United States,33,20,Eliminated Week 8,5,10,4,0.0,0.0,8,0,Percentage
Christina Milian,Mark Ballas,Singer/Rapper,New Jersey,United States,31,17,Eliminated Week 5,9,1,3,22.0,7.333333333333333,5,0,Percentage
Christina Milian,Mark Ballas,Singer/Rapper,New Jersey,United States,31,17,Eliminated Week 5,9,2,3,25.0,8.333333333333334,5,0,Percentage
Christina Milian,Mark Ballas,Singer/Rapper,New Jersey,United States,31,17,Eliminated Week 5,9,3,3,26.0,8.666666666666666,5,0,Percentage
Christina Milian,Mark Ballas,Singer/Rapper,New Jersey,United States,31,17,Eliminated Week 5,9,4,3,24.0,8.0,5,0,Percentage
Christina Milian,Mark Ballas,Singer/Rapper,New Jersey,United States,31,17,Eliminated Week 5,9,5,3,28.0,9.333333333333334,5,1,Percentage
Christina Milian,Mark Ballas,Singer/Rapper,New Jersey,United States,31,17,Eliminated Week 5,9,6,3,0.0,0.0,5,0,Percentage
Christina Milian,Mark Ballas,Singer/Rapper,New Jersey,United States,31,17,Eliminated Week 5,9,7,3,0.0,0.0,5,0,Percentage
Christina Milian,Mark Ballas,Singer/Rapper,New Jersey,United States,31,17,Eliminated Week 5,9,8,3,0.0,0.0,5,0,Percentage
Christina Milian,Mark Ballas,Singer/Rapper,New Jersey,United States,31,17,Eliminated Week 5,9,9,3,0.0,0.0,5,0,Percentage
Christina Milian,Mark Ballas,Singer/Rapper,New Jersey,United States,31,17,Eliminated Week 5,9,10,4,0.0,0.0,5,0,Percentage
Christina Milian,Mark Ballas,Singer/Rapper,New Jersey,United States,31,17,Eliminated Week 5,9,11,3,0.0,0.0,5,0,Percentage
Chuck Liddell,Anna Trebunskaya,Athlete,California,United States,39,9,Eliminated Week 4,11,1,3,22.0,7.333333333333333,4,0,Percentage
Chuck Liddell,Anna Trebunskaya,Athlete,California,United States,39,9,Eliminated Week 4,11,2,3,19.0,6.333333333333333,4,0,Percentage
Chuck Liddell,Anna Trebunskaya,Athlete,California,United States,39,9,Eliminated Week 4,11,3,3,17.0,5.666666666666667,4,0,Percentage
Chuck Liddell,Anna Trebunskaya,Athlete,California,United States,39,9,Eliminated Week 4,11,4,3,17.0,5.666666666666667,4,1,Percentage
Chuck Liddell,Anna Trebunskaya,Athlete,California,United States,39,9,Eliminated Week 4,11,5,3,0.0,0.0,4,0,Percentage
Chuck Liddell,Anna Trebunskaya,Athlete,California,United States,39,9,Eliminated Week 4,11,6,3,0.0,0.0,4,0,Percentage
Chuck Liddell,Anna Trebunskaya,Athlete,California,United States,39,9,Eliminated Week 4,11,7,3,0.0,0.0,4,0,Percentage
Chuck Liddell,Anna Trebunskaya,Athlete,California,United States,39,9,Eliminated Week 4,11,8,3,0.0,0.0,4,0,Percentage
Chuck Liddell,Anna Trebunskaya,Athlete,California,United States,39,9,Eliminated Week 4,11,9,3,0.0,0.0,4,0,Percentage
Chuck Liddell,Anna Trebunskaya,Athlete,California,United States,39,9,Eliminated Week 4,11,10,3,0.0,0.0,4,0,Percentage
Chuck Wicks,Julianne Hough,Singer/Rapper,Delaware,United States,29,8,Eliminated Week 8,6,1,3,20.0,6.666666666666667,8,0,Percentage
Chuck Wicks,Julianne Hough,Singer/Rapper,Delaware,United States,29,8,Eliminated Week 8,6,2,3,20.0,6.666666666666667,8,0,Percentage
Chuck Wicks,Julianne Hough,Singer/Rapper,Delaware,United States,29,8,Eliminated Week 8,6,3,3,23.0,7.666666666666667,8,0,Percentage
Chuck Wicks,Julianne Hough,Singer/Rapper,Delaware,United States,29,8,Eliminated Week 8,6,4,3,22.0,7.333333333333333,8,0,Percentage
Chuck Wicks,Julianne Hough,Singer/Rapper,Delaware,United States,29,8,Eliminated Week 8,6,5,3,23.0,7.666666666666667,8,0,Percentage
Chuck Wicks,Julianne Hough,Singer/Rapper,Delaware,United States,29,8,Eliminated Week 8,6,6,3,23.0,7.666666666666667,8,0,Percentage
Chuck Wicks,Julianne Hough,Singer/Rapper,Delaware,United States,29,8,Eliminated Week 8,6,7,3,27.0,9.0,8,0,Percentage
Chuck Wicks,Julianne Hough,Singer/Rapper,Delaware,United States,29,8,Eliminated Week 8,6,8,3,25.5,8.5,8,1,Percentage
Chuck Wicks,Julianne Hough,Singer/Rapper,Delaware,United States,29,8,Eliminated Week 8,6,9,3,0.0,0.0,8,0,Percentage
Chuck Wicks,Julianne Hough,Singer/Rapper,Delaware,United States,29,8,Eliminated Week 8,6,10,3,0.0,0.0,8,0,Percentage
Chuck Wicks,Julianne Hough,Singer/Rapper,Delaware,United States,29,8,Eliminated Week 8,6,11,3,0.0,0.0,8,0,Percentage
Chynna Phillips,Tony Dovolani,Singer/Rapper,California,United States,43,13,Eliminated Week 4,9,1,3,22.0,7.333333333333333,4,0,Percentage
Chynna Phillips,Tony Dovolani,Singer/Rapper,California,United States,43,13,Eliminated Week 4,9,2,3,21.0,7.0,4,0,Percentage
Chynna Phillips,Tony Dovolani,Singer/Rapper,California,United States,43,13,Eliminated Week 4,9,3,3,26.0,8.666666666666666,4,0,Percentage
Chynna Phillips,Tony Dovolani,Singer/Rapper,California,United States,43,13,Eliminated Week 4,9,4,3,21.0,7.0,4,1,Percentage
Chynna Phillips,Tony Dovolani,Singer/Rapper,California,United States,43,13,Eliminated Week 4,9,5,3,0.0,0.0,4,0,Percentage
Chynna Phillips,Tony Dovolani,Singer/Rapper,California,United States,43,13,Eliminated Week 4,9,6,3,0.0,0.0,4,0,Percentage
Chynna Phillips,Tony Dovolani,Singer/Rapper,California,United States,43,13,Eliminated Week 4,9,7,3,0.0,0.0,4,0,Percentage
Chynna Phillips,Tony Dovolani,Singer/Rapper,California,United States,43,13,Eliminated Week 4,9,8,3,0.0,0.0,4,0,Percentage
Chynna Phillips,Tony Dovolani,Singer/Rapper,California,United States,43,13,Eliminated Week 4,9,9,3,0.0,0.0,4,0,Percentage
Chynna Phillips,Tony Dovolani,Singer/Rapper,California,United States,43,13,Eliminated Week 4,9,10,3,0.0,0.0,4,0,Percentage
Cloris Leachman,Corky Ballas,Actor/Actress,Iowa,United States,82,7,Eliminated Week 6,7,1,3,16.0,5.333333333333333,6,0,Percentage
Cloris Leachman,Corky Ballas,Actor/Actress,Iowa,United States,82,7,Eliminated Week 6,7,2,3,15.0,5.0,6,0,Percentage
Cloris Leachman,Corky Ballas,Actor/Actress,Iowa,United States,82,7,Eliminated Week 6,7,3,3,16.0,5.333333333333333,6,0,Percentage
Cloris Leachman,Corky Ballas,Actor/Actress,Iowa,United States,82,7,Eliminated Week 6,7,4,3,22.0,7.333333333333333,6,0,Percentage
Cloris Leachman,Corky Ballas,Actor/Actress,Iowa,United States,82,7,Eliminated Week 6,7,5,3,21.0,7.0,6,0,Percentage
Cloris Leachman,Corky Ballas,Actor/Actress,Iowa,United States,82,7,Eliminated Week 6,7,6,3,15.0,5.0,6,1,Percentage
Cloris Leachman,Corky Ballas,Actor/Actress,Iowa,United States,82,7,Eliminated Week 6,7,7,3,0.0,0.0,6,0,Percentage
Cloris Leachman,Corky Ballas,Actor/Actress,Iowa,United States,82,7,Eliminated Week 6,7,8,3,0.0,0.0,6,0,Percentage
Cloris Leachman,Corky Ballas,Actor/Actress,Iowa,United States,82,7,Eliminated Week 6,7,9,3,0.0,0.0,6,0,Percentage
Cloris Leachman,Corky Ballas,Actor/Actress,Iowa,United States,82,7,Eliminated Week 6,7,10,3,0.0,0.0,6,0,Percentage
Clyde Drexler,Elena Grinenko,Athlete,Louisiana,United States,44,4,Eliminated Week 5,8,1,3,16.0,5.333333333333333,5,0,Percentage
Clyde Drexler,Elena Grinenko,Athlete,Louisiana,United States,44,4,Eliminated Week 5,8,2,3,18.0,6.0,5,0,Percentage
Clyde Drexler,Elena Grinenko,Athlete,Louisiana,United States,44,4,Eliminated Week 5,8,3,3,16.0,5.333333333333333,5,0,Percentage
Clyde Drexler,Elena Grinenko,Athlete,Louisiana,United States,44,4,Eliminated Week 5,8,4,3,15.0,5.0,5,0,Percentage
Clyde Drexler,Elena Grinenko,Athlete,Louisiana,United States,44,4,Eliminated Week 5,8,5,3,13.0,4.333333333333333,5,1,Percentage
Clyde Drexler,Elena Grinenko,Athlete,Louisiana,United States,44,4,Eliminated Week 5,8,6,3,0.0,0.0,5,0,Percentage
Clyde Drexler,Elena Grinenko,Athlete,Louisiana,United States,44,4,Eliminated Week 5,8,7,3,0.0,0.0,5,0,Percentage
Clyde Drexler,Elena Grinenko,Athlete,Louisiana,United States,44,4,Eliminated Week 5,8,8,3,0.0,0.0,5,0,Percentage
Clyde Drexler,Elena Grinenko,Athlete,Louisiana,United States,44,4,Eliminated Week 5,8,9,3,0.0,0.0,5,0,Percentage
Clyde Drexler,Elena Grinenko,Athlete,Louisiana,United States,44,4,Eliminated Week 5,8,10,3,0.0,0.0,5,0,Percentage
Cody Linley,Julianne Hough,Actor/Actress,Texas,United States,18,7,Eliminated Week 9,4,1,3,20.5,6.833333333333333,9,0,Percentage
Cody Linley,Julianne Hough,Actor/Actress,Texas,United States,18,7,Eliminated Week 9,4,2,3,21.0,7.0,9,0,Percentage
Cody Linley,Julianne Hough,Actor/Actress,Texas,United States,18,7,Eliminated Week 9,4,3,3,21.0,7.0,9,0,Percentage
Cody Linley,Julianne Hough,Actor/Actress,Texas,United States,18,7,Eliminated Week 9,4,4,3,23.0,7.666666666666667,9,0,Percentage
Cody Linley,Julianne Hough,Actor/Actress,Texas,United States,18,7,Eliminated Week 9,4,5,3,28.0,9.333333333333334,9,0,Percentage
Cody Linley,Julianne Hough,Actor/Actress,Texas,United States,18,7,Eliminated Week 9,4,6,3,23.0,7.666666666666667,9,0,Percentage
Cody Linley,Julianne Hough,Actor/Actress,Texas,United States,18,7,Eliminated Week 9,4,7,3,22.0,7.333333333333333,9,0,Percentage
Cody Linley,Julianne Hough,Actor/Actress,Texas,United States,18,7,Eliminated Week 9,4,8,3,24.0,8.0,9,0,Percentage
Cody Linley,Julianne Hough,Actor/Actress,Texas,United States,18,7,Eliminated Week 9,4,9,3,23.0,7.666666666666667,9,1,Percentage
Cody Linley,Julianne Hough,Actor/Actress,Texas,United States,18,7,Eliminated Week 9,4,10,3,0.0,0.0,9,0,Percentage
Corbin Bleu,Karina Smirnoff,Actor/Actress,New York,United States,24,17,2nd Place,2,1,3,24.0,8.0,99,0,Percentage
Corbin Bleu,Karina Smirnoff,Actor/Actress,New York,United States,24,17,2nd Place,2,2,3,26.0,8.666666666666666,99,0,Percentage
Corbin Bleu,Karina Smirnoff,Actor/Actress,New York,United States,24,17,2nd Place,2,3,3,26.0,8.666666666666666,99,0,Percentage
Corbin Bleu,Karina Smirnoff,Actor/Actress,New York,United States,24,17,2nd Place,2,4,3,27.0,9.0,99,0,Percentage
Corbin Bleu,Karina Smirnoff,Actor/Actress,New York,United States,24,17,2nd Place,2,5,3,28.0,9.333333333333334,99,0,Percentage
Corbin Bleu,Karina Smirnoff,Actor/Actress,New York,United States,24,17,2nd Place,2,6,3,26.999899999999997,8.999966666666666,99,0,Percentage
Corbin Bleu,Karina Smirnoff,Actor/Actress,New York,United States,24,17,2nd Place,2,7,3,29.5,9.833333333333334,99,0,Percentage
Corbin Bleu,Karina Smirnoff,Actor/Actress,New York,United States,24,17,2nd Place,2,8,3,30.0,10.0,99,0,Percentage
Corbin Bleu,Karina Smirnoff,Actor/Actress,New York,United States,24,17,2nd Place,2,9,3,29.0,9.666666666666666,99,0,Percentage
Corbin Bleu,Karina Smirnoff,Actor/Actress,New York,United States,24,17,2nd Place,2,10,4,37.5,9.375,99,0,Percentage
Corbin Bleu,Karina Smirnoff,Actor/Actress,New York,United States,24,17,2nd Place,2,11,3,29.6664,9.8888,99,0,Percentage
D. L. Hughley,Cheryl Burke,Comedian,Virginia,United States,50,16,Eliminated Week 5,9,1,3,12.0,4.0,5,0,Percentage
D. L. Hughley,Cheryl Burke,Comedian,Virginia,United States,50,16,Eliminated Week 5,9,2,3,16.0,5.333333333333333,5,0,Percentage
D. L. Hughley,Cheryl Burke,Comedian,Virginia,United States,50,16,Eliminated Week 5,9,3,3,16.0,5.333333333333333,5,0,Percentage
D. L. Hughley,Cheryl Burke,Comedian,Virginia,United States,50,16,Eliminated Week 5,9,4,3,21.0,7.0,5,0,Percentage
D. L. Hughley,Cheryl Burke,Comedian,Virginia,United States,50,16,Eliminated Week 5,9,5,3,18.0,6.0,5,1,Percentage
D. L. Hughley,Cheryl Burke,Comedian,Virginia,United States,50,16,Eliminated Week 5,9,6,3,0.0,0.0,5,0,Percentage
D. L. Hughley,Cheryl Burke,Comedian,Virginia,United States,50,16,Eliminated Week 5,9,7,3,0.0,0.0,5,0,Percentage
D. L. Hughley,Cheryl Burke,Comedian,Virginia,United States,50,16,Eliminated Week 5,9,8,3,0.0,0.0,5,0,Percentage
D. L. Hughley,Cheryl Burke,Comedian,Virginia,United States,50,16,Eliminated Week 5,9,9,3,0.0,0.0,5,0,Percentage
D. L. Hughley,Cheryl Burke,Comedian,Virginia,United States,50,16,Eliminated Week 5,9,10,3,0.0,0.0,5,0,Percentage
Danelle Umstead,Artem Chigvintsev,Athlete,New Mexico,United States,46,27,Eliminated Week 2,12,1,3,18.0,6.0,2,0,Percentage
Danelle Umstead,Artem Chigvintsev,Athlete,New Mexico,United States,46,27,Eliminated Week 2,12,2,3,18.5,6.166666666666667,2,1,Percentage
Danelle Umstead,Artem Chigvintsev,Athlete,New Mexico,United States,46,27,Eliminated Week 2,12,3,3,0.0,0.0,2,0,Percentage
Danelle Umstead,Artem Chigvintsev,Athlete,New Mexico,United States,46,27,Eliminated Week 2,12,4,3,0.0,0.0,2,0,Percentage
Danelle Umstead,Artem Chigvintsev,Athlete,New Mexico,United States,46,27,Eliminated Week 2,12,5,3,0.0,0.0,2,0,Percentage
Danelle Umstead,Artem Chigvintsev,Athlete,New Mexico,United States,46,27,Eliminated Week 2,12,6,3,0.0,0.0,2,0,Percentage
Danelle Umstead,Artem Chigvintsev,Athlete,New Mexico,United States,46,27,Eliminated Week 2,12,7,3,0.0,0.0,2,0,Percentage
Danelle Umstead,Artem Chigvintsev,Athlete,New Mexico,United States,46,27,Eliminated Week 2,12,8,3,0.0,0.0,2,0,Percentage
Danelle Umstead,Artem Chigvintsev,Athlete,New Mexico,United States,46,27,Eliminated Week 2,12,9,3,0.0,0.0,2,0,Percentage
Danica McKellar,Valentin Chmerkovskiy,Actor/Actress,California,United States,39,18,Eliminated Week 8,6,1,3,24.0,8.0,8,0,Percentage
Danica McKellar,Valentin Chmerkovskiy,Actor/Actress,California,United States,39,18,Eliminated Week 8,6,2,3,24.0,8.0,8,0,Percentage
Danica McKellar,Valentin Chmerkovskiy,Actor/Actress,California,United States,39,18,Eliminated Week 8,6,3,4,36.0,9.0,8,0,Percentage
Danica McKellar,Valentin Chmerkovskiy,Actor/Actress,California,United States,39,18,Eliminated Week 8,6,4,4,32.0,8.0,8,0,Percentage
Danica McKellar,Valentin Chmerkovskiy,Actor/Actress,California,United States,39,18,Eliminated Week 8,6,5,4,39.0,9.75,8,0,Percentage
Danica McKellar,Valentin Chmerkovskiy,Actor/Actress,California,United States,39,18,Eliminated Week 8,6,6,4,36.0,9.0,8,0,Percentage
Danica McKellar,Valentin Chmerkovskiy,Actor/Actress,California,United States,39,18,Eliminated Week 8,6,7,4,36.0,9.0,8,0,Percentage
Danica McKellar,Valentin Chmerkovskiy,Actor/Actress,California,United States,39,18,Eliminated Week 8,6,8,4,38.0,9.5,8,1,Percentage
Danica McKellar,Valentin Chmerkovskiy,Actor/Actress,California,United States,39,18,Eliminated Week 8,6,9,4,0.0,0.0,8,0,Percentage
Danica McKellar,Valentin Chmerkovskiy,Actor/Actress,California,United States,39,18,Eliminated Week 8,6,10,3,0.0,0.0,8,0,Percentage
David Alan Grier,Kym Johnson,Actor/Actress,Michigan,United States,52,8,Eliminated Week 5,9,1,3,19.0,6.333333333333333,5,0,Percentage
David Alan Grier,Kym Johnson,Actor/Actress,Michigan,United States,52,8,Eliminated Week 5,9,2,3,17.0,5.666666666666667,5,0,Percentage
David Alan Grier,Kym Johnson,Actor/Actress,Michigan,United States,52,8,Eliminated Week 5,9,3,3,24.0,8.0,5,0,Percentage
David Alan Grier,Kym Johnson,Actor/Actress,Michigan,United States,52,8,Eliminated Week 5,9,4,3,22.0,7.333333333333333,5,0,Percentage
David Alan Grier,Kym Johnson,Actor/Actress,Michigan,United States,52,8,Eliminated Week 5,9,5,3,22.0,7.333333333333333,5,1,Percentage
David Alan Grier,Kym Johnson,Actor/Actress,Michigan,United States,52,8,Eliminated Week 5,9,6,3,0.0,0.0,5,0,Percentage
David Alan Grier,Kym Johnson,Actor/Actress,Michigan,United States,52,8,Eliminated Week 5,9,7,3,0.0,0.0,5,0,Percentage
David Alan Grier,Kym Johnson,Actor/Actress,Michigan,United States,52,8,Eliminated Week 5,9,8,3,0.0,0.0,5,0,Percentage
David Alan Grier,Kym Johnson,Actor/Actress,Michigan,United States,52,8,Eliminated Week 5,9,9,3,0.0,0.0,5,0,Percentage
David Alan Grier,Kym Johnson,Actor/Actress,Michigan,United States,52,8,Eliminated Week 5,9,10,3,0.0,0.0,5,0,Percentage
David Alan Grier,Kym Johnson,Actor/Actress,Michigan,United States,52,8,Eliminated Week 5,9,11,3,0.0,0.0,5,0,Percentage
David Arquette,Kym Johnson,Actor/Actress,Virginia,United States,40,13,Eliminated Week 7,6,1,3,18.0,6.0,7,0,Percentage
David Arquette,Kym Johnson,Actor/Actress,Virginia,United States,40,13,Eliminated Week 7,6,2,3,18.0,6.0,7,0,Percentage
David Arquette,Kym Johnson,Actor/Actress,Virginia,United States,40,13,Eliminated Week 7,6,3,3,24.0,8.0,7,0,Percentage
David Arquette,Kym Johnson,Actor/Actress,Virginia,United States,40,13,Eliminated Week 7,6,4,3,23.0,7.666666666666667,7,0,Percentage
David Arquette,Kym Johnson,Actor/Actress,Virginia,United States,40,13,Eliminated Week 7,6,5,3,25.0,8.333333333333334,7,0,Percentage
David Arquette,Kym Johnson,Actor/Actress,Virginia,United States,40,13,Eliminated Week 7,6,6,3,23.0,7.666666666666667,7,0,Percentage
David Arquette,Kym Johnson,Actor/Actress,Virginia,United States,40,13,Eliminated Week 7,6,7,3,23.5,7.833333333333333,7,1,Percentage
David Arquette,Kym Johnson,Actor/Actress,Virginia,United States,40,13,Eliminated Week 7,6,8,3,0.0,0.0,7,0,Percentage
David Arquette,Kym Johnson,Actor/Actress,Virginia,United States,40,13,Eliminated Week 7,6,9,3,0.0,0.0,7,0,Percentage
David Arquette,Kym Johnson,Actor/Actress,Virginia,United States,40,13,Eliminated Week 7,6,10,3,0.0,0.0,7,0,Percentage
David Hasselhoff,Kym Johnson,Actor/Actress,Maryland,United States,58,11,Eliminated Week 1,12,1,3,15.0,5.0,1,1,Percentage
David Hasselhoff,Kym Johnson,Actor/Actress,Maryland,United States,58,11,Eliminated Week 1,12,2,3,0.0,0.0,1,0,Percentage
David Hasselhoff,Kym Johnson,Actor/Actress,Maryland,United States,58,11,Eliminated Week 1,12,3,3,0.0,0.0,1,0,Percentage
David Hasselhoff,Kym Johnson,Actor/Actress,Maryland,United States,58,11,Eliminated Week 1,12,4,3,0.0,0.0,1,0,Percentage
David Hasselhoff,Kym Johnson,Actor/Actress,Maryland,United States,58,11,Eliminated Week 1,12,5,3,0.0,0.0,1,0,Percentage
David Hasselhoff,Kym Johnson,Actor/Actress,Maryland,United States,58,11,Eliminated Week 1,12,6,3,0.0,0.0,1,0,Percentage
David Hasselhoff,Kym Johnson,Actor/Actress,Maryland,United States,58,11,Eliminated Week 1,12,7,4,0.0,0.0,1,0,Percentage
David Hasselhoff,Kym Johnson,Actor/Actress,Maryland,United States,58,11,Eliminated Week 1,12,8,3,0.0,0.0,1,0,Percentage
David Hasselhoff,Kym Johnson,Actor/Actress,Maryland,United States,58,11,Eliminated Week 1,12,9,3,0.0,0.0,1,0,Percentage
David Hasselhoff,Kym Johnson,Actor/Actress,Maryland,United States,58,11,Eliminated Week 1,12,10,3,0.0,0.0,1,0,Percentage
David Ross,Lindsay Arnold,Athlete,Georgia,United States,40,24,2nd Place,2,1,4,28.0,7.0,99,0,Percentage
David Ross,Lindsay Arnold,Athlete,Georgia,United States,40,24,2nd Place,2,2,4,27.0,6.75,99,0,Percentage
David Ross,Lindsay Arnold,Athlete,Georgia,United States,40,24,2nd Place,2,3,4,31.0,7.75,99,0,Percentage
David Ross,Lindsay Arnold,Athlete,Georgia,United States,40,24,2nd Place,2,4,4,31.0,7.75,99,0,Percentage
David Ross,Lindsay Arnold,Athlete,Georgia,United States,40,24,2nd Place,2,5,4,29.0,7.25,99,0,Percentage
David Ross,Lindsay Arnold,Athlete,Georgia,United States,40,24,2nd Place,2,6,4,31.0,7.75,99,0,Percentage
David Ross,Lindsay Arnold,Athlete,Georgia,United States,40,24,2nd Place,2,7,4,32.0,8.0,99,0,Percentage
David Ross,Lindsay Arnold,Athlete,Georgia,United States,40,24,2nd Place,2,8,4,32.5,8.125,99,0,Percentage
David Ross,Lindsay Arnold,Athlete,Georgia,United States,40,24,2nd Place,2,9,4,35.0,8.75,99,0,Percentage
David Ross,Lindsay Arnold,Athlete,Georgia,United States,40,24,2nd Place,2,10,4,36.3333,9.083325,99,0,Percentage
DeMarcus Ware,Lindsay Arnold,Athlete,Alabama,United States,36,27,Eliminated Week 7,7,1,3,23.0,7.666666666666667,7,0,Percentage
DeMarcus Ware,Lindsay Arnold,Athlete,Alabama,United States,36,27,Eliminated Week 7,7,2,3,23.5,7.833333333333333,7,0,Percentage
DeMarcus Ware,Lindsay Arnold,Athlete,Alabama,United States,36,27,Eliminated Week 7,7,3,3,26.0,8.666666666666666,7,0,Percentage
DeMarcus Ware,Lindsay Arnold,Athlete,Alabama,United States,36,27,Eliminated Week 7,7,4,3,22.0,7.333333333333333,7,0,Percentage
DeMarcus Ware,Lindsay Arnold,Athlete,Alabama,United States,36,27,Eliminated Week 7,7,5,3,26.0,8.666666666666666,7,0,Percentage
DeMarcus Ware,Lindsay Arnold,Athlete,Alabama,United States,36,27,Eliminated Week 7,7,6,3,26.0,8.666666666666666,7,0,Percentage
DeMarcus Ware,Lindsay Arnold,Athlete,Alabama,United States,36,27,Eliminated Week 7,7,7,3,26.5,8.833333333333334,7,1,Percentage
DeMarcus Ware,Lindsay Arnold,Athlete,Alabama,United States,36,27,Eliminated Week 7,7,8,3,0.0,0.0,7,0,Percentage
DeMarcus Ware,Lindsay Arnold,Athlete,Alabama,United States,36,27,Eliminated Week 7,7,9,3,0.0,0.0,7,0,Percentage
Debbie Gibson,Alan Bersten,Singer/Rapper,New York,United States,47,25,Eliminated Week 2,12,1,3,17.0,5.666666666666667,2,0,Percentage
Debbie Gibson,Alan Bersten,Singer/Rapper,New York,United States,47,25,Eliminated Week 2,12,2,3,20.5,6.833333333333333,2,1,Percentage
Debbie Gibson,Alan Bersten,Singer/Rapper,New York,United States,47,25,Eliminated Week 2,12,3,3,0.0,0.0,2,0,Percentage
Debbie Gibson,Alan Bersten,Singer/Rapper,New York,United States,47,25,Eliminated Week 2,12,4,3,0.0,0.0,2,0,Percentage
Debbie Gibson,Alan Bersten,Singer/Rapper,New York,United States,47,25,Eliminated Week 2,12,5,3,0.0,0.0,2,0,Percentage
Debbie Gibson,Alan Bersten,Singer/Rapper,New York,United States,47,25,Eliminated Week 2,12,6,4,0.0,0.0,2,0,Percentage
Debbie Gibson,Alan Bersten,Singer/Rapper,New York,United States,47,25,Eliminated Week 2,12,7,3,0.0,0.0,2,0,Percentage
Debbie Gibson,Alan Bersten,Singer/Rapper,New York,United States,47,25,Eliminated Week 2,12,8,3,0.0,0.0,2,0,Percentage
Debbie Gibson,Alan Bersten,Singer/Rapper,New York,United States,47,25,Eliminated Week 2,12,9,3,0.0,0.0,2,0,Percentage
Debbie Gibson,Alan Bersten,Singer/Rapper,New York,United States,47,25,Eliminated Week 2,12,10,4,0.0,0.0,2,0,Percentage
Debi Mazar,Maksim Chmerkoskiy,Actor/Actress,New York,United States,45,9,Eliminated Week 3,12,1,3,22.0,7.333333333333333,3,0,Percentage
Debi Mazar,Maksim Chmerkoskiy,Actor/Actress,New York,United States,45,9,Eliminated Week 3,12,2,3,21.0,7.0,3,0,Percentage
Debi Mazar,Maksim Chmerkoskiy,Actor/Actress,New York,United States,45,9,Eliminated Week 3,12,3,3,17.0,5.666666666666667,3,1,Percentage
Debi Mazar,Maksim Chmerkoskiy,Actor/Actress,New York,United States,45,9,Eliminated Week 3,12,4,3,0.0,0.0,3,0,Percentage
Debi Mazar,Maksim Chmerkoskiy,Actor/Actress,New York,United States,45,9,Eliminated Week 3,12,5,3,0.0,0.0,3,0,Percentage
Debi Mazar,Maksim Chmerkoskiy,Actor/Actress,New York,United States,45,9,Eliminated Week 3,12,6,3,0.0,0.0,3,0,Percentage
Debi Mazar,Maksim Chmerkoskiy,Actor/Actress,New York,United States,45,9,Eliminated Week 3,12,7,3,0.0,0.0,3,0,Percentage
Debi Mazar,Maksim Chmerkoskiy,Actor/Actress,New York,United States,45,9,Eliminated Week 3,12,8,3,0.0,0.0,3,0,Percentage
Debi Mazar,Maksim Chmerkoskiy,Actor/Actress,New York,United States,45,9,Eliminated Week 3,12,9,3,0.0,0.0,3,0,Percentage
Debi Mazar,Maksim Chmerkoskiy,Actor/Actress,New York,United States,45,9,Eliminated Week 3,12,10,3,0.0,0.0,3,0,Percentage
Denise Richards,Maksim Chmerkoskiy,Actor/Actress,Illinois,United States,38,8,Eliminated Week 3,12,1,3,18.0,6.0,3,0,Percentage
Denise Richards,Maksim Chmerkoskiy,Actor/Actress,Illinois,United States,38,8,Eliminated Week 3,12,2,3,21.0,7.0,3,0,Percentage
Denise Richards,Maksim Chmerkoskiy,Actor/Actress,Illinois,United States,38,8,Eliminated Week 3,12,3,3,16.0,5.333333333333333,3,1,Percentage
Denise Richards,Maksim Chmerkoskiy,Actor/Actress,Illinois,United States,38,8,Eliminated Week 3,12,4,3,0.0,0.0,3,0,Percentage
Denise Richards,Maksim Chmerkoskiy,Actor/Actress,Illinois,United States,38,8,Eliminated Week 3,12,5,3,0.0,0.0,3,0,Percentage
Denise Richards,Maksim Chmerkoskiy,Actor/Actress,Illinois,United States,38,8,Eliminated Week 3,12,6,3,0.0,0.0,3,0,Percentage
Denise Richards,Maksim Chmerkoskiy,Actor/Actress,Illinois,United States,38,8,Eliminated Week 3,12,7,3,0.0,0.0,3,0,Percentage
Denise Richards,Maksim Chmerkoskiy,Actor/Actress,Illinois,United States,38,8,Eliminated Week 3,12,8,3,0.0,0.0,3,0,Percentage
Denise Richards,Maksim Chmerkoskiy,Actor/Actress,Illinois,United States,38,8,Eliminated Week 3,12,9,3,0.0,0.0,3,0,Percentage
Denise Richards,Maksim Chmerkoskiy,Actor/Actress,Illinois,United States,38,8,Eliminated Week 3,12,10,3,0.0,0.0,3,0,Percentage
Denise Richards,Maksim Chmerkoskiy,Actor/Actress,Illinois,United States,38,8,Eliminated Week 3,12,11,3,0.0,0.0,3,0,Percentage
Derek Fisher,Sharna Burgess,Athlete,Arkansas,United States,43,25,Eliminated Week 4,11,1,3,18.0,6.0,4,0,Percentage
Derek Fisher,Sharna Burgess,Athlete,Arkansas,United States,43,25,Eliminated Week 4,11,2,3,19.0,6.333333333333333,4,0,Percentage
Derek Fisher,Sharna Burgess,Athlete,Arkansas,United States,43,25,Eliminated Week 4,11,3,3,21.0,7.0,4,0,Percentage
Derek Fisher,Sharna Burgess,Athlete,Arkansas,United States,43,25,Eliminated Week 4,11,4,3,23.0,7.666666666666667,4,1,Percentage
Derek Fisher,Sharna Burgess,Athlete,Arkansas,United States,43,25,Eliminated Week 4,11,5,3,0.0,0.0,4,0,Percentage
Derek Fisher,Sharna Burgess,Athlete,Arkansas,United States,43,25,Eliminated Week 4,11,6,4,0.0,0.0,4,0,Percentage
Derek Fisher,Sharna Burgess,Athlete,Arkansas,United States,43,25,Eliminated Week 4,11,7,3,0.0,0.0,4,0,Percentage
Derek Fisher,Sharna Burgess,Athlete,Arkansas,United States,43,25,Eliminated Week 4,11,8,3,0.0,0.0,4,0,Percentage
Derek Fisher,Sharna Burgess,Athlete,Arkansas,United States,43,25,Eliminated Week 4,11,9,3,0.0,0.0,4,0,Percentage
Derek Fisher,Sharna Burgess,Athlete,Arkansas,United States,43,25,Eliminated Week 4,11,10,4,0.0,0.0,4,0,Percentage
Diana Nyad,Henry Byalikov,Athlete,New York,United States,64,18,Eliminated Week 2,12,1,3,18.0,6.0,2,0,Percentage
Diana Nyad,Henry Byalikov,Athlete,New York,United States,64,18,Eliminated Week 2,12,2,3,0.0,0.0,2,1,Percentage
Diana Nyad,Henry Byalikov,Athlete,New York,United States,64,18,Eliminated Week 2,12,3,4,0.0,0.0,2,0,Percentage
Diana Nyad,Henry Byalikov,Athlete,New York,United States,64,18,Eliminated Week 2,12,4,4,0.0,0.0,2,0,Percentage
Diana Nyad,Henry Byalikov,Athlete,New York,United States,64,18,Eliminated Week 2,12,5,4,0.0,0.0,2,0,Percentage
Diana Nyad,Henry Byalikov,Athlete,New York,United States,64,18,Eliminated Week 2,12,6,4,0.0,0.0,2,0,Percentage
Diana Nyad,Henry Byalikov,Athlete,New York,United States,64,18,Eliminated Week 2,12,7,4,0.0,0.0,2,0,Percentage
Diana Nyad,Henry Byalikov,Athlete,New York,United States,64,18,Eliminated Week 2,12,8,4,0.0,0.0,2,0,Percentage
Diana Nyad,Henry Byalikov,Athlete,New York,United States,64,18,Eliminated Week 2,12,9,4,0.0,0.0,2,0,Percentage
Diana Nyad,Henry Byalikov,Athlete,New York,United States,64,18,Eliminated Week 2,12,10,3,0.0,0.0,2,0,Percentage
Donald Driver,Peta Murgatroyd,Athlete,Texas,United States,37,14,1st Place,1,1,3,21.0,7.0,99,0,Percentage
Donald Driver,Peta Murgatroyd,Athlete,Texas,United States,37,14,1st Place,1,2,3,24.0,8.0,99,0,Percentage
Donald Driver,Peta Murgatroyd,Athlete,Texas,United States,37,14,1st Place,1,3,3,26.0,8.666666666666666,99,0,Percentage
Donald Driver,Peta Murgatroyd,Athlete,Texas,United States,37,14,1st Place,1,4,3,27.0,9.0,99,0,Percentage
Donald Driver,Peta Murgatroyd,Athlete,Texas,United States,37,14,1st Place,1,5,3,27.0,9.0,99,0,Percentage
Donald Driver,Peta Murgatroyd,Athlete,Texas,United States,37,14,1st Place,1,6,3,33.9999,11.3333,99,0,Percentage
Donald Driver,Peta Murgatroyd,Athlete,Texas,United States,37,14,1st Place,1,7,3,26.5,8.833333333333334,99,0,Percentage
Donald Driver,Peta Murgatroyd,Athlete,Texas,United States,37,14,1st Place,1,8,3,27.5,9.166666666666666,99,0,Percentage
Donald Driver,Peta Murgatroyd,Athlete,Texas,United States,37,14,1st Place,1,9,3,28.5,9.5,99,0,Percentage
Donald Driver,Peta Murgatroyd,Athlete,Texas,United States,37,14,1st Place,1,10,3,29.666600000000003,9.888866666666667,99,0,Percentage
Donny Osmond,Kym Johnson,Singer/Rapper,Utah,United States,51,9,1st Place,1,1,3,29.999899999999997,9.999966666666666,99,0,Percentage
Donny Osmond,Kym Johnson,Singer/Rapper,Utah,United States,51,9,1st Place,1,2,3,25.0,8.333333333333334,99,0,Percentage
Donny Osmond,Kym Johnson,Singer/Rapper,Utah,United States,51,9,1st Place,1,3,3,21.0,7.0,99,0,Percentage
Donny Osmond,Kym Johnson,Singer/Rapper,Utah,United States,51,9,1st Place,1,4,3,24.0,8.0,99,0,Percentage
Donny Osmond,Kym Johnson,Singer/Rapper,Utah,United States,51,9,1st Place,1,5,3,29.0,9.666666666666666,99,0,Percentage
Donny Osmond,Kym Johnson,Singer/Rapper,Utah,United States,51,9,1st Place,1,6,3,30.999899999999997,10.3333,99,0,Percentage
Donny Osmond,Kym Johnson,Singer/Rapper,Utah,United States,51,9,1st Place,1,7,3,26.0,8.666666666666666,99,0,Percentage
Donny Osmond,Kym Johnson,Singer/Rapper,Utah,United States,51,9,1st Place,1,8,3,25.0,8.333333333333334,99,0,Percentage
Donny Osmond,Kym Johnson,Singer/Rapper,Utah,United States,51,9,1st Place,1,9,3,24.6666,8.222199999999999,99,0,Percentage
Donny Osmond,Kym Johnson,Singer/Rapper,Utah,United States,51,9,1st Place,1,10,3,28.9998,9.6666,99,0,Percentage
Dorothy Hamill,Tristan MacManus,Athlete,Illinois,United States,56,16,Withdrew,12,1,3,21.0,7.0,99,0,Percentage
Dorothy Hamill,Tristan MacManus,Athlete,Illinois,United States,56,16,Withdrew,12,2,3,15.0,5.0,99,0,Percentage
Dorothy Hamill,Tristan MacManus,Athlete,Illinois,United States,56,16,Withdrew,12,3,3,0.0,0.0,99,0,Percentage
Dorothy Hamill,Tristan MacManus,Athlete,Illinois,United States,56,16,Withdrew,12,4,3,0.0,0.0,99,0,Percentage
Dorothy Hamill,Tristan MacManus,Athlete,Illinois,United States,56,16,Withdrew,12,5,3,0.0,0.0,99,0,Percentage
Dorothy Hamill,Tristan MacManus,Athlete,Illinois,United States,56,16,Withdrew,12,6,3,0.0,0.0,99,0,Percentage
Dorothy Hamill,Tristan MacManus,Athlete,Illinois,United States,56,16,Withdrew,12,7,3,0.0,0.0,99,0,Percentage
Dorothy Hamill,Tristan MacManus,Athlete,Illinois,United States,56,16,Withdrew,12,8,3,0.0,0.0,99,0,Percentage
Dorothy Hamill,Tristan MacManus,Athlete,Illinois,United States,56,16,Withdrew,12,9,3,0.0,0.0,99,0,Percentage
Dorothy Hamill,Tristan MacManus,Athlete,Illinois,United States,56,16,Withdrew,12,10,3,0.0,0.0,99,0,Percentage
Doug Flutie,Karina Smirnoff,Athlete,Maryland,United States,53,22,Eliminated Week 6,9,1,3,15.0,5.0,6,0,Percentage
Doug Flutie,Karina Smirnoff,Athlete,Maryland,United States,53,22,Eliminated Week 6,9,2,3,20.0,6.666666666666667,6,0,Percentage
Doug Flutie,Karina Smirnoff,Athlete,Maryland,United States,53,22,Eliminated Week 6,9,3,3,20.0,6.666666666666667,6,0,Percentage
Doug Flutie,Karina Smirnoff,Athlete,Maryland,United States,53,22,Eliminated Week 6,9,4,4,24.0,6.0,6,0,Percentage
Doug Flutie,Karina Smirnoff,Athlete,Maryland,United States,53,22,Eliminated Week 6,9,5,4,28.0,7.0,6,0,Percentage
Doug Flutie,Karina Smirnoff,Athlete,Maryland,United States,53,22,Eliminated Week 6,9,6,3,21.0,7.0,6,1,Percentage
Doug Flutie,Karina Smirnoff,Athlete,Maryland,United States,53,22,Eliminated Week 6,9,7,3,0.0,0.0,6,0,Percentage
Doug Flutie,Karina Smirnoff,Athlete,Maryland,United States,53,22,Eliminated Week 6,9,8,3,0.0,0.0,6,0,Percentage
Doug Flutie,Karina Smirnoff,Athlete,Maryland,United States,53,22,Eliminated Week 6,9,9,3,0.0,0.0,6,0,Percentage
Doug Flutie,Karina Smirnoff,Athlete,Maryland,United States,53,22,Eliminated Week 6,9,10,3,0.0,0.0,6,0,Percentage
Drew Carey,Cheryl Burke,Comedian,Ohio,United States,55,18,Eliminated Week 6,8,1,3,21.0,7.0,6,0,Percentage
Drew Carey,Cheryl Burke,Comedian,Ohio,United States,55,18,Eliminated Week 6,8,2,3,21.0,7.0,6,0,Percentage
Drew Carey,Cheryl Burke,Comedian,Ohio,United States,55,18,Eliminated Week 6,8,3,4,30.0,7.5,6,0,Percentage
Drew Carey,Cheryl Burke,Comedian,Ohio,United States,55,18,Eliminated Week 6,8,4,4,33.0,8.25,6,0,Percentage
Drew Carey,Cheryl Burke,Comedian,Ohio,United States,55,18,Eliminated Week 6,8,5,4,28.0,7.0,6,0,Percentage
Drew Carey,Cheryl Burke,Comedian,Ohio,United States,55,18,Eliminated Week 6,8,6,4,32.0,8.0,6,1,Percentage
Drew Carey,Cheryl Burke,Comedian,Ohio,United States,55,18,Eliminated Week 6,8,7,4,0.0,0.0,6,0,Percentage
Drew Carey,Cheryl Burke,Comedian,Ohio,United States,55,18,Eliminated Week 6,8,8,4,0.0,0.0,6,0,Percentage
Drew Carey,Cheryl Burke,Comedian,Ohio,United States,55,18,Eliminated Week 6,8,9,4,0.0,0.0,6,0,Percentage
Drew Carey,Cheryl Burke,Comedian,Ohio,United States,55,18,Eliminated Week 6,8,10,3,0.0,0.0,6,0,Percentage
Drew Lachey,Anna Trebunskaya,Singer/Rapper,Ohio,United States,36,15,Eliminated Week 3,11,1,3,21.5,7.166666666666667,3,0,Percentage
Drew Lachey,Anna Trebunskaya,Singer/Rapper,Ohio,United States,36,15,Eliminated Week 3,11,2,3,22.5,7.5,3,0,Percentage
Drew Lachey,Anna Trebunskaya,Singer/Rapper,Ohio,United States,36,15,Eliminated Week 3,11,3,3,24.0,8.0,3,1,Percentage
Drew Lachey,Anna Trebunskaya,Singer/Rapper,Ohio,United States,36,15,Eliminated Week 3,11,4,4,0.0,0.0,3,0,Percentage
Drew Lachey,Anna Trebunskaya,Singer/Rapper,Ohio,United States,36,15,Eliminated Week 3,11,5,3,0.0,0.0,3,0,Percentage
Drew Lachey,Anna Trebunskaya,Singer/Rapper,Ohio,United States,36,15,Eliminated Week 3,11,6,3,0.0,0.0,3,0,Percentage
Drew Lachey,Anna Trebunskaya,Singer/Rapper,Ohio,United States,36,15,Eliminated Week 3,11,7,3,0.0,0.0,3,0,Percentage
Drew Lachey,Anna Trebunskaya,Singer/Rapper,Ohio,United States,36,15,Eliminated Week 3,11,8,3,0.0,0.0,3,0,Percentage
Drew Lachey,Anna Trebunskaya,Singer/Rapper,Ohio,United States,36,15,Eliminated Week 3,11,9,3,0.0,0.0,3,0,Percentage
Drew Lachey,Anna Trebunskaya,Singer/Rapper,Ohio,United States,36,15,Eliminated Week 3,11,10,3,0.0,0.0,3,0,Percentage
Elizabeth Berkley Lauren,Valentin Chmerkovskiy,Actor/Actress,Michigan,United States,39,17,Eliminated Week 9,6,1,3,24.0,8.0,9,0,Percentage
Elizabeth Berkley Lauren,Valentin Chmerkovskiy,Actor/Actress,Michigan,United States,39,17,Eliminated Week 9,6,2,3,25.0,8.333333333333334,9,0,Percentage
Elizabeth Berkley Lauren,Valentin Chmerkovskiy,Actor/Actress,Michigan,United States,39,17,Eliminated Week 9,6,3,3,25.0,8.333333333333334,9,0,Percentage
Elizabeth Berkley Lauren,Valentin Chmerkovskiy,Actor/Actress,Michigan,United States,39,17,Eliminated Week 9,6,4,3,27.0,9.0,9,0,Percentage
Elizabeth Berkley Lauren,Valentin Chmerkovskiy,Actor/Actress,Michigan,United States,39,17,Eliminated Week 9,6,5,3,26.0,8.666666666666666,9,0,Percentage
Elizabeth Berkley Lauren,Valentin Chmerkovskiy,Actor/Actress,Michigan,United States,39,17,Eliminated Week 9,6,6,3,31.9998,10.6666,9,0,Percentage
Elizabeth Berkley Lauren,Valentin Chmerkovskiy,Actor/Actress,Michigan,United States,39,17,Eliminated Week 9,6,7,3,27.0,9.0,9,0,Percentage
Elizabeth Berkley Lauren,Valentin Chmerkovskiy,Actor/Actress,Michigan,United States,39,17,Eliminated Week 9,6,8,3,25.0,8.333333333333334,9,0,Percentage
Elizabeth Berkley Lauren,Valentin Chmerkovskiy,Actor/Actress,Michigan,United States,39,17,Eliminated Week 9,6,9,3,28.0,9.333333333333334,9,1,Percentage
Elizabeth Berkley Lauren,Valentin Chmerkovskiy,Actor/Actress,Michigan,United States,39,17,Eliminated Week 9,6,10,4,0.0,0.0,9,0,Percentage
Elizabeth Berkley Lauren,Valentin Chmerkovskiy,Actor/Actress,Michigan,United States,39,17,Eliminated Week 9,6,11,3,0.0,0.0,9,0,Percentage
Emmitt Smith,Cheryl Burke,Athlete,Florida,United States,37,3,1st Place,1,1,3,24.0,8.0,99,0,Percentage
Emmitt Smith,Cheryl Burke,Athlete,Florida,United States,37,3,1st Place,1,2,3,24.0,8.0,99,0,Percentage
Emmitt Smith,Cheryl Burke,Athlete,Florida,United States,37,3,1st Place,1,3,3,19.0,6.333333333333333,99,0,Percentage
Emmitt Smith,Cheryl Burke,Athlete,Florida,United States,37,3,1st Place,1,4,3,24.0,8.0,99,0,Percentage
Emmitt Smith,Cheryl Burke,Athlete,Florida,United States,37,3,1st Place,1,5,3,27.0,9.0,99,0,Percentage
Emmitt Smith,Cheryl Burke,Athlete,Florida,United States,37,3,1st Place,1,6,3,25.0,8.333333333333334,99,0,Percentage
Emmitt Smith,Cheryl Burke,Athlete,Florida,United States,37,3,1st Place,1,7,3,28.5,9.5,99,0,Percentage
Emmitt Smith,Cheryl Burke,Athlete,Florida,United States,37,3,1st Place,1,8,3,27.0,9.0,99,0,Percentage
Emmitt Smith,Cheryl Burke,Athlete,Florida,United States,37,3,1st Place,1,9,3,29.5,9.833333333333334,99,0,Percentage
Emmitt Smith,Cheryl Burke,Athlete,Florida,United States,37,3,1st Place,1,10,3,29.666600000000003,9.888866666666667,99,0,Percentage
Emmitt Smith,Cheryl Burke,Athlete,Florida,United States,43,15,Eliminated Week 9,4,1,3,24.5,8.166666666666666,9,0,Percentage
Emmitt Smith,Cheryl Burke,Athlete,Florida,United States,43,15,Eliminated Week 9,4,2,3,22.5,7.5,9,0,Percentage
Emmitt Smith,Cheryl Burke,Athlete,Florida,United States,43,15,Eliminated Week 9,4,3,3,25.0,8.333333333333334,9,0,Percentage
Emmitt Smith,Cheryl Burke,Athlete,Florida,United States,43,15,Eliminated Week 9,4,4,4,36.0,9.0,9,0,Percentage
Emmitt Smith,Cheryl Burke,Athlete,Florida,United States,43,15,Eliminated Week 9,4,5,3,28.0,9.333333333333334,9,0,Percentage
Emmitt Smith,Cheryl Burke,Athlete,Florida,United States,43,15,Eliminated Week 9,4,6,3,26.5,8.833333333333334,9,0,Percentage
Emmitt Smith,Cheryl Burke,Athlete,Florida,United States,43,15,Eliminated Week 9,4,7,3,34.4999,11.499966666666666,9,0,Percentage
Emmitt Smith,Cheryl Burke,Athlete,Florida,United States,43,15,Eliminated Week 9,4,8,3,29.0554,9.685133333333333,9,0,Percentage
Emmitt Smith,Cheryl Burke,Athlete,Florida,United States,43,15,Eliminated Week 9,4,9,3,27.0,9.0,9,1,Percentage
Emmitt Smith,Cheryl Burke,Athlete,Florida,United States,43,15,Eliminated Week 9,4,10,3,0.0,0.0,9,0,Percentage
Erika Jayne,Gleb Savchenko,Singer/Rapper,Georgia,United States,45,24,Eliminated Week 5,9,1,4,24.0,6.0,5,0,Percentage
Erika Jayne,Gleb Savchenko,Singer/Rapper,Georgia,United States,45,24,Eliminated Week 5,9,2,4,28.0,7.0,5,0,Percentage
Erika Jayne,Gleb Savchenko,Singer/Rapper,Georgia,United States,45,24,Eliminated Week 5,9,3,4,26.0,6.5,5,0,Percentage
Erika Jayne,Gleb Savchenko,Singer/Rapper,Georgia,United States,45,24,Eliminated Week 5,9,4,4,30.0,7.5,5,0,Percentage
Erika Jayne,Gleb Savchenko,Singer/Rapper,Georgia,United States,45,24,Eliminated Week 5,9,5,4,32.0,8.0,5,1,Percentage
Erika Jayne,Gleb Savchenko,Singer/Rapper,Georgia,United States,45,24,Eliminated Week 5,9,6,4,0.0,0.0,5,0,Percentage
Erika Jayne,Gleb Savchenko,Singer/Rapper,Georgia,United States,45,24,Eliminated Week 5,9,7,4,0.0,0.0,5,0,Percentage
Erika Jayne,Gleb Savchenko,Singer/Rapper,Georgia,United States,45,24,Eliminated Week 5,9,8,4,0.0,0.0,5,0,Percentage
Erika Jayne,Gleb Savchenko,Singer/Rapper,Georgia,United States,45,24,Eliminated Week 5,9,9,4,0.0,0.0,5,0,Percentage
Erika Jayne,Gleb Savchenko,Singer/Rapper,Georgia,United States,45,24,Eliminated Week 5,9,10,4,0.0,0.0,5,0,Percentage
Erin Andrews,Maksim Chmerkoskiy,Sports Broadcaster,Maine,United States,32,10,3rd Place,3,1,3,21.0,7.0,99,0,Percentage
Erin Andrews,Maksim Chmerkoskiy,Sports Broadcaster,Maine,United States,32,10,3rd Place,3,2,3,23.0,7.666666666666667,99,0,Percentage
Erin Andrews,Maksim Chmerkoskiy,Sports Broadcaster,Maine,United States,32,10,3rd Place,3,3,3,23.0,7.666666666666667,99,0,Percentage
Erin Andrews,Maksim Chmerkoskiy,Sports Broadcaster,Maine,United States,32,10,3rd Place,3,4,3,19.5,6.5,99,0,Percentage
Erin Andrews,Maksim Chmerkoskiy,Sports Broadcaster,Maine,United States,32,10,3rd Place,3,5,3,22.0,7.333333333333333,99,0,Percentage
Erin Andrews,Maksim Chmerkoskiy,Sports Broadcaster,Maine,United States,32,10,3rd Place,3,6,3,34.0,11.333333333333334,99,0,Percentage
Erin Andrews,Maksim Chmerkoskiy,Sports Broadcaster,Maine,United States,32,10,3rd Place,3,7,3,25.5,8.5,99,0,Percentage
Erin Andrews,Maksim Chmerkoskiy,Sports Broadcaster,Maine,United States,32,10,3rd Place,3,8,3,26.5,8.833333333333334,99,0,Percentage
Erin Andrews,Maksim Chmerkoskiy,Sports Broadcaster,Maine,United States,32,10,3rd Place,3,9,3,28.0,9.333333333333334,99,0,Percentage
Erin Andrews,Maksim Chmerkoskiy,Sports Broadcaster,Maine,United States,32,10,3rd Place,3,10,3,26.9998,8.999933333333333,99,0,Percentage
Evan Lysacek,Anna Trebunskaya,Athlete,Illinois,United States,24,10,2nd Place,2,1,3,23.0,7.666666666666667,99,0,Percentage
Evan Lysacek,Anna Trebunskaya,Athlete,Illinois,United States,24,10,2nd Place,2,2,3,24.0,8.0,99,0,Percentage
Evan Lysacek,Anna Trebunskaya,Athlete,Illinois,United States,24,10,2nd Place,2,3,3,26.0,8.666666666666666,99,0,Percentage
Evan Lysacek,Anna Trebunskaya,Athlete,Illinois,United States,24,10,2nd Place,2,4,3,26.0,8.666666666666666,99,0,Percentage
Evan Lysacek,Anna Trebunskaya,Athlete,Illinois,United States,24,10,2nd Place,2,5,3,27.0,9.0,99,0,Percentage
Evan Lysacek,Anna Trebunskaya,Athlete,Illinois,United States,24,10,2nd Place,2,6,3,27.0,9.0,99,0,Percentage
Evan Lysacek,Anna Trebunskaya,Athlete,Illinois,United States,24,10,2nd Place,2,7,3,27.0,9.0,99,0,Percentage
Evan Lysacek,Anna Trebunskaya,Athlete,Illinois,United States,24,10,2nd Place,2,8,3,26.5,8.833333333333334,99,0,Percentage
Evan Lysacek,Anna Trebunskaya,Athlete,Illinois,United States,24,10,2nd Place,2,9,3,29.5,9.833333333333334,99,0,Percentage
Evan Lysacek,Anna Trebunskaya,Athlete,Illinois,United States,24,10,2nd Place,2,10,3,26.8887,8.9629,99,0,Percentage
Florence Henderson,Corky Ballas,Actor/Actress,Indiana,United States,76,11,Eliminated Week 5,8,1,3,18.0,6.0,5,0,Percentage
Florence Henderson,Corky Ballas,Actor/Actress,Indiana,United States,76,11,Eliminated Week 5,8,2,3,19.0,6.333333333333333,5,0,Percentage
Florence Henderson,Corky Ballas,Actor/Actress,Indiana,United States,76,11,Eliminated Week 5,8,3,3,20.0,6.666666666666667,5,0,Percentage
Florence Henderson,Corky Ballas,Actor/Actress,Indiana,United States,76,11,Eliminated Week 5,8,4,3,17.5,5.833333333333333,5,0,Percentage
Florence Henderson,Corky Ballas,Actor/Actress,Indiana,United States,76,11,Eliminated Week 5,8,5,3,21.0,7.0,5,1,Percentage
Florence Henderson,Corky Ballas,Actor/Actress,Indiana,United States,76,11,Eliminated Week 5,8,6,3,0.0,0.0,5,0,Percentage
Florence Henderson,Corky Ballas,Actor/Actress,Indiana,United States,76,11,Eliminated Week 5,8,7,4,0.0,0.0,5,0,Percentage
Florence Henderson,Corky Ballas,Actor/Actress,Indiana,United States,76,11,Eliminated Week 5,8,8,3,0.0,0.0,5,0,Percentage
Florence Henderson,Corky Ballas,Actor/Actress,Indiana,United States,76,11,Eliminated Week 5,8,9,3,0.0,0.0,5,0,Percentage
Florence Henderson,Corky Ballas,Actor/Actress,Indiana,United States,76,11,Eliminated Week 5,8,10,3,0.0,0.0,5,0,Percentage
Floyd Mayweather Jr. ,Karina Smirnoff,Athlete,Michigan,United States,30,5,Eliminated Week 4,9,1,3,18.0,6.0,4,0,Percentage
Floyd Mayweather Jr. ,Karina Smirnoff,Athlete,Michigan,United States,30,5,Eliminated Week 4,9,2,3,21.0,7.0,4,0,Percentage
Floyd Mayweather Jr. ,Karina Smirnoff,Athlete,Michigan,United States,30,5,Eliminated Week 4,9,3,3,21.0,7.0,4,0,Percentage
Floyd Mayweather Jr. ,Karina Smirnoff,Athlete,Michigan,United States,30,5,Eliminated Week 4,9,4,3,23.0,7.666666666666667,4,1,Percentage
Floyd Mayweather Jr. ,Karina Smirnoff,Athlete,Michigan,United States,30,5,Eliminated Week 4,9,5,3,0.0,0.0,4,0,Percentage
Floyd Mayweather Jr. ,Karina Smirnoff,Athlete,Michigan,United States,30,5,Eliminated Week 4,9,6,3,0.0,0.0,4,0,Percentage
Floyd Mayweather Jr. ,Karina Smirnoff,Athlete,Michigan,United States,30,5,Eliminated Week 4,9,7,3,0.0,0.0,4,0,Percentage
Floyd Mayweather Jr. ,Karina Smirnoff,Athlete,Michigan,United States,30,5,Eliminated Week 4,9,8,3,0.0,0.0,4,0,Percentage
Floyd Mayweather Jr. ,Karina Smirnoff,Athlete,Michigan,United States,30,5,Eliminated Week 4,9,9,3,0.0,0.0,4,0,Percentage
Floyd Mayweather Jr. ,Karina Smirnoff,Athlete,Michigan,United States,30,5,Eliminated Week 4,9,10,3,0.0,0.0,4,0,Percentage
Frankie Muniz,Witney Carson,Actor/Actress,New Jersey,United States,31,25,3rd Place,3,1,3,19.0,6.333333333333333,99,0,Percentage
Frankie Muniz,Witney Carson,Actor/Actress,New Jersey,United States,31,25,3rd Place,3,2,3,24.0,8.0,99,0,Percentage
Frankie Muniz,Witney Carson,Actor/Actress,New Jersey,United States,31,25,3rd Place,3,3,3,21.0,7.0,99,0,Percentage
Frankie Muniz,Witney Carson,Actor/Actress,New Jersey,United States,31,25,3rd Place,3,4,3,24.0,8.0,99,0,Percentage
Frankie Muniz,Witney Carson,Actor/Actress,New Jersey,United States,31,25,3rd Place,3,5,3,29.0,9.666666666666666,99,0,Percentage
Frankie Muniz,Witney Carson,Actor/Actress,New Jersey,United States,31,25,3rd Place,3,6,4,31.0,7.75,99,0,Percentage
Frankie Muniz,Witney Carson,Actor/Actress,New Jersey,United States,31,25,3rd Place,3,7,3,30.0,10.0,99,0,Percentage
Frankie Muniz,Witney Carson,Actor/Actress,New Jersey,United States,31,25,3rd Place,3,8,3,26.5,8.833333333333334,99,0,Percentage
Frankie Muniz,Witney Carson,Actor/Actress,New Jersey,United States,31,25,3rd Place,3,9,3,25.5,8.5,99,0,Percentage
Frankie Muniz,Witney Carson,Actor/Actress,New Jersey,United States,31,25,3rd Place,3,10,4,38.8887,9.722175,99,0,Percentage
Gary Busey,Anna Trebunskaya,Actor/Actress,Texas,United States,71,21,Eliminated Week 4,10,1,3,15.0,5.0,4,0,Percentage
Gary Busey,Anna Trebunskaya,Actor/Actress,Texas,United States,71,21,Eliminated Week 4,10,2,3,16.5,5.5,4,0,Percentage
Gary Busey,Anna Trebunskaya,Actor/Actress,Texas,United States,71,21,Eliminated Week 4,10,3,4,25.0,6.25,4,0,Percentage
Gary Busey,Anna Trebunskaya,Actor/Actress,Texas,United States,71,21,Eliminated Week 4,10,4,3,16.0,5.333333333333333,4,1,Percentage
Gary Busey,Anna Trebunskaya,Actor/Actress,Texas,United States,71,21,Eliminated Week 4,10,5,4,0.0,0.0,4,0,Percentage
Gary Busey,Anna Trebunskaya,Actor/Actress,Texas,United States,71,21,Eliminated Week 4,10,6,4,0.0,0.0,4,0,Percentage
Gary Busey,Anna Trebunskaya,Actor/Actress,Texas,United States,71,21,Eliminated Week 4,10,7,3,0.0,0.0,4,0,Percentage
Gary Busey,Anna Trebunskaya,Actor/Actress,Texas,United States,71,21,Eliminated Week 4,10,8,3,0.0,0.0,4,0,Percentage
Gary Busey,Anna Trebunskaya,Actor/Actress,Texas,United States,71,21,Eliminated Week 4,10,9,3,0.0,0.0,4,0,Percentage
Gary Busey,Anna Trebunskaya,Actor/Actress,Texas,United States,71,21,Eliminated Week 4,10,10,3,0.0,0.0,4,0,Percentage
Gary Busey,Anna Trebunskaya,Actor/Actress,Texas,United States,71,21,Eliminated Week 4,10,11,3,0.0,0.0,4,0,Percentage
Gavin DeGraw,Karina Smirnoff,Singer/Rapper,New York,United States,35,14,Eliminated Week 5,9,1,3,20.0,6.666666666666667,5,0,Percentage
Gavin DeGraw,Karina Smirnoff,Singer/Rapper,New York,United States,35,14,Eliminated Week 5,9,2,3,21.0,7.0,5,0,Percentage
Gavin DeGraw,Karina Smirnoff,Singer/Rapper,New York,United States,35,14,Eliminated Week 5,9,3,3,24.0,8.0,5,0,Percentage
Gavin DeGraw,Karina Smirnoff,Singer/Rapper,New York,United States,35,14,Eliminated Week 5,9,4,3,23.0,7.666666666666667,5,0,Percentage
Gavin DeGraw,Karina Smirnoff,Singer/Rapper,New York,United States,35,14,Eliminated Week 5,9,5,3,19.0,6.333333333333333,5,1,Percentage
Gavin DeGraw,Karina Smirnoff,Singer/Rapper,New York,United States,35,14,Eliminated Week 5,9,6,3,0.0,0.0,5,0,Percentage
Gavin DeGraw,Karina Smirnoff,Singer/Rapper,New York,United States,35,14,Eliminated Week 5,9,7,3,0.0,0.0,5,0,Percentage
Gavin DeGraw,Karina Smirnoff,Singer/Rapper,New York,United States,35,14,Eliminated Week 5,9,8,3,0.0,0.0,5,0,Percentage
Gavin DeGraw,Karina Smirnoff,Singer/Rapper,New York,United States,35,14,Eliminated Week 5,9,9,3,0.0,0.0,5,0,Percentage
Gavin DeGraw,Karina Smirnoff,Singer/Rapper,New York,United States,35,14,Eliminated Week 5,9,10,3,0.0,0.0,5,0,Percentage
Geraldo Rivera,Edyta Sliwinska,Journalist,New York,United States,72,22,Eliminated Week 2,12,1,3,13.0,4.333333333333333,2,0,Percentage
Geraldo Rivera,Edyta Sliwinska,Journalist,New York,United States,72,22,Eliminated Week 2,12,2,3,13.0,4.333333333333333,2,1,Percentage
Geraldo Rivera,Edyta Sliwinska,Journalist,New York,United States,72,22,Eliminated Week 2,12,3,3,0.0,0.0,2,0,Percentage
Geraldo Rivera,Edyta Sliwinska,Journalist,New York,United States,72,22,Eliminated Week 2,12,4,4,0.0,0.0,2,0,Percentage
Geraldo Rivera,Edyta Sliwinska,Journalist,New York,United States,72,22,Eliminated Week 2,12,5,4,0.0,0.0,2,0,Percentage
Geraldo Rivera,Edyta Sliwinska,Journalist,New York,United States,72,22,Eliminated Week 2,12,6,3,0.0,0.0,2,0,Percentage
Geraldo Rivera,Edyta Sliwinska,Journalist,New York,United States,72,22,Eliminated Week 2,12,7,3,0.0,0.0,2,0,Percentage
Geraldo Rivera,Edyta Sliwinska,Journalist,New York,United States,72,22,Eliminated Week 2,12,8,3,0.0,0.0,2,0,Percentage
Geraldo Rivera,Edyta Sliwinska,Journalist,New York,United States,72,22,Eliminated Week 2,12,9,3,0.0,0.0,2,0,Percentage
Geraldo Rivera,Edyta Sliwinska,Journalist,New York,United States,72,22,Eliminated Week 2,12,10,3,0.0,0.0,2,0,Percentage
Ginger Zee,Valentin Chmerkovskiy,News Anchor,California,United States,35,22,3rd Place,3,1,3,23.0,7.666666666666667,99,0,Percentage
Ginger Zee,Valentin Chmerkovskiy,News Anchor,California,United States,35,22,3rd Place,3,2,3,21.0,7.0,99,0,Percentage
Ginger Zee,Valentin Chmerkovskiy,News Anchor,California,United States,35,22,3rd Place,3,3,3,21.0,7.0,99,0,Percentage
Ginger Zee,Valentin Chmerkovskiy,News Anchor,California,United States,35,22,3rd Place,3,4,4,36.0,9.0,99,0,Percentage
Ginger Zee,Valentin Chmerkovskiy,News Anchor,California,United States,35,22,3rd Place,3,5,4,32.0,8.0,99,0,Percentage
Ginger Zee,Valentin Chmerkovskiy,News Anchor,California,United States,35,22,3rd Place,3,6,3,24.0,8.0,99,0,Percentage
Ginger Zee,Valentin Chmerkovskiy,News Anchor,California,United States,35,22,3rd Place,3,7,3,27.5,9.166666666666666,99,0,Percentage
Ginger Zee,Valentin Chmerkovskiy,News Anchor,California,United States,35,22,3rd Place,3,8,3,30.0,10.0,99,0,Percentage
Ginger Zee,Valentin Chmerkovskiy,News Anchor,California,United States,35,22,3rd Place,3,9,3,28.0,9.333333333333334,99,0,Percentage
Ginger Zee,Valentin Chmerkovskiy,News Anchor,California,United States,35,22,3rd Place,3,10,3,28.333199999999998,9.4444,99,0,Percentage
Gladys Knight,Tristan MacManus,Singer/Rapper,Georgia,United States,67,14,Eliminated Week 6,8,1,3,23.0,7.666666666666667,6,0,Percentage
Gladys Knight,Tristan MacManus,Singer/Rapper,Georgia,United States,67,14,Eliminated Week 6,8,2,3,19.0,6.333333333333333,6,0,Percentage
Gladys Knight,Tristan MacManus,Singer/Rapper,Georgia,United States,67,14,Eliminated Week 6,8,3,3,24.0,8.0,6,0,Percentage
Gladys Knight,Tristan MacManus,Singer/Rapper,Georgia,United States,67,14,Eliminated Week 6,8,4,3,20.0,6.666666666666667,6,0,Percentage
Gladys Knight,Tristan MacManus,Singer/Rapper,Georgia,United States,67,14,Eliminated Week 6,8,5,3,22.0,7.333333333333333,6,0,Percentage
Gladys Knight,Tristan MacManus,Singer/Rapper,Georgia,United States,67,14,Eliminated Week 6,8,6,3,24.0,8.0,6,1,Percentage
Gladys Knight,Tristan MacManus,Singer/Rapper,Georgia,United States,67,14,Eliminated Week 6,8,7,3,0.0,0.0,6,0,Percentage
Gladys Knight,Tristan MacManus,Singer/Rapper,Georgia,United States,67,14,Eliminated Week 6,8,8,3,0.0,0.0,6,0,Percentage
Gladys Knight,Tristan MacManus,Singer/Rapper,Georgia,United States,67,14,Eliminated Week 6,8,9,3,0.0,0.0,6,0,Percentage
Gladys Knight,Tristan MacManus,Singer/Rapper,Georgia,United States,67,14,Eliminated Week 6,8,10,3,0.0,0.0,6,0,Percentage
Harry Hamlin,Ashly DelGrosso,Actor/Actress,California,United States,54,3,Eliminated Week 3,9,1,3,17.0,5.666666666666667,3,0,Percentage
Harry Hamlin,Ashly DelGrosso,Actor/Actress,California,United States,54,3,Eliminated Week 3,9,2,3,21.0,7.0,3,0,Percentage
Harry Hamlin,Ashly DelGrosso,Actor/Actress,California,United States,54,3,Eliminated Week 3,9,3,3,22.0,7.333333333333333,3,1,Percentage
Harry Hamlin,Ashly DelGrosso,Actor/Actress,California,United States,54,3,Eliminated Week 3,9,4,3,0.0,0.0,3,0,Percentage
Harry Hamlin,Ashly DelGrosso,Actor/Actress,California,United States,54,3,Eliminated Week 3,9,5,3,0.0,0.0,3,0,Percentage
Harry Hamlin,Ashly DelGrosso,Actor/Actress,California,United States,54,3,Eliminated Week 3,9,6,3,0.0,0.0,3,0,Percentage
Harry Hamlin,Ashly DelGrosso,Actor/Actress,California,United States,54,3,Eliminated Week 3,9,7,3,0.0,0.0,3,0,Percentage
Harry Hamlin,Ashly DelGrosso,Actor/Actress,California,United States,54,3,Eliminated Week 3,9,8,3,0.0,0.0,3,0,Percentage
Harry Hamlin,Ashly DelGrosso,Actor/Actress,California,United States,54,3,Eliminated Week 3,9,9,3,0.0,0.0,3,0,Percentage
Harry Hamlin,Ashly DelGrosso,Actor/Actress,California,United States,54,3,Eliminated Week 3,9,10,3,0.0,0.0,3,0,Percentage
Hayes Grier,Emma Slater,Social Media Personality,North Carolina,United States,15,21,Eliminated Week 7,8,1,3,21.0,7.0,7,0,Percentage
Hayes Grier,Emma Slater,Social Media Personality,North Carolina,United States,15,21,Eliminated Week 7,8,2,3,22.5,7.5,7,0,Percentage
Hayes Grier,Emma Slater,Social Media Personality,North Carolina,United States,15,21,Eliminated Week 7,8,3,4,30.0,7.5,7,0,Percentage
Hayes Grier,Emma Slater,Social Media Personality,North Carolina,United States,15,21,Eliminated Week 7,8,4,3,27.0,9.0,7,0,Percentage
Hayes Grier,Emma Slater,Social Media Personality,North Carolina,United States,15,21,Eliminated Week 7,8,5,4,30.0,7.5,7,0,Percentage
Hayes Grier,Emma Slater,Social Media Personality,North Carolina,United States,15,21,Eliminated Week 7,8,6,4,32.0,8.0,7,0,Percentage
Hayes Grier,Emma Slater,Social Media Personality,North Carolina,United States,15,21,Eliminated Week 7,8,7,3,28.0,9.333333333333334,7,1,Percentage
Hayes Grier,Emma Slater,Social Media Personality,North Carolina,United States,15,21,Eliminated Week 7,8,8,3,0.0,0.0,7,0,Percentage
Hayes Grier,Emma Slater,Social Media Personality,North Carolina,United States,15,21,Eliminated Week 7,8,9,3,0.0,0.0,7,0,Percentage
Hayes Grier,Emma Slater,Social Media Personality,North Carolina,United States,15,21,Eliminated Week 7,8,10,3,0.0,0.0,7,0,Percentage
Hayes Grier,Emma Slater,Social Media Personality,North Carolina,United States,15,21,Eliminated Week 7,8,11,3,0.0,0.0,7,0,Percentage
Heather Morris,Maksim Chmerkoskiy,Actor/Actress,California,United States,30,24,Eliminated Week 6,8,1,4,28.0,7.0,6,0,Percentage
Heather Morris,Maksim Chmerkoskiy,Actor/Actress,California,United States,30,24,Eliminated Week 6,8,2,4,30.0,7.5,6,0,Percentage
Heather Morris,Maksim Chmerkoskiy,Actor/Actress,California,United States,30,24,Eliminated Week 6,8,3,4,33.0,8.25,6,0,Percentage
Heather Morris,Maksim Chmerkoskiy,Actor/Actress,California,United States,30,24,Eliminated Week 6,8,4,4,35.0,8.75,6,0,Percentage
Heather Morris,Maksim Chmerkoskiy,Actor/Actress,California,United States,30,24,Eliminated Week 6,8,5,4,34.0,8.5,6,0,Percentage
Heather Morris,Maksim Chmerkoskiy,Actor/Actress,California,United States,30,24,Eliminated Week 6,8,6,4,37.0,9.25,6,1,Percentage
Heather Morris,Maksim Chmerkoskiy,Actor/Actress,California,United States,30,24,Eliminated Week 6,8,7,4,0.0,0.0,6,0,Percentage
Heather Morris,Maksim Chmerkoskiy,Actor/Actress,California,United States,30,24,Eliminated Week 6,8,8,4,0.0,0.0,6,0,Percentage
Heather Morris,Maksim Chmerkoskiy,Actor/Actress,California,United States,30,24,Eliminated Week 6,8,9,4,0.0,0.0,6,0,Percentage
Heather Morris,Maksim Chmerkoskiy,Actor/Actress,California,United States,30,24,Eliminated Week 6,8,10,4,0.0,0.0,6,0,Percentage
Holly Madison,Dmitry Chaplin,TV Personality,Oregon,United States,30,8,Eliminated Week 4,11,1,3,18.0,6.0,4,0,Percentage
Holly Madison,Dmitry Chaplin,TV Personality,Oregon,United States,30,8,Eliminated Week 4,11,2,3,18.0,6.0,4,0,Percentage
Holly Madison,Dmitry Chaplin,TV Personality,Oregon,United States,30,8,Eliminated Week 4,11,3,3,17.0,5.666666666666667,4,0,Percentage
Holly Madison,Dmitry Chaplin,TV Personality,Oregon,United States,30,8,Eliminated Week 4,11,4,3,16.0,5.333333333333333,4,1,Percentage
Holly Madison,Dmitry Chaplin,TV Personality,Oregon,United States,30,8,Eliminated Week 4,11,5,3,0.0,0.0,4,0,Percentage
Holly Madison,Dmitry Chaplin,TV Personality,Oregon,United States,30,8,Eliminated Week 4,11,6,3,0.0,0.0,4,0,Percentage
Holly Madison,Dmitry Chaplin,TV Personality,Oregon,United States,30,8,Eliminated Week 4,11,7,3,0.0,0.0,4,0,Percentage
Holly Madison,Dmitry Chaplin,TV Personality,Oregon,United States,30,8,Eliminated Week 4,11,8,3,0.0,0.0,4,0,Percentage
Holly Madison,Dmitry Chaplin,TV Personality,Oregon,United States,30,8,Eliminated Week 4,11,9,3,0.0,0.0,4,0,Percentage
Holly Madison,Dmitry Chaplin,TV Personality,Oregon,United States,30,8,Eliminated Week 4,11,10,3,0.0,0.0,4,0,Percentage
Holly Madison,Dmitry Chaplin,TV Personality,Oregon,United States,30,8,Eliminated Week 4,11,11,3,0.0,0.0,4,0,Percentage
Hope Solo,Maksim Chmerkoskiy,Athlete,Washington,United States,30,13,Eliminated Week 9,4,1,3,21.0,7.0,9,0,Percentage
Hope Solo,Maksim Chmerkoskiy,Athlete,Washington,United States,30,13,Eliminated Week 9,4,2,3,19.0,6.333333333333333,9,0,Percentage
Hope Solo,Maksim Chmerkoskiy,Athlete,Washington,United States,30,13,Eliminated Week 9,4,3,3,24.0,8.0,9,0,Percentage
Hope Solo,Maksim Chmerkoskiy,Athlete,Washington,United States,30,13,Eliminated Week 9,4,4,3,24.0,8.0,9,0,Percentage
Hope Solo,Maksim Chmerkoskiy,Athlete,Washington,United States,30,13,Eliminated Week 9,4,5,3,24.0,8.0,9,0,Percentage
Hope Solo,Maksim Chmerkoskiy,Athlete,Washington,United States,30,13,Eliminated Week 9,4,6,3,20.0,6.666666666666667,9,0,Percentage
Hope Solo,Maksim Chmerkoskiy,Athlete,Washington,United States,30,13,Eliminated Week 9,4,7,3,25.0,8.333333333333334,9,0,Percentage
Hope Solo,Maksim Chmerkoskiy,Athlete,Washington,United States,30,13,Eliminated Week 9,4,8,3,26.0,8.666666666666666,9,0,Percentage
Hope Solo,Maksim Chmerkoskiy,Athlete,Washington,United States,30,13,Eliminated Week 9,4,9,3,24.4998,8.1666,9,1,Percentage
Hope Solo,Maksim Chmerkoskiy,Athlete,Washington,United States,30,13,Eliminated Week 9,4,10,3,0.0,0.0,9,0,Percentage
Ian Ziering,Cheryl Burke,Actor/Actress,New Jersey,United States,42,4,Eliminated Week 9,4,1,3,21.0,7.0,9,0,Percentage
Ian Ziering,Cheryl Burke,Actor/Actress,New Jersey,United States,42,4,Eliminated Week 9,4,2,3,22.0,7.333333333333333,9,0,Percentage
Ian Ziering,Cheryl Burke,Actor/Actress,New Jersey,United States,42,4,Eliminated Week 9,4,3,3,24.0,8.0,9,0,Percentage
Ian Ziering,Cheryl Burke,Actor/Actress,New Jersey,United States,42,4,Eliminated Week 9,4,4,3,24.0,8.0,9,0,Percentage
Ian Ziering,Cheryl Burke,Actor/Actress,New Jersey,United States,42,4,Eliminated Week 9,4,5,3,24.0,8.0,9,0,Percentage
Ian Ziering,Cheryl Burke,Actor/Actress,New Jersey,United States,42,4,Eliminated Week 9,4,6,3,24.0,8.0,9,0,Percentage
Ian Ziering,Cheryl Burke,Actor/Actress,New Jersey,United States,42,4,Eliminated Week 9,4,7,3,27.0,9.0,9,0,Percentage
Ian Ziering,Cheryl Burke,Actor/Actress,New Jersey,United States,42,4,Eliminated Week 9,4,8,3,23.5,7.833333333333333,9,0,Percentage
Ian Ziering,Cheryl Burke,Actor/Actress,New Jersey,United States,42,4,Eliminated Week 9,4,9,3,29.0,9.666666666666666,9,1,Percentage
Ian Ziering,Cheryl Burke,Actor/Actress,New Jersey,United States,42,4,Eliminated Week 9,4,10,3,0.0,0.0,9,0,Percentage
J.R. Martinez,Karina Smirnoff,Actor/Actress,Louisiana,United States,28,13,1st Place,1,1,3,22.0,7.333333333333333,99,0,Percentage
J.R. Martinez,Karina Smirnoff,Actor/Actress,Louisiana,United States,28,13,1st Place,1,2,3,22.0,7.333333333333333,99,0,Percentage
J.R. Martinez,Karina Smirnoff,Actor/Actress,Louisiana,United States,28,13,1st Place,1,3,3,26.0,8.666666666666666,99,0,Percentage
J.R. Martinez,Karina Smirnoff,Actor/Actress,Louisiana,United States,28,13,1st Place,1,4,3,26.0,8.666666666666666,99,0,Percentage
J.R. Martinez,Karina Smirnoff,Actor/Actress,Louisiana,United States,28,13,1st Place,1,5,3,28.0,9.333333333333334,99,0,Percentage
J.R. Martinez,Karina Smirnoff,Actor/Actress,Louisiana,United States,28,13,1st Place,1,6,3,29.0,9.666666666666666,99,0,Percentage
J.R. Martinez,Karina Smirnoff,Actor/Actress,Louisiana,United States,28,13,1st Place,1,7,3,24.0,8.0,99,0,Percentage
J.R. Martinez,Karina Smirnoff,Actor/Actress,Louisiana,United States,28,13,1st Place,1,8,3,30.0,10.0,99,0,Percentage
J.R. Martinez,Karina Smirnoff,Actor/Actress,Louisiana,United States,28,13,1st Place,1,9,3,28.0,9.333333333333334,99,0,Percentage
J.R. Martinez,Karina Smirnoff,Actor/Actress,Louisiana,United States,28,13,1st Place,1,10,3,28.1665,9.388833333333332,99,0,Percentage
Jack Wagner,Anna Trebunskaya,Actor/Actress,Missouri,United States,52,14,Eliminated Week 3,11,1,3,23.0,7.666666666666667,3,0,Percentage
Jack Wagner,Anna Trebunskaya,Actor/Actress,Missouri,United States,52,14,Eliminated Week 3,11,2,3,21.0,7.0,3,0,Percentage
Jack Wagner,Anna Trebunskaya,Actor/Actress,Missouri,United States,52,14,Eliminated Week 3,11,3,3,24.0,8.0,3,1,Percentage
Jack Wagner,Anna Trebunskaya,Actor/Actress,Missouri,United States,52,14,Eliminated Week 3,11,4,3,0.0,0.0,3,0,Percentage
Jack Wagner,Anna Trebunskaya,Actor/Actress,Missouri,United States,52,14,Eliminated Week 3,11,5,3,0.0,0.0,3,0,Percentage
Jack Wagner,Anna Trebunskaya,Actor/Actress,Missouri,United States,52,14,Eliminated Week 3,11,6,3,0.0,0.0,3,0,Percentage
Jack Wagner,Anna Trebunskaya,Actor/Actress,Missouri,United States,52,14,Eliminated Week 3,11,7,3,0.0,0.0,3,0,Percentage
Jack Wagner,Anna Trebunskaya,Actor/Actress,Missouri,United States,52,14,Eliminated Week 3,11,8,3,0.0,0.0,3,0,Percentage
Jack Wagner,Anna Trebunskaya,Actor/Actress,Missouri,United States,52,14,Eliminated Week 3,11,9,3,0.0,0.0,3,0,Percentage
Jack Wagner,Anna Trebunskaya,Actor/Actress,Missouri,United States,52,14,Eliminated Week 3,11,10,3,0.0,0.0,3,0,Percentage
Jacoby Jones,Karina Smirnoff,Athlete,Louisiana,United States,28,16,3rd Place,3,1,3,20.0,6.666666666666667,99,0,Percentage
Jacoby Jones,Karina Smirnoff,Athlete,Louisiana,United States,28,16,3rd Place,3,2,3,23.0,7.666666666666667,99,0,Percentage
Jacoby Jones,Karina Smirnoff,Athlete,Louisiana,United States,28,16,3rd Place,3,3,3,25.9998,8.6666,99,0,Percentage
Jacoby Jones,Karina Smirnoff,Athlete,Louisiana,United States,28,16,3rd Place,3,4,3,24.0,8.0,99,0,Percentage
Jacoby Jones,Karina Smirnoff,Athlete,Louisiana,United States,28,16,3rd Place,3,5,3,26.0,8.666666666666666,99,0,Percentage
Jacoby Jones,Karina Smirnoff,Athlete,Louisiana,United States,28,16,3rd Place,3,6,3,22.5,7.5,99,0,Percentage
Jacoby Jones,Karina Smirnoff,Athlete,Louisiana,United States,28,16,3rd Place,3,7,3,27.0,9.0,99,0,Percentage
Jacoby Jones,Karina Smirnoff,Athlete,Louisiana,United States,28,16,3rd Place,3,8,3,26.0,8.666666666666666,99,0,Percentage
Jacoby Jones,Karina Smirnoff,Athlete,Louisiana,United States,28,16,3rd Place,3,9,3,29.5,9.833333333333334,99,0,Percentage
Jacoby Jones,Karina Smirnoff,Athlete,Louisiana,United States,28,16,3rd Place,3,10,3,27.999899999999997,9.3333,99,0,Percentage
Jake Pavelka,Chelsie Hightower,TV Personality,Texas,United States,32,10,Eliminated Week 6,7,1,3,20.0,6.666666666666667,6,0,Percentage
Jake Pavelka,Chelsie Hightower,TV Personality,Texas,United States,32,10,Eliminated Week 6,7,2,3,20.0,6.666666666666667,6,0,Percentage
Jake Pavelka,Chelsie Hightower,TV Personality,Texas,United States,32,10,Eliminated Week 6,7,3,3,21.0,7.0,6,0,Percentage
Jake Pavelka,Chelsie Hightower,TV Personality,Texas,United States,32,10,Eliminated Week 6,7,4,3,19.0,6.333333333333333,6,0,Percentage
Jake Pavelka,Chelsie Hightower,TV Personality,Texas,United States,32,10,Eliminated Week 6,7,5,3,23.0,7.666666666666667,6,0,Percentage
Jake Pavelka,Chelsie Hightower,TV Personality,Texas,United States,32,10,Eliminated Week 6,7,6,3,24.999899999999997,8.3333,6,1,Percentage
Jake Pavelka,Chelsie Hightower,TV Personality,Texas,United States,32,10,Eliminated Week 6,7,7,3,0.0,0.0,6,0,Percentage
Jake Pavelka,Chelsie Hightower,TV Personality,Texas,United States,32,10,Eliminated Week 6,7,8,3,0.0,0.0,6,0,Percentage
Jake Pavelka,Chelsie Hightower,TV Personality,Texas,United States,32,10,Eliminated Week 6,7,9,3,0.0,0.0,6,0,Percentage
Jake Pavelka,Chelsie Hightower,TV Personality,Texas,United States,32,10,Eliminated Week 6,7,10,3,0.0,0.0,6,0,Percentage
Jake T. Austin,Jenna Johnson,Actor/Actress,New York,United States,21,23,Eliminated Week 2,13,1,4,22.0,5.5,2,0,Percentage
Jake T. Austin,Jenna Johnson,Actor/Actress,New York,United States,21,23,Eliminated Week 2,13,2,4,24.0,6.0,2,1,Percentage
Jake T. Austin,Jenna Johnson,Actor/Actress,New York,United States,21,23,Eliminated Week 2,13,3,4,0.0,0.0,2,0,Percentage
Jake T. Austin,Jenna Johnson,Actor/Actress,New York,United States,21,23,Eliminated Week 2,13,4,3,0.0,0.0,2,0,Percentage
Jake T. Austin,Jenna Johnson,Actor/Actress,New York,United States,21,23,Eliminated Week 2,13,5,3,0.0,0.0,2,0,Percentage
Jake T. Austin,Jenna Johnson,Actor/Actress,New York,United States,21,23,Eliminated Week 2,13,6,4,0.0,0.0,2,0,Percentage
Jake T. Austin,Jenna Johnson,Actor/Actress,New York,United States,21,23,Eliminated Week 2,13,7,4,0.0,0.0,2,0,Percentage
Jake T. Austin,Jenna Johnson,Actor/Actress,New York,United States,21,23,Eliminated Week 2,13,8,3,0.0,0.0,2,0,Percentage
Jake T. Austin,Jenna Johnson,Actor/Actress,New York,United States,21,23,Eliminated Week 2,13,9,4,0.0,0.0,2,0,Percentage
Jake T. Austin,Jenna Johnson,Actor/Actress,New York,United States,21,23,Eliminated Week 2,13,10,3,0.0,0.0,2,0,Percentage
Jake T. Austin,Jenna Johnson,Actor/Actress,New York,United States,21,23,Eliminated Week 2,13,11,4,0.0,0.0,2,0,Percentage
Jaleel White,Kym Johnson,Actor/Actress,California,United States,35,14,Eliminated Week 7,7,1,3,26.0,8.666666666666666,7,0,Percentage
Jaleel White,Kym Johnson,Actor/Actress,California,United States,35,14,Eliminated Week 7,7,2,3,22.0,7.333333333333333,7,0,Percentage
Jaleel White,Kym Johnson,Actor/Actress,California,United States,35,14,Eliminated Week 7,7,3,3,25.0,8.333333333333334,7,0,Percentage
Jaleel White,Kym Johnson,Actor/Actress,California,United States,35,14,Eliminated Week 7,7,4,3,22.0,7.333333333333333,7,0,Percentage
Jaleel White,Kym Johnson,Actor/Actress,California,United States,35,14,Eliminated Week 7,7,5,3,24.0,8.0,7,0,Percentage
Jaleel White,Kym Johnson,Actor/Actress,California,United States,35,14,Eliminated Week 7,7,6,3,36.9998,12.333266666666667,7,0,Percentage
Jaleel White,Kym Johnson,Actor/Actress,California,United States,35,14,Eliminated Week 7,7,7,3,25.5,8.5,7,1,Percentage
Jaleel White,Kym Johnson,Actor/Actress,California,United States,35,14,Eliminated Week 7,7,8,3,0.0,0.0,7,0,Percentage
Jaleel White,Kym Johnson,Actor/Actress,California,United States,35,14,Eliminated Week 7,7,9,3,0.0,0.0,7,0,Percentage
Jaleel White,Kym Johnson,Actor/Actress,California,United States,35,14,Eliminated Week 7,7,10,3,0.0,0.0,7,0,Percentage
James Maslow,Peta Murgatroyd,Actor/Actress,New York,United States,23,18,Eliminated Week 10,4,1,3,21.0,7.0,10,0,Percentage
James Maslow,Peta Murgatroyd,Actor/Actress,New York,United States,23,18,Eliminated Week 10,4,2,3,25.0,8.333333333333334,10,0,Percentage
James Maslow,Peta Murgatroyd,Actor/Actress,New York,United States,23,18,Eliminated Week 10,4,3,4,36.0,9.0,10,0,Percentage
James Maslow,Peta Murgatroyd,Actor/Actress,New York,United States,23,18,Eliminated Week 10,4,4,4,35.0,8.75,10,0,Percentage
James Maslow,Peta Murgatroyd,Actor/Actress,New York,United States,23,18,Eliminated Week 10,4,5,4,40.0,10.0,10,0,Percentage
James Maslow,Peta Murgatroyd,Actor/Actress,New York,United States,23,18,Eliminated Week 10,4,6,4,35.0,8.75,10,0,Percentage
James Maslow,Peta Murgatroyd,Actor/Actress,New York,United States,23,18,Eliminated Week 10,4,7,4,35.0,8.75,10,0,Percentage
James Maslow,Peta Murgatroyd,Actor/Actress,New York,United States,23,18,Eliminated Week 10,4,8,4,36.0,9.0,10,0,Percentage
James Maslow,Peta Murgatroyd,Actor/Actress,New York,United States,23,18,Eliminated Week 10,4,9,4,38.0,9.5,10,0,Percentage
James Maslow,Peta Murgatroyd,Actor/Actress,New York,United States,23,18,Eliminated Week 10,4,10,3,29.0,9.666666666666666,10,1,Percentage
Jamie Anderson,Artem Chigvintsev,Athlete,California,United States,27,26,Eliminated Week 1,10,1,3,19.0,6.333333333333333,1,1,Percentage
Jamie Anderson,Artem Chigvintsev,Athlete,California,United States,27,26,Eliminated Week 1,10,2,4,0.0,0.0,1,0,Percentage
Jamie Anderson,Artem Chigvintsev,Athlete,California,United States,27,26,Eliminated Week 1,10,3,4,0.0,0.0,1,0,Percentage
Jamie Anderson,Artem Chigvintsev,Athlete,California,United States,27,26,Eliminated Week 1,10,4,3,0.0,0.0,1,0,Percentage
Jana Kramer,Gleb Savchenko,Singer/Rapper,Michigan,United States,32,23,Eliminated Week 11,4,1,4,27.0,6.75,11,0,Percentage
Jana Kramer,Gleb Savchenko,Singer/Rapper,Michigan,United States,32,23,Eliminated Week 11,4,2,4,29.0,7.25,11,0,Percentage
Jana Kramer,Gleb Savchenko,Singer/Rapper,Michigan,United States,32,23,Eliminated Week 11,4,3,4,26.0,6.5,11,0,Percentage
Jana Kramer,Gleb Savchenko,Singer/Rapper,Michigan,United States,32,23,Eliminated Week 11,4,4,3,23.0,7.666666666666667,11,0,Percentage
Jana Kramer,Gleb Savchenko,Singer/Rapper,Michigan,United States,32,23,Eliminated Week 11,4,5,3,26.0,8.666666666666666,11,0,Percentage
Jana Kramer,Gleb Savchenko,Singer/Rapper,Michigan,United States,32,23,Eliminated Week 11,4,6,4,40.0,10.0,11,0,Percentage
Jana Kramer,Gleb Savchenko,Singer/Rapper,Michigan,United States,32,23,Eliminated Week 11,4,7,4,34.5,8.625,11,0,Percentage
Jana Kramer,Gleb Savchenko,Singer/Rapper,Michigan,United States,32,23,Eliminated Week 11,4,8,3,30.0,10.0,11,0,Percentage
Jana Kramer,Gleb Savchenko,Singer/Rapper,Michigan,United States,32,23,Eliminated Week 11,4,9,4,40.0,10.0,11,0,Percentage
Jana Kramer,Gleb Savchenko,Singer/Rapper,Michigan,United States,32,23,Eliminated Week 11,4,10,3,29.0,9.666666666666666,11,0,Percentage
Jana Kramer,Gleb Savchenko,Singer/Rapper,Michigan,United States,32,23,Eliminated Week 11,4,11,4,35.5,8.875,11,1,Percentage
Janel Parrish,Valentin Chmerkovskiy,Actor/Actress,Hawaii,United States,25,19,3rd Place,3,1,4,29.0,7.25,99,0,Percentage
Janel Parrish,Valentin Chmerkovskiy,Actor/Actress,Hawaii,United States,25,19,3rd Place,3,2,4,34.0,8.5,99,0,Percentage
Janel Parrish,Valentin Chmerkovskiy,Actor/Actress,Hawaii,United States,25,19,3rd Place,3,3,4,40.0,10.0,99,0,Percentage
Janel Parrish,Valentin Chmerkovskiy,Actor/Actress,Hawaii,United States,25,19,3rd Place,3,4,4,36.0,9.0,99,0,Percentage
Janel Parrish,Valentin Chmerkovskiy,Actor/Actress,Hawaii,United States,25,19,3rd Place,3,5,4,33.0,8.25,99,0,Percentage
Janel Parrish,Valentin Chmerkovskiy,Actor/Actress,Hawaii,United States,25,19,3rd Place,3,6,4,33.0,8.25,99,0,Percentage
Janel Parrish,Valentin Chmerkovskiy,Actor/Actress,Hawaii,United States,25,19,3rd Place,3,7,4,33.5,8.375,99,0,Percentage
Janel Parrish,Valentin Chmerkovskiy,Actor/Actress,Hawaii,United States,25,19,3rd Place,3,8,4,43.0,10.75,99,0,Percentage
Janel Parrish,Valentin Chmerkovskiy,Actor/Actress,Hawaii,United States,25,19,3rd Place,3,9,4,38.5,9.625,99,0,Percentage
Janel Parrish,Valentin Chmerkovskiy,Actor/Actress,Hawaii,United States,25,19,3rd Place,3,10,4,39.0,9.75,99,0,Percentage
Janel Parrish,Valentin Chmerkovskiy,Actor/Actress,Hawaii,United States,25,19,3rd Place,3,11,4,38.9998,9.74995,99,0,Percentage
Jason Taylor,Edyta Sliwinska,Athlete,Pennsylvania,United States,33,6,2nd Place,2,1,3,22.0,7.333333333333333,99,0,Percentage
Jason Taylor,Edyta Sliwinska,Athlete,Pennsylvania,United States,33,6,2nd Place,2,2,3,27.0,9.0,99,0,Percentage
Jason Taylor,Edyta Sliwinska,Athlete,Pennsylvania,United States,33,6,2nd Place,2,3,3,23.0,7.666666666666667,99,0,Percentage
Jason Taylor,Edyta Sliwinska,Athlete,Pennsylvania,United States,33,6,2nd Place,2,4,3,29.0,9.666666666666666,99,0,Percentage
Jason Taylor,Edyta Sliwinska,Athlete,Pennsylvania,United States,33,6,2nd Place,2,5,3,27.0,9.0,99,0,Percentage
Jason Taylor,Edyta Sliwinska,Athlete,Pennsylvania,United States,33,6,2nd Place,2,6,3,24.0,8.0,99,0,Percentage
Jason Taylor,Edyta Sliwinska,Athlete,Pennsylvania,United States,33,6,2nd Place,2,7,3,27.5,9.166666666666666,99,0,Percentage
Jason Taylor,Edyta Sliwinska,Athlete,Pennsylvania,United States,33,6,2nd Place,2,8,3,26.0,8.666666666666666,99,0,Percentage
Jason Taylor,Edyta Sliwinska,Athlete,Pennsylvania,United States,33,6,2nd Place,2,9,3,27.5,9.166666666666666,99,0,Percentage
Jason Taylor,Edyta Sliwinska,Athlete,Pennsylvania,United States,33,6,2nd Place,2,10,3,28.5,9.5,99,0,Percentage
Jeffrey Ross,Edyta Sliwinska,Comedian,New Jersey,United States,43,7,Eliminated Week 1,13,1,3,12.0,4.0,1,1,Percentage
Jeffrey Ross,Edyta Sliwinska,Comedian,New Jersey,United States,43,7,Eliminated Week 1,13,2,3,0.0,0.0,1,0,Percentage
Jeffrey Ross,Edyta Sliwinska,Comedian,New Jersey,United States,43,7,Eliminated Week 1,13,3,3,0.0,0.0,1,0,Percentage
Jeffrey Ross,Edyta Sliwinska,Comedian,New Jersey,United States,43,7,Eliminated Week 1,13,4,3,0.0,0.0,1,0,Percentage
Jeffrey Ross,Edyta Sliwinska,Comedian,New Jersey,United States,43,7,Eliminated Week 1,13,5,3,0.0,0.0,1,0,Percentage
Jeffrey Ross,Edyta Sliwinska,Comedian,New Jersey,United States,43,7,Eliminated Week 1,13,6,3,0.0,0.0,1,0,Percentage
Jeffrey Ross,Edyta Sliwinska,Comedian,New Jersey,United States,43,7,Eliminated Week 1,13,7,3,0.0,0.0,1,0,Percentage
Jeffrey Ross,Edyta Sliwinska,Comedian,New Jersey,United States,43,7,Eliminated Week 1,13,8,3,0.0,0.0,1,0,Percentage
Jeffrey Ross,Edyta Sliwinska,Comedian,New Jersey,United States,43,7,Eliminated Week 1,13,9,3,0.0,0.0,1,0,Percentage
Jeffrey Ross,Edyta Sliwinska,Comedian,New Jersey,United States,43,7,Eliminated Week 1,13,10,3,0.0,0.0,1,0,Percentage
Jennie Finch Daigle,Keo Motsepe,Athlete,California,United States,37,26,Eliminated Week 3,6,1,3,21.0,7.0,3,0,Percentage
Jennie Finch Daigle,Keo Motsepe,Athlete,California,United States,37,26,Eliminated Week 3,6,2,4,31.5,7.875,3,0,Percentage
Jennie Finch Daigle,Keo Motsepe,Athlete,California,United States,37,26,Eliminated Week 3,6,3,4,29.0,7.25,3,1,Percentage
Jennie Finch Daigle,Keo Motsepe,Athlete,California,United States,37,26,Eliminated Week 3,6,4,3,0.0,0.0,3,0,Percentage
Jennie Garth,Derek Hough,Actor/Actress,Illinois,United States,35,5,Eliminated Week 9,4,1,3,21.0,7.0,9,0,Percentage
Jennie Garth,Derek Hough,Actor/Actress,Illinois,United States,35,5,Eliminated Week 9,4,2,3,21.0,7.0,9,0,Percentage
Jennie Garth,Derek Hough,Actor/Actress,Illinois,United States,35,5,Eliminated Week 9,4,3,3,26.0,8.666666666666666,9,0,Percentage
Jennie Garth,Derek Hough,Actor/Actress,Illinois,United States,35,5,Eliminated Week 9,4,4,3,27.0,9.0,9,0,Percentage
Jennie Garth,Derek Hough,Actor/Actress,Illinois,United States,35,5,Eliminated Week 9,4,5,3,25.0,8.333333333333334,9,0,Percentage
Jennie Garth,Derek Hough,Actor/Actress,Illinois,United States,35,5,Eliminated Week 9,4,6,3,27.0,9.0,9,0,Percentage
Jennie Garth,Derek Hough,Actor/Actress,Illinois,United States,35,5,Eliminated Week 9,4,7,3,26.5,8.833333333333334,9,0,Percentage
Jennie Garth,Derek Hough,Actor/Actress,Illinois,United States,35,5,Eliminated Week 9,4,8,3,25.0,8.333333333333334,9,0,Percentage
Jennie Garth,Derek Hough,Actor/Actress,Illinois,United States,35,5,Eliminated Week 9,4,9,3,29.0,9.666666666666666,9,1,Percentage
Jennie Garth,Derek Hough,Actor/Actress,Illinois,United States,35,5,Eliminated Week 9,4,10,3,0.0,0.0,9,0,Percentage
Jennifer Grey,Derek Hough,Actor/Actress,New York,United States,50,11,1st Place,1,1,3,24.0,8.0,99,0,Percentage
Jennifer Grey,Derek Hough,Actor/Actress,New York,United States,50,11,1st Place,1,2,3,24.0,8.0,99,0,Percentage
Jennifer Grey,Derek Hough,Actor/Actress,New York,United States,50,11,1st Place,1,3,3,24.0,8.0,99,0,Percentage
Jennifer Grey,Derek Hough,Actor/Actress,New York,United States,50,11,1st Place,1,4,3,28.0,9.333333333333334,99,0,Percentage
Jennifer Grey,Derek Hough,Actor/Actress,New York,United States,50,11,1st Place,1,5,3,25.0,8.333333333333334,99,0,Percentage
Jennifer Grey,Derek Hough,Actor/Actress,New York,United States,50,11,1st Place,1,6,3,29.0,9.666666666666666,99,0,Percentage
Jennifer Grey,Derek Hough,Actor/Actress,New York,United States,50,11,1st Place,1,7,4,36.5,9.125,99,0,Percentage
Jennifer Grey,Derek Hough,Actor/Actress,New York,United States,50,11,1st Place,1,8,3,28.5,9.5,99,0,Percentage
Jennifer Grey,Derek Hough,Actor/Actress,New York,United States,50,11,1st Place,1,9,3,30.0,10.0,99,0,Percentage
Jennifer Grey,Derek Hough,Actor/Actress,New York,United States,50,11,1st Place,1,10,3,30.0,10.0,99,0,Percentage
Jodie Sweetin,Keo Motsepe,Actor/Actress,California,United States,34,22,Eliminated Week 8,6,1,3,20.0,6.666666666666667,8,0,Percentage
Jodie Sweetin,Keo Motsepe,Actor/Actress,California,United States,34,22,Eliminated Week 8,6,2,3,21.0,7.0,8,0,Percentage
Jodie Sweetin,Keo Motsepe,Actor/Actress,California,United States,34,22,Eliminated Week 8,6,3,3,23.0,7.666666666666667,8,0,Percentage
Jodie Sweetin,Keo Motsepe,Actor/Actress,California,United States,34,22,Eliminated Week 8,6,4,4,27.0,6.75,8,0,Percentage
Jodie Sweetin,Keo Motsepe,Actor/Actress,California,United States,34,22,Eliminated Week 8,6,5,4,35.0,8.75,8,0,Percentage
Jodie Sweetin,Keo Motsepe,Actor/Actress,California,United States,34,22,Eliminated Week 8,6,6,3,25.0,8.333333333333334,8,0,Percentage
Jodie Sweetin,Keo Motsepe,Actor/Actress,California,United States,34,22,Eliminated Week 8,6,7,3,25.5,8.5,8,0,Percentage
Jodie Sweetin,Keo Motsepe,Actor/Actress,California,United States,34,22,Eliminated Week 8,6,8,3,30.0,10.0,8,1,Percentage
Jodie Sweetin,Keo Motsepe,Actor/Actress,California,United States,34,22,Eliminated Week 8,6,9,3,0.0,0.0,8,0,Percentage
Jodie Sweetin,Keo Motsepe,Actor/Actress,California,United States,34,22,Eliminated Week 8,6,10,3,0.0,0.0,8,0,Percentage
Joe Amabile,Jenna Johnson,TV Personality,Illinois,United States,32,27,Eliminated Week 8,6,1,3,14.0,4.666666666666667,8,0,Percentage
Joe Amabile,Jenna Johnson,TV Personality,Illinois,United States,32,27,Eliminated Week 8,6,2,3,17.5,5.833333333333333,8,0,Percentage
Joe Amabile,Jenna Johnson,TV Personality,Illinois,United States,32,27,Eliminated Week 8,6,3,3,18.0,6.0,8,0,Percentage
Joe Amabile,Jenna Johnson,TV Personality,Illinois,United States,32,27,Eliminated Week 8,6,4,3,15.0,5.0,8,0,Percentage
Joe Amabile,Jenna Johnson,TV Personality,Illinois,United States,32,27,Eliminated Week 8,6,5,3,17.0,5.666666666666667,8,0,Percentage
Joe Amabile,Jenna Johnson,TV Personality,Illinois,United States,32,27,Eliminated Week 8,6,6,3,22.0,7.333333333333333,8,0,Percentage
Joe Amabile,Jenna Johnson,TV Personality,Illinois,United States,32,27,Eliminated Week 8,6,7,3,23.5,7.833333333333333,8,0,Percentage
Joe Amabile,Jenna Johnson,TV Personality,Illinois,United States,32,27,Eliminated Week 8,6,8,3,23.0,7.666666666666667,8,1,Percentage
Joe Amabile,Jenna Johnson,TV Personality,Illinois,United States,32,27,Eliminated Week 8,6,9,3,0.0,0.0,8,0,Percentage
Joey Fatone,Kym Johnson,Singer/Rapper,New York,United States,30,4,2nd Place,2,1,3,24.0,8.0,99,0,Percentage
Joey Fatone,Kym Johnson,Singer/Rapper,New York,United States,30,4,2nd Place,2,2,3,24.0,8.0,99,0,Percentage
Joey Fatone,Kym Johnson,Singer/Rapper,New York,United States,30,4,2nd Place,2,3,3,24.0,8.0,99,0,Percentage
Joey Fatone,Kym Johnson,Singer/Rapper,New York,United States,30,4,2nd Place,2,4,3,28.0,9.333333333333334,99,0,Percentage
Joey Fatone,Kym Johnson,Singer/Rapper,New York,United States,30,4,2nd Place,2,5,3,25.0,8.333333333333334,99,0,Percentage
Joey Fatone,Kym Johnson,Singer/Rapper,New York,United States,30,4,2nd Place,2,6,3,27.0,9.0,99,0,Percentage
Joey Fatone,Kym Johnson,Singer/Rapper,New York,United States,30,4,2nd Place,2,7,3,29.5,9.833333333333334,99,0,Percentage
Joey Fatone,Kym Johnson,Singer/Rapper,New York,United States,30,4,2nd Place,2,8,3,27.5,9.166666666666666,99,0,Percentage
Joey Fatone,Kym Johnson,Singer/Rapper,New York,United States,30,4,2nd Place,2,9,3,30.0,10.0,99,0,Percentage
Joey Fatone,Kym Johnson,Singer/Rapper,New York,United States,30,4,2nd Place,2,10,3,28.6665,9.5555,99,0,Percentage
Joey Fatone,Kym Johnson,Singer/Rapper,New York,United States,35,15,Eliminated Week 2,12,1,3,20.5,6.833333333333333,2,0,Percentage
Joey Fatone,Kym Johnson,Singer/Rapper,New York,United States,35,15,Eliminated Week 2,12,2,3,22.5,7.5,2,1,Percentage
Joey Fatone,Kym Johnson,Singer/Rapper,New York,United States,35,15,Eliminated Week 2,12,3,3,0.0,0.0,2,0,Percentage
Joey Fatone,Kym Johnson,Singer/Rapper,New York,United States,35,15,Eliminated Week 2,12,4,4,0.0,0.0,2,0,Percentage
Joey Fatone,Kym Johnson,Singer/Rapper,New York,United States,35,15,Eliminated Week 2,12,5,3,0.0,0.0,2,0,Percentage
Joey Fatone,Kym Johnson,Singer/Rapper,New York,United States,35,15,Eliminated Week 2,12,6,3,0.0,0.0,2,0,Percentage
Joey Fatone,Kym Johnson,Singer/Rapper,New York,United States,35,15,Eliminated Week 2,12,7,3,0.0,0.0,2,0,Percentage
Joey Fatone,Kym Johnson,Singer/Rapper,New York,United States,35,15,Eliminated Week 2,12,8,3,0.0,0.0,2,0,Percentage
Joey Fatone,Kym Johnson,Singer/Rapper,New York,United States,35,15,Eliminated Week 2,12,9,3,0.0,0.0,2,0,Percentage
Joey Fatone,Kym Johnson,Singer/Rapper,New York,United States,35,15,Eliminated Week 2,12,10,3,0.0,0.0,2,0,Percentage
Joey Lawrence,Edyta Sliwinska,Actor/Actress,Pennsylvania,United States,30,3,3rd Place,3,1,3,21.0,7.0,99,0,Percentage
Joey Lawrence,Edyta Sliwinska,Actor/Actress,Pennsylvania,United States,30,3,3rd Place,3,2,3,29.0,9.666666666666666,99,0,Percentage
Joey Lawrence,Edyta Sliwinska,Actor/Actress,Pennsylvania,United States,30,3,3rd Place,3,3,3,22.0,7.333333333333333,99,0,Percentage
Joey Lawrence,Edyta Sliwinska,Actor/Actress,Pennsylvania,United States,30,3,3rd Place,3,4,3,27.0,9.0,99,0,Percentage
Joey Lawrence,Edyta Sliwinska,Actor/Actress,Pennsylvania,United States,30,3,3rd Place,3,5,3,25.0,8.333333333333334,99,0,Percentage
Joey Lawrence,Edyta Sliwinska,Actor/Actress,Pennsylvania,United States,30,3,3rd Place,3,6,3,24.0,8.0,99,0,Percentage
Joey Lawrence,Edyta Sliwinska,Actor/Actress,Pennsylvania,United States,30,3,3rd Place,3,7,3,28.5,9.5,99,0,Percentage
Joey Lawrence,Edyta Sliwinska,Actor/Actress,Pennsylvania,United States,30,3,3rd Place,3,8,3,27.0,9.0,99,0,Percentage
Joey Lawrence,Edyta Sliwinska,Actor/Actress,Pennsylvania,United States,30,3,3rd Place,3,9,3,29.5,9.833333333333334,99,0,Percentage
Joey Lawrence,Edyta Sliwinska,Actor/Actress,Pennsylvania,United States,30,3,3rd Place,3,10,3,0.0,0.0,99,0,Percentage
John Ratzenberger,Edyta Sliwinska,Actor/Actress,Connecticut,United States,59,4,Eliminated Week 7,6,1,3,17.0,5.666666666666667,7,0,Percentage
John Ratzenberger,Edyta Sliwinska,Actor/Actress,Connecticut,United States,59,4,Eliminated Week 7,6,2,3,21.0,7.0,7,0,Percentage
John Ratzenberger,Edyta Sliwinska,Actor/Actress,Connecticut,United States,59,4,Eliminated Week 7,6,3,3,20.0,6.666666666666667,7,0,Percentage
John Ratzenberger,Edyta Sliwinska,Actor/Actress,Connecticut,United States,59,4,Eliminated Week 7,6,4,3,16.0,5.333333333333333,7,0,Percentage
John Ratzenberger,Edyta Sliwinska,Actor/Actress,Connecticut,United States,59,4,Eliminated Week 7,6,5,3,18.0,6.0,7,0,Percentage
John Ratzenberger,Edyta Sliwinska,Actor/Actress,Connecticut,United States,59,4,Eliminated Week 7,6,6,3,19.0,6.333333333333333,7,0,Percentage
John Ratzenberger,Edyta Sliwinska,Actor/Actress,Connecticut,United States,59,4,Eliminated Week 7,6,7,3,22.5,7.5,7,1,Percentage
John Ratzenberger,Edyta Sliwinska,Actor/Actress,Connecticut,United States,59,4,Eliminated Week 7,6,8,3,0.0,0.0,7,0,Percentage
John Ratzenberger,Edyta Sliwinska,Actor/Actress,Connecticut,United States,59,4,Eliminated Week 7,6,9,3,0.0,0.0,7,0,Percentage
John Ratzenberger,Edyta Sliwinska,Actor/Actress,Connecticut,United States,59,4,Eliminated Week 7,6,10,3,0.0,0.0,7,0,Percentage
John Schneider,Emma Slater,Actor/Actress,New York,United States,58,27,Eliminated Week 7,8,1,3,18.0,6.0,7,0,Percentage
John Schneider,Emma Slater,Actor/Actress,New York,United States,58,27,Eliminated Week 7,8,2,3,21.5,7.166666666666667,7,0,Percentage
John Schneider,Emma Slater,Actor/Actress,New York,United States,58,27,Eliminated Week 7,8,3,3,21.0,7.0,7,0,Percentage
John Schneider,Emma Slater,Actor/Actress,New York,United States,58,27,Eliminated Week 7,8,4,3,21.0,7.0,7,0,Percentage
John Schneider,Emma Slater,Actor/Actress,New York,United States,58,27,Eliminated Week 7,8,5,3,24.0,8.0,7,0,Percentage
John Schneider,Emma Slater,Actor/Actress,New York,United States,58,27,Eliminated Week 7,8,6,3,19.0,6.333333333333333,7,0,Percentage
John Schneider,Emma Slater,Actor/Actress,New York,United States,58,27,Eliminated Week 7,8,7,3,27.0,9.0,7,1,Percentage
John Schneider,Emma Slater,Actor/Actress,New York,United States,58,27,Eliminated Week 7,8,8,3,0.0,0.0,7,0,Percentage
John Schneider,Emma Slater,Actor/Actress,New York,United States,58,27,Eliminated Week 7,8,9,3,0.0,0.0,7,0,Percentage
Johnny Damon,Emma Slater,Athlete,Kansas,United States,44,26,Eliminated Week 1,9,1,3,18.0,6.0,1,1,Percentage
Johnny Damon,Emma Slater,Athlete,Kansas,United States,44,26,Eliminated Week 1,9,2,4,0.0,0.0,1,0,Percentage
Johnny Damon,Emma Slater,Athlete,Kansas,United States,44,26,Eliminated Week 1,9,3,4,0.0,0.0,1,0,Percentage
Johnny Damon,Emma Slater,Athlete,Kansas,United States,44,26,Eliminated Week 1,9,4,3,0.0,0.0,1,0,Percentage
Jonathan Bennett,Allison Holker,Actor/Actress,Ohio,United States,33,19,Eliminated Week 6,9,1,4,30.0,7.5,6,0,Percentage
Jonathan Bennett,Allison Holker,Actor/Actress,Ohio,United States,33,19,Eliminated Week 6,9,2,4,30.0,7.5,6,0,Percentage
Jonathan Bennett,Allison Holker,Actor/Actress,Ohio,United States,33,19,Eliminated Week 6,9,3,4,32.0,8.0,6,0,Percentage
Jonathan Bennett,Allison Holker,Actor/Actress,Ohio,United States,33,19,Eliminated Week 6,9,4,4,24.0,6.0,6,0,Percentage
Jonathan Bennett,Allison Holker,Actor/Actress,Ohio,United States,33,19,Eliminated Week 6,9,5,4,24.0,6.0,6,0,Percentage
Jonathan Bennett,Allison Holker,Actor/Actress,Ohio,United States,33,19,Eliminated Week 6,9,6,4,32.0,8.0,6,1,Percentage
Jonathan Bennett,Allison Holker,Actor/Actress,Ohio,United States,33,19,Eliminated Week 6,9,7,4,0.0,0.0,6,0,Percentage
Jonathan Bennett,Allison Holker,Actor/Actress,Ohio,United States,33,19,Eliminated Week 6,9,8,4,0.0,0.0,6,0,Percentage
Jonathan Bennett,Allison Holker,Actor/Actress,Ohio,United States,33,19,Eliminated Week 6,9,9,4,0.0,0.0,6,0,Percentage
Jonathan Bennett,Allison Holker,Actor/Actress,Ohio,United States,33,19,Eliminated Week 6,9,10,4,0.0,0.0,6,0,Percentage
Jonathan Bennett,Allison Holker,Actor/Actress,Ohio,United States,33,19,Eliminated Week 6,9,11,4,0.0,0.0,6,0,Percentage
Jordan Fisher,Lindsay Arnold,Actor/Actress,Alabama,United States,23,25,1st Place,1,1,3,22.0,7.333333333333333,99,0,Percentage
Jordan Fisher,Lindsay Arnold,Actor/Actress,Alabama,United States,23,25,1st Place,1,2,3,24.0,8.0,99,0,Percentage
Jordan Fisher,Lindsay Arnold,Actor/Actress,Alabama,United States,23,25,1st Place,1,3,3,25.0,8.333333333333334,99,0,Percentage
Jordan Fisher,Lindsay Arnold,Actor/Actress,Alabama,United States,23,25,1st Place,1,4,3,29.0,9.666666666666666,99,0,Percentage
Jordan Fisher,Lindsay Arnold,Actor/Actress,Alabama,United States,23,25,1st Place,1,5,3,30.0,10.0,99,0,Percentage
Jordan Fisher,Lindsay Arnold,Actor/Actress,Alabama,United States,23,25,1st Place,1,6,4,39.0,9.75,99,0,Percentage
Jordan Fisher,Lindsay Arnold,Actor/Actress,Alabama,United States,23,25,1st Place,1,7,3,27.0,9.0,99,0,Percentage
Jordan Fisher,Lindsay Arnold,Actor/Actress,Alabama,United States,23,25,1st Place,1,8,3,30.0,10.0,99,0,Percentage
Jordan Fisher,Lindsay Arnold,Actor/Actress,Alabama,United States,23,25,1st Place,1,9,3,29.0,9.666666666666666,99,0,Percentage
Jordan Fisher,Lindsay Arnold,Actor/Actress,Alabama,United States,23,25,1st Place,1,10,4,40.0,10.0,99,0,Percentage
Josh Norman,Sharna Burgess,Athlete,South Carolina,United States,30,26,2nd Place,2,1,3,24.0,8.0,99,0,Percentage
Josh Norman,Sharna Burgess,Athlete,South Carolina,United States,30,26,2nd Place,2,2,4,31.5,7.875,99,0,Percentage
Josh Norman,Sharna Burgess,Athlete,South Carolina,United States,30,26,2nd Place,2,3,4,38.0,9.5,99,0,Percentage
Josh Norman,Sharna Burgess,Athlete,South Carolina,United States,30,26,2nd Place,2,4,3,28.5,9.5,99,0,Percentage
Josie Maran,Alec Mazo,Model,California,United States,29,5,Eliminated Week 1,12,1,3,16.0,5.333333333333333,1,1,Percentage
Josie Maran,Alec Mazo,Model,California,United States,29,5,Eliminated Week 1,12,2,3,0.0,0.0,1,0,Percentage
Josie Maran,Alec Mazo,Model,California,United States,29,5,Eliminated Week 1,12,3,3,0.0,0.0,1,0,Percentage
Josie Maran,Alec Mazo,Model,California,United States,29,5,Eliminated Week 1,12,4,3,0.0,0.0,1,0,Percentage
Josie Maran,Alec Mazo,Model,California,United States,29,5,Eliminated Week 1,12,5,3,0.0,0.0,1,0,Percentage
Josie Maran,Alec Mazo,Model,California,United States,29,5,Eliminated Week 1,12,6,3,0.0,0.0,1,0,Percentage
Josie Maran,Alec Mazo,Model,California,United States,29,5,Eliminated Week 1,12,7,3,0.0,0.0,1,0,Percentage
Josie Maran,Alec Mazo,Model,California,United States,29,5,Eliminated Week 1,12,8,3,0.0,0.0,1,0,Percentage
Josie Maran,Alec Mazo,Model,California,United States,29,5,Eliminated Week 1,12,9,3,0.0,0.0,1,0,Percentage
Josie Maran,Alec Mazo,Model,California,United States,29,5,Eliminated Week 1,12,10,3,0.0,0.0,1,0,Percentage
Kareem Abdul-Jabbar,Lindsay Arnold,Athlete,New York,United States,71,26,Eliminated Week 2,8,1,3,17.0,5.666666666666667,2,0,Percentage
Kareem Abdul-Jabbar,Lindsay Arnold,Athlete,New York,United States,71,26,Eliminated Week 2,8,2,4,29.5,7.375,2,1,Percentage
Kareem Abdul-Jabbar,Lindsay Arnold,Athlete,New York,United States,71,26,Eliminated Week 2,8,3,4,0.0,0.0,2,0,Percentage
Kareem Abdul-Jabbar,Lindsay Arnold,Athlete,New York,United States,71,26,Eliminated Week 2,8,4,3,0.0,0.0,2,0,Percentage
Kate Gosselin,Tony Dovolani,TV Personality,Pennsylvania,United States,35,10,Eliminated Week 5,8,1,3,16.0,5.333333333333333,5,0,Percentage
Kate Gosselin,Tony Dovolani,TV Personality,Pennsylvania,United States,35,10,Eliminated Week 5,8,2,3,15.0,5.0,5,0,Percentage
Kate Gosselin,Tony Dovolani,TV Personality,Pennsylvania,United States,35,10,Eliminated Week 5,8,3,3,15.0,5.0,5,0,Percentage
Kate Gosselin,Tony Dovolani,TV Personality,Pennsylvania,United States,35,10,Eliminated Week 5,8,4,3,16.0,5.333333333333333,5,0,Percentage
Kate Gosselin,Tony Dovolani,TV Personality,Pennsylvania,United States,35,10,Eliminated Week 5,8,5,3,15.0,5.0,5,1,Percentage
Kate Gosselin,Tony Dovolani,TV Personality,Pennsylvania,United States,35,10,Eliminated Week 5,8,6,3,0.0,0.0,5,0,Percentage
Kate Gosselin,Tony Dovolani,TV Personality,Pennsylvania,United States,35,10,Eliminated Week 5,8,7,3,0.0,0.0,5,0,Percentage
Kate Gosselin,Tony Dovolani,TV Personality,Pennsylvania,United States,35,10,Eliminated Week 5,8,8,3,0.0,0.0,5,0,Percentage
Kate Gosselin,Tony Dovolani,TV Personality,Pennsylvania,United States,35,10,Eliminated Week 5,8,9,3,0.0,0.0,5,0,Percentage
Kate Gosselin,Tony Dovolani,TV Personality,Pennsylvania,United States,35,10,Eliminated Week 5,8,10,3,0.0,0.0,5,0,Percentage
Kathy Ireland,Tony Dovolani,Model,California,United States,46,9,Eliminated Week 2,14,1,3,19.9999,6.666633333333333,2,0,Percentage
Kathy Ireland,Tony Dovolani,Model,California,United States,46,9,Eliminated Week 2,14,2,3,18.0,6.0,2,1,Percentage
Kathy Ireland,Tony Dovolani,Model,California,United States,46,9,Eliminated Week 2,14,3,3,0.0,0.0,2,0,Percentage
Kathy Ireland,Tony Dovolani,Model,California,United States,46,9,Eliminated Week 2,14,4,3,0.0,0.0,2,0,Percentage
Kathy Ireland,Tony Dovolani,Model,California,United States,46,9,Eliminated Week 2,14,5,3,0.0,0.0,2,0,Percentage
Kathy Ireland,Tony Dovolani,Model,California,United States,46,9,Eliminated Week 2,14,6,3,0.0,0.0,2,0,Percentage
Kathy Ireland,Tony Dovolani,Model,California,United States,46,9,Eliminated Week 2,14,7,3,0.0,0.0,2,0,Percentage
Kathy Ireland,Tony Dovolani,Model,California,United States,46,9,Eliminated Week 2,14,8,3,0.0,0.0,2,0,Percentage
Kathy Ireland,Tony Dovolani,Model,California,United States,46,9,Eliminated Week 2,14,9,3,0.0,0.0,2,0,Percentage
Kathy Ireland,Tony Dovolani,Model,California,United States,46,9,Eliminated Week 2,14,10,3,0.0,0.0,2,0,Percentage
Kellie Pickler,Derek Hough,Singer/Rapper,North Carolina,United States,26,16,1st Place,1,1,3,21.0,7.0,99,0,Percentage
Kellie Pickler,Derek Hough,Singer/Rapper,North Carolina,United States,26,16,1st Place,1,2,3,26.0,8.666666666666666,99,0,Percentage
Kellie Pickler,Derek Hough,Singer/Rapper,North Carolina,United States,26,16,1st Place,1,3,3,25.0,8.333333333333334,99,0,Percentage
Kellie Pickler,Derek Hough,Singer/Rapper,North Carolina,United States,26,16,1st Place,1,4,3,26.0,8.666666666666666,99,0,Percentage
Kellie Pickler,Derek Hough,Singer/Rapper,North Carolina,United States,26,16,1st Place,1,5,3,27.0,9.0,99,0,Percentage
Kellie Pickler,Derek Hough,Singer/Rapper,North Carolina,United States,26,16,1st Place,1,6,3,27.0,9.0,99,0,Percentage
Kellie Pickler,Derek Hough,Singer/Rapper,North Carolina,United States,26,16,1st Place,1,7,3,29.0,9.666666666666666,99,0,Percentage
Kellie Pickler,Derek Hough,Singer/Rapper,North Carolina,United States,26,16,1st Place,1,8,3,27.5,9.166666666666666,99,0,Percentage
Kellie Pickler,Derek Hough,Singer/Rapper,North Carolina,United States,26,16,1st Place,1,9,3,29.0,9.666666666666666,99,0,Percentage
Kellie Pickler,Derek Hough,Singer/Rapper,North Carolina,United States,26,16,1st Place,1,10,3,30.0,10.0,99,0,Percentage
Kelly Monaco,Valentin Chmerkovskiy,Actor/Actress,Pennsylvania,United States,36,15,3rd Place,3,1,3,21.5,7.166666666666667,99,0,Percentage
Kelly Monaco,Valentin Chmerkovskiy,Actor/Actress,Pennsylvania,United States,36,15,3rd Place,3,2,3,22.0,7.333333333333333,99,0,Percentage
Kelly Monaco,Valentin Chmerkovskiy,Actor/Actress,Pennsylvania,United States,36,15,3rd Place,3,3,3,27.0,9.0,99,0,Percentage
Kelly Monaco,Valentin Chmerkovskiy,Actor/Actress,Pennsylvania,United States,36,15,3rd Place,3,4,4,37.5,9.375,99,0,Percentage
Kelly Monaco,Valentin Chmerkovskiy,Actor/Actress,Pennsylvania,United States,36,15,3rd Place,3,5,3,25.75,8.583333333333334,99,0,Percentage
Kelly Monaco,Valentin Chmerkovskiy,Actor/Actress,Pennsylvania,United States,36,15,3rd Place,3,6,3,27.0,9.0,99,0,Percentage
Kelly Monaco,Valentin Chmerkovskiy,Actor/Actress,Pennsylvania,United States,36,15,3rd Place,3,7,3,36.0,12.0,99,0,Percentage
Kelly Monaco,Valentin Chmerkovskiy,Actor/Actress,Pennsylvania,United States,36,15,3rd Place,3,8,3,28.3333,9.444433333333334,99,0,Percentage
Kelly Monaco,Valentin Chmerkovskiy,Actor/Actress,Pennsylvania,United States,36,15,3rd Place,3,9,3,27.110999999999997,9.036999999999999,99,0,Percentage
Kelly Monaco,Valentin Chmerkovskiy,Actor/Actress,Pennsylvania,United States,36,15,3rd Place,3,10,3,29.1109,9.703633333333334,99,0,Percentage
Kendra Wilkinson,Louis van Amstel,TV Personality,California,United States,25,12,Eliminated Week 7,6,1,3,18.0,6.0,7,0,Percentage
Kendra Wilkinson,Louis van Amstel,TV Personality,California,United States,25,12,Eliminated Week 7,6,2,3,19.0,6.333333333333333,7,0,Percentage
Kendra Wilkinson,Louis van Amstel,TV Personality,California,United States,25,12,Eliminated Week 7,6,3,3,23.0,7.666666666666667,7,0,Percentage
Kendra Wilkinson,Louis van Amstel,TV Personality,California,United States,25,12,Eliminated Week 7,6,4,3,18.0,6.0,7,0,Percentage
Kendra Wilkinson,Louis van Amstel,TV Personality,California,United States,25,12,Eliminated Week 7,6,5,3,22.0,7.333333333333333,7,0,Percentage
Kendra Wilkinson,Louis van Amstel,TV Personality,California,United States,25,12,Eliminated Week 7,6,6,3,25.0,8.333333333333334,7,0,Percentage
Kendra Wilkinson,Louis van Amstel,TV Personality,California,United States,25,12,Eliminated Week 7,6,7,4,30.5,7.625,7,1,Percentage
Kendra Wilkinson,Louis van Amstel,TV Personality,California,United States,25,12,Eliminated Week 7,6,8,3,0.0,0.0,7,0,Percentage
Kendra Wilkinson,Louis van Amstel,TV Personality,California,United States,25,12,Eliminated Week 7,6,9,3,0.0,0.0,7,0,Percentage
Kendra Wilkinson,Louis van Amstel,TV Personality,California,United States,25,12,Eliminated Week 7,6,10,3,0.0,0.0,7,0,Percentage
Keyshawn Johnson,Sharna Burgess,Athlete,California,United States,41,17,Eliminated Week 2,12,1,3,17.0,5.666666666666667,2,0,Percentage
Keyshawn Johnson,Sharna Burgess,Athlete,California,United States,41,17,Eliminated Week 2,12,2,3,18.0,6.0,2,1,Percentage
Keyshawn Johnson,Sharna Burgess,Athlete,California,United States,41,17,Eliminated Week 2,12,3,3,0.0,0.0,2,0,Percentage
Keyshawn Johnson,Sharna Burgess,Athlete,California,United States,41,17,Eliminated Week 2,12,4,3,0.0,0.0,2,0,Percentage
Keyshawn Johnson,Sharna Burgess,Athlete,California,United States,41,17,Eliminated Week 2,12,5,3,0.0,0.0,2,0,Percentage
Keyshawn Johnson,Sharna Burgess,Athlete,California,United States,41,17,Eliminated Week 2,12,6,3,0.0,0.0,2,0,Percentage
Keyshawn Johnson,Sharna Burgess,Athlete,California,United States,41,17,Eliminated Week 2,12,7,3,0.0,0.0,2,0,Percentage
Keyshawn Johnson,Sharna Burgess,Athlete,California,United States,41,17,Eliminated Week 2,12,8,3,0.0,0.0,2,0,Percentage
Keyshawn Johnson,Sharna Burgess,Athlete,California,United States,41,17,Eliminated Week 2,12,9,3,0.0,0.0,2,0,Percentage
Keyshawn Johnson,Sharna Burgess,Athlete,California,United States,41,17,Eliminated Week 2,12,10,4,0.0,0.0,2,0,Percentage
Keyshawn Johnson,Sharna Burgess,Athlete,California,United States,41,17,Eliminated Week 2,12,11,3,0.0,0.0,2,0,Percentage
Kim Fields,Sasha Farber,Actor/Actress,New York,United States,46,22,Eliminated Week 7,8,1,3,20.0,6.666666666666667,7,0,Percentage
Kim Fields,Sasha Farber,Actor/Actress,New York,United States,46,22,Eliminated Week 7,8,2,3,19.0,6.333333333333333,7,0,Percentage
Kim Fields,Sasha Farber,Actor/Actress,New York,United States,46,22,Eliminated Week 7,8,3,3,22.0,7.333333333333333,7,0,Percentage
Kim Fields,Sasha Farber,Actor/Actress,New York,United States,46,22,Eliminated Week 7,8,4,4,32.0,8.0,7,0,Percentage
Kim Fields,Sasha Farber,Actor/Actress,New York,United States,46,22,Eliminated Week 7,8,5,4,28.0,7.0,7,0,Percentage
Kim Fields,Sasha Farber,Actor/Actress,New York,United States,46,22,Eliminated Week 7,8,6,3,24.0,8.0,7,0,Percentage
Kim Fields,Sasha Farber,Actor/Actress,New York,United States,46,22,Eliminated Week 7,8,7,3,26.0,8.666666666666666,7,1,Percentage
Kim Fields,Sasha Farber,Actor/Actress,New York,United States,46,22,Eliminated Week 7,8,8,3,0.0,0.0,7,0,Percentage
Kim Fields,Sasha Farber,Actor/Actress,New York,United States,46,22,Eliminated Week 7,8,9,3,0.0,0.0,7,0,Percentage
Kim Fields,Sasha Farber,Actor/Actress,New York,United States,46,22,Eliminated Week 7,8,10,3,0.0,0.0,7,0,Percentage
Kim Kardashian,Mark Ballas,TV Personality,California,United States,27,7,Eliminated Week 2,11,1,3,18.5,6.166666666666667,2,0,Percentage
Kim Kardashian,Mark Ballas,TV Personality,California,United States,27,7,Eliminated Week 2,11,2,3,17.0,5.666666666666667,2,1,Percentage
Kim Kardashian,Mark Ballas,TV Personality,California,United States,27,7,Eliminated Week 2,11,3,3,0.0,0.0,2,0,Percentage
Kim Kardashian,Mark Ballas,TV Personality,California,United States,27,7,Eliminated Week 2,11,4,3,0.0,0.0,2,0,Percentage
Kim Kardashian,Mark Ballas,TV Personality,California,United States,27,7,Eliminated Week 2,11,5,3,0.0,0.0,2,0,Percentage
Kim Kardashian,Mark Ballas,TV Personality,California,United States,27,7,Eliminated Week 2,11,6,3,0.0,0.0,2,0,Percentage
Kim Kardashian,Mark Ballas,TV Personality,California,United States,27,7,Eliminated Week 2,11,7,3,0.0,0.0,2,0,Percentage
Kim Kardashian,Mark Ballas,TV Personality,California,United States,27,7,Eliminated Week 2,11,8,3,0.0,0.0,2,0,Percentage
Kim Kardashian,Mark Ballas,TV Personality,California,United States,27,7,Eliminated Week 2,11,9,3,0.0,0.0,2,0,Percentage
Kim Kardashian,Mark Ballas,TV Personality,California,United States,27,7,Eliminated Week 2,11,10,3,0.0,0.0,2,0,Percentage
Kim Zolciak-Biermann,Tony Dovolani,TV Personality,Florida,United States,37,21,Withdrew,11,1,3,12.0,4.0,99,0,Percentage
Kim Zolciak-Biermann,Tony Dovolani,TV Personality,Florida,United States,37,21,Withdrew,11,2,3,18.5,6.166666666666667,99,0,Percentage
Kim Zolciak-Biermann,Tony Dovolani,TV Personality,Florida,United States,37,21,Withdrew,11,3,4,0.0,0.0,99,0,Percentage
Kim Zolciak-Biermann,Tony Dovolani,TV Personality,Florida,United States,37,21,Withdrew,11,4,3,0.0,0.0,99,0,Percentage
Kim Zolciak-Biermann,Tony Dovolani,TV Personality,Florida,United States,37,21,Withdrew,11,5,4,0.0,0.0,99,0,Percentage
Kim Zolciak-Biermann,Tony Dovolani,TV Personality,Florida,United States,37,21,Withdrew,11,6,4,0.0,0.0,99,0,Percentage
Kim Zolciak-Biermann,Tony Dovolani,TV Personality,Florida,United States,37,21,Withdrew,11,7,3,0.0,0.0,99,0,Percentage
Kim Zolciak-Biermann,Tony Dovolani,TV Personality,Florida,United States,37,21,Withdrew,11,8,3,0.0,0.0,99,0,Percentage
Kim Zolciak-Biermann,Tony Dovolani,TV Personality,Florida,United States,37,21,Withdrew,11,9,3,0.0,0.0,99,0,Percentage
Kim Zolciak-Biermann,Tony Dovolani,TV Personality,Florida,United States,37,21,Withdrew,11,10,3,0.0,0.0,99,0,Percentage
Kim Zolciak-Biermann,Tony Dovolani,TV Personality,Florida,United States,37,21,Withdrew,11,11,3,0.0,0.0,99,0,Percentage
Kirstie Alley,Maksim Chmerkoskiy,Actor/Actress,Kansas,United States,60,12,2nd Place,2,1,3,23.0,7.666666666666667,99,0,Percentage
Kirstie Alley,Maksim Chmerkoskiy,Actor/Actress,Kansas,United States,60,12,2nd Place,2,2,3,20.0,6.666666666666667,99,0,Percentage
Kirstie Alley,Maksim Chmerkoskiy,Actor/Actress,Kansas,United States,60,12,2nd Place,2,3,3,21.0,7.0,99,0,Percentage
Kirstie Alley,Maksim Chmerkoskiy,Actor/Actress,Kansas,United States,60,12,2nd Place,2,4,3,22.0,7.333333333333333,99,0,Percentage
Kirstie Alley,Maksim Chmerkoskiy,Actor/Actress,Kansas,United States,60,12,2nd Place,2,5,3,23.0,7.666666666666667,99,0,Percentage
Kirstie Alley,Maksim Chmerkoskiy,Actor/Actress,Kansas,United States,60,12,2nd Place,2,6,3,26.0,8.666666666666666,99,0,Percentage
Kirstie Alley,Maksim Chmerkoskiy,Actor/Actress,Kansas,United States,60,12,2nd Place,2,7,4,30.0,7.5,99,0,Percentage
Kirstie Alley,Maksim Chmerkoskiy,Actor/Actress,Kansas,United States,60,12,2nd Place,2,8,3,26.5,8.833333333333334,99,0,Percentage
Kirstie Alley,Maksim Chmerkoskiy,Actor/Actress,Kansas,United States,60,12,2nd Place,2,9,3,27.0,9.0,99,0,Percentage
Kirstie Alley,Maksim Chmerkoskiy,Actor/Actress,Kansas,United States,60,12,2nd Place,2,10,3,27.999899999999997,9.3333,99,0,Percentage
Kirstie Alley,Maksim Chmerkoskiy,Actor/Actress,Kansas,United States,61,15,Eliminated Week 8,7,1,3,19.0,6.333333333333333,8,0,Percentage
Kirstie Alley,Maksim Chmerkoskiy,Actor/Actress,Kansas,United States,61,15,Eliminated Week 8,7,2,3,21.0,7.0,8,0,Percentage
Kirstie Alley,Maksim Chmerkoskiy,Actor/Actress,Kansas,United States,61,15,Eliminated Week 8,7,3,3,24.0,8.0,8,0,Percentage
Kirstie Alley,Maksim Chmerkoskiy,Actor/Actress,Kansas,United States,61,15,Eliminated Week 8,7,4,4,30.0,7.5,8,0,Percentage
Kirstie Alley,Maksim Chmerkoskiy,Actor/Actress,Kansas,United States,61,15,Eliminated Week 8,7,5,3,26.25,8.75,8,0,Percentage
Kirstie Alley,Maksim Chmerkoskiy,Actor/Actress,Kansas,United States,61,15,Eliminated Week 8,7,6,3,27.5,9.166666666666666,8,0,Percentage
Kirstie Alley,Maksim Chmerkoskiy,Actor/Actress,Kansas,United States,61,15,Eliminated Week 8,7,7,3,27.999899999999997,9.3333,8,0,Percentage
Kirstie Alley,Maksim Chmerkoskiy,Actor/Actress,Kansas,United States,61,15,Eliminated Week 8,7,8,3,25.5,8.5,8,1,Percentage
Kirstie Alley,Maksim Chmerkoskiy,Actor/Actress,Kansas,United States,61,15,Eliminated Week 8,7,9,3,0.0,0.0,8,0,Percentage
Kirstie Alley,Maksim Chmerkoskiy,Actor/Actress,Kansas,United States,61,15,Eliminated Week 8,7,10,3,0.0,0.0,8,0,Percentage
Kristi Yamaguchi,Mark Ballas,Athlete,California,United States,36,6,1st Place,1,1,3,27.0,9.0,99,0,Percentage
Kristi Yamaguchi,Mark Ballas,Athlete,California,United States,36,6,1st Place,1,2,3,27.0,9.0,99,0,Percentage
Kristi Yamaguchi,Mark Ballas,Athlete,California,United States,36,6,1st Place,1,3,3,27.0,9.0,99,0,Percentage
Kristi Yamaguchi,Mark Ballas,Athlete,California,United States,36,6,1st Place,1,4,3,29.0,9.666666666666666,99,0,Percentage
Kristi Yamaguchi,Mark Ballas,Athlete,California,United States,36,6,1st Place,1,5,3,29.0,9.666666666666666,99,0,Percentage
Kristi Yamaguchi,Mark Ballas,Athlete,California,United States,36,6,1st Place,1,6,3,30.0,10.0,99,0,Percentage
Kristi Yamaguchi,Mark Ballas,Athlete,California,United States,36,6,1st Place,1,7,3,27.0,9.0,99,0,Percentage
Kristi Yamaguchi,Mark Ballas,Athlete,California,United States,36,6,1st Place,1,8,3,27.5,9.166666666666666,99,0,Percentage
Kristi Yamaguchi,Mark Ballas,Athlete,California,United States,36,6,1st Place,1,9,3,28.5,9.5,99,0,Percentage
Kristi Yamaguchi,Mark Ballas,Athlete,California,United States,36,6,1st Place,1,10,3,30.0,10.0,99,0,Percentage
Kristin Cavallari,Mark Ballas,TV Personality,Colorado,United States,24,13,Eliminated Week 3,10,1,3,19.0,6.333333333333333,3,0,Percentage
Kristin Cavallari,Mark Ballas,TV Personality,Colorado,United States,24,13,Eliminated Week 3,10,2,3,22.0,7.333333333333333,3,0,Percentage
Kristin Cavallari,Mark Ballas,TV Personality,Colorado,United States,24,13,Eliminated Week 3,10,3,3,24.0,8.0,3,1,Percentage
Kristin Cavallari,Mark Ballas,TV Personality,Colorado,United States,24,13,Eliminated Week 3,10,4,3,0.0,0.0,3,0,Percentage
Kristin Cavallari,Mark Ballas,TV Personality,Colorado,United States,24,13,Eliminated Week 3,10,5,3,0.0,0.0,3,0,Percentage
Kristin Cavallari,Mark Ballas,TV Personality,Colorado,United States,24,13,Eliminated Week 3,10,6,3,0.0,0.0,3,0,Percentage
Kristin Cavallari,Mark Ballas,TV Personality,Colorado,United States,24,13,Eliminated Week 3,10,7,3,0.0,0.0,3,0,Percentage
Kristin Cavallari,Mark Ballas,TV Personality,Colorado,United States,24,13,Eliminated Week 3,10,8,3,0.0,0.0,3,0,Percentage
Kristin Cavallari,Mark Ballas,TV Personality,Colorado,United States,24,13,Eliminated Week 3,10,9,3,0.0,0.0,3,0,Percentage
Kristin Cavallari,Mark Ballas,TV Personality,Colorado,United States,24,13,Eliminated Week 3,10,10,3,0.0,0.0,3,0,Percentage
Kurt Warner,Anna Trebunskaya,Athlete,Iowa,United States,39,11,Eliminated Week 8,5,1,3,19.0,6.333333333333333,8,0,Percentage
Kurt Warner,Anna Trebunskaya,Athlete,Iowa,United States,39,11,Eliminated Week 8,5,2,3,21.0,7.0,8,0,Percentage
Kurt Warner,Anna Trebunskaya,Athlete,Iowa,United States,39,11,Eliminated Week 8,5,3,3,23.0,7.666666666666667,8,0,Percentage
Kurt Warner,Anna Trebunskaya,Athlete,Iowa,United States,39,11,Eliminated Week 8,5,4,3,17.0,5.666666666666667,8,0,Percentage
Kurt Warner,Anna Trebunskaya,Athlete,Iowa,United States,39,11,Eliminated Week 8,5,5,3,24.0,8.0,8,0,Percentage
Kurt Warner,Anna Trebunskaya,Athlete,Iowa,United States,39,11,Eliminated Week 8,5,6,3,21.9999,7.3333,8,0,Percentage
Kurt Warner,Anna Trebunskaya,Athlete,Iowa,United States,39,11,Eliminated Week 8,5,7,4,35.0,8.75,8,0,Percentage
Kurt Warner,Anna Trebunskaya,Athlete,Iowa,United States,39,11,Eliminated Week 8,5,8,3,24.0,8.0,8,1,Percentage
Kurt Warner,Anna Trebunskaya,Athlete,Iowa,United States,39,11,Eliminated Week 8,5,9,3,0.0,0.0,8,0,Percentage
Kurt Warner,Anna Trebunskaya,Athlete,Iowa,United States,39,11,Eliminated Week 8,5,10,3,0.0,0.0,8,0,Percentage
Kyle Massey,Lacey Schwimmer,Actor/Actress,Georgia,United States,19,11,2nd Place,2,1,3,23.0,7.666666666666667,99,0,Percentage
Kyle Massey,Lacey Schwimmer,Actor/Actress,Georgia,United States,19,11,2nd Place,2,2,3,22.0,7.333333333333333,99,0,Percentage
Kyle Massey,Lacey Schwimmer,Actor/Actress,Georgia,United States,19,11,2nd Place,2,3,3,23.0,7.666666666666667,99,0,Percentage
Kyle Massey,Lacey Schwimmer,Actor/Actress,Georgia,United States,19,11,2nd Place,2,4,3,20.0,6.666666666666667,99,0,Percentage
Kyle Massey,Lacey Schwimmer,Actor/Actress,Georgia,United States,19,11,2nd Place,2,5,3,20.0,6.666666666666667,99,0,Percentage
Kyle Massey,Lacey Schwimmer,Actor/Actress,Georgia,United States,19,11,2nd Place,2,6,3,29.999899999999997,9.999966666666666,99,0,Percentage
Kyle Massey,Lacey Schwimmer,Actor/Actress,Georgia,United States,19,11,2nd Place,2,7,4,33.5,8.375,99,0,Percentage
Kyle Massey,Lacey Schwimmer,Actor/Actress,Georgia,United States,19,11,2nd Place,2,8,3,28.0,9.333333333333334,99,0,Percentage
Kyle Massey,Lacey Schwimmer,Actor/Actress,Georgia,United States,19,11,2nd Place,2,9,3,29.0,9.666666666666666,99,0,Percentage
Kyle Massey,Lacey Schwimmer,Actor/Actress,Georgia,United States,19,11,2nd Place,2,10,3,27.333199999999998,9.111066666666666,99,0,Percentage
Laila Ali,Maksim Chmerkoskiy,Athlete,Florida,United States,29,4,3rd Place,3,1,3,23.0,7.666666666666667,99,0,Percentage
Laila Ali,Maksim Chmerkoskiy,Athlete,Florida,United States,29,4,3rd Place,3,2,3,27.0,9.0,99,0,Percentage
Laila Ali,Maksim Chmerkoskiy,Athlete,Florida,United States,29,4,3rd Place,3,3,3,21.0,7.0,99,0,Percentage
Laila Ali,Maksim Chmerkoskiy,Athlete,Florida,United States,29,4,3rd Place,3,4,3,21.0,7.0,99,0,Percentage
Laila Ali,Maksim Chmerkoskiy,Athlete,Florida,United States,29,4,3rd Place,3,5,3,28.0,9.333333333333334,99,0,Percentage
Laila Ali,Maksim Chmerkoskiy,Athlete,Florida,United States,29,4,3rd Place,3,6,3,28.0,9.333333333333334,99,0,Percentage
Laila Ali,Maksim Chmerkoskiy,Athlete,Florida,United States,29,4,3rd Place,3,7,3,29.5,9.833333333333334,99,0,Percentage
Laila Ali,Maksim Chmerkoskiy,Athlete,Florida,United States,29,4,3rd Place,3,8,3,26.5,8.833333333333334,99,0,Percentage
Laila Ali,Maksim Chmerkoskiy,Athlete,Florida,United States,29,4,3rd Place,3,9,3,30.0,10.0,99,0,Percentage
Laila Ali,Maksim Chmerkoskiy,Athlete,Florida,United States,29,4,3rd Place,3,10,3,28.3332,9.4444,99,0,Percentage
Lance Bass,Lacey Schwimmer,Singer/Rapper,Mississippi,United States,29,7,3rd Place,3,1,3,21.5,7.166666666666667,99,0,Percentage
Lance Bass,Lacey Schwimmer,Singer/Rapper,Mississippi,United States,29,7,3rd Place,3,2,3,20.0,6.666666666666667,99,0,Percentage
Lance Bass,Lacey Schwimmer,Singer/Rapper,Mississippi,United States,29,7,3rd Place,3,3,3,22.0,7.333333333333333,99,0,Percentage
Lance Bass,Lacey Schwimmer,Singer/Rapper,Mississippi,United States,29,7,3rd Place,3,4,3,26.0,8.666666666666666,99,0,Percentage
Lance Bass,Lacey Schwimmer,Singer/Rapper,Mississippi,United States,29,7,3rd Place,3,5,3,21.0,7.0,99,0,Percentage
Lance Bass,Lacey Schwimmer,Singer/Rapper,Mississippi,United States,29,7,3rd Place,3,6,3,27.0,9.0,99,0,Percentage
Lance Bass,Lacey Schwimmer,Singer/Rapper,Mississippi,United States,29,7,3rd Place,3,7,3,25.0,8.333333333333334,99,0,Percentage
Lance Bass,Lacey Schwimmer,Singer/Rapper,Mississippi,United States,29,7,3rd Place,3,8,3,25.0,8.333333333333334,99,0,Percentage
Lance Bass,Lacey Schwimmer,Singer/Rapper,Mississippi,United States,29,7,3rd Place,3,9,3,28.5,9.5,99,0,Percentage
Lance Bass,Lacey Schwimmer,Singer/Rapper,Mississippi,United States,29,7,3rd Place,3,10,3,27.5,9.166666666666666,99,0,Percentage
Laurie Hernandez,Valentin Chmerkovskiy,Athlete,New Jersey,United States,16,23,1st Place,1,1,4,31.0,7.75,99,0,Percentage
Laurie Hernandez,Valentin Chmerkovskiy,Athlete,New Jersey,United States,16,23,1st Place,1,2,4,32.0,8.0,99,0,Percentage
Laurie Hernandez,Valentin Chmerkovskiy,Athlete,New Jersey,United States,16,23,1st Place,1,3,4,31.0,7.75,99,0,Percentage
Laurie Hernandez,Valentin Chmerkovskiy,Athlete,New Jersey,United States,16,23,1st Place,1,4,3,30.0,10.0,99,0,Percentage
Laurie Hernandez,Valentin Chmerkovskiy,Athlete,New Jersey,United States,16,23,1st Place,1,5,3,25.0,8.333333333333334,99,0,Percentage
Laurie Hernandez,Valentin Chmerkovskiy,Athlete,New Jersey,United States,16,23,1st Place,1,6,4,37.0,9.25,99,0,Percentage
Laurie Hernandez,Valentin Chmerkovskiy,Athlete,New Jersey,United States,16,23,1st Place,1,7,4,34.5,8.625,99,0,Percentage
Laurie Hernandez,Valentin Chmerkovskiy,Athlete,New Jersey,United States,16,23,1st Place,1,8,3,33.0,11.0,99,0,Percentage
Laurie Hernandez,Valentin Chmerkovskiy,Athlete,New Jersey,United States,16,23,1st Place,1,9,4,40.0,10.0,99,0,Percentage
Laurie Hernandez,Valentin Chmerkovskiy,Athlete,New Jersey,United States,16,23,1st Place,1,10,3,30.0,10.0,99,0,Percentage
Laurie Hernandez,Valentin Chmerkovskiy,Athlete,New Jersey,United States,16,23,1st Place,1,11,4,39.333200000000005,9.833300000000001,99,0,Percentage
Lawrence Taylor,Edyta Sliwinska,Athlete,Virginia,United States,50,8,Eliminated Week 7,7,1,3,16.0,5.333333333333333,7,0,Percentage
Lawrence Taylor,Edyta Sliwinska,Athlete,Virginia,United States,50,8,Eliminated Week 7,7,2,3,20.0,6.666666666666667,7,0,Percentage
Lawrence Taylor,Edyta Sliwinska,Athlete,Virginia,United States,50,8,Eliminated Week 7,7,3,3,20.0,6.666666666666667,7,0,Percentage
Lawrence Taylor,Edyta Sliwinska,Athlete,Virginia,United States,50,8,Eliminated Week 7,7,4,3,19.0,6.333333333333333,7,0,Percentage
Lawrence Taylor,Edyta Sliwinska,Athlete,Virginia,United States,50,8,Eliminated Week 7,7,5,3,20.0,6.666666666666667,7,0,Percentage
Lawrence Taylor,Edyta Sliwinska,Athlete,Virginia,United States,50,8,Eliminated Week 7,7,6,3,22.0,7.333333333333333,7,0,Percentage
Lawrence Taylor,Edyta Sliwinska,Athlete,Virginia,United States,50,8,Eliminated Week 7,7,7,3,21.0,7.0,7,1,Percentage
Lawrence Taylor,Edyta Sliwinska,Athlete,Virginia,United States,50,8,Eliminated Week 7,7,8,3,0.0,0.0,7,0,Percentage
Lawrence Taylor,Edyta Sliwinska,Athlete,Virginia,United States,50,8,Eliminated Week 7,7,9,3,0.0,0.0,7,0,Percentage
Lawrence Taylor,Edyta Sliwinska,Athlete,Virginia,United States,50,8,Eliminated Week 7,7,10,3,0.0,0.0,7,0,Percentage
Lawrence Taylor,Edyta Sliwinska,Athlete,Virginia,United States,50,8,Eliminated Week 7,7,11,3,0.0,0.0,7,0,Percentage
Lea Thompson,Artem Chigvintsev,Actor/Actress,Minnesota,United States,53,19,Eliminated Week 9,6,1,4,32.0,8.0,9,0,Percentage
Lea Thompson,Artem Chigvintsev,Actor/Actress,Minnesota,United States,53,19,Eliminated Week 9,6,2,4,35.0,8.75,9,0,Percentage
Lea Thompson,Artem Chigvintsev,Actor/Actress,Minnesota,United States,53,19,Eliminated Week 9,6,3,4,31.0,7.75,9,0,Percentage
Lea Thompson,Artem Chigvintsev,Actor/Actress,Minnesota,United States,53,19,Eliminated Week 9,6,4,4,39.0,9.75,9,0,Percentage
Lea Thompson,Artem Chigvintsev,Actor/Actress,Minnesota,United States,53,19,Eliminated Week 9,6,5,4,34.0,8.5,9,0,Percentage
Lea Thompson,Artem Chigvintsev,Actor/Actress,Minnesota,United States,53,19,Eliminated Week 9,6,6,4,32.0,8.0,9,0,Percentage
Lea Thompson,Artem Chigvintsev,Actor/Actress,Minnesota,United States,53,19,Eliminated Week 9,6,7,4,35.0,8.75,9,0,Percentage
Lea Thompson,Artem Chigvintsev,Actor/Actress,Minnesota,United States,53,19,Eliminated Week 9,6,8,4,32.0,8.0,9,0,Percentage
Lea Thompson,Artem Chigvintsev,Actor/Actress,Minnesota,United States,53,19,Eliminated Week 9,6,9,4,35.0,8.75,9,1,Percentage
Lea Thompson,Artem Chigvintsev,Actor/Actress,Minnesota,United States,53,19,Eliminated Week 9,6,10,4,0.0,0.0,9,0,Percentage
Lea Thompson,Artem Chigvintsev,Actor/Actress,Minnesota,United States,53,19,Eliminated Week 9,6,11,4,0.0,0.0,9,0,Percentage
Leah Remini,Tony Dovolani,Actor/Actress,New York,United States,43,17,Eliminated Week 10,5,1,3,21.0,7.0,10,0,Percentage
Leah Remini,Tony Dovolani,Actor/Actress,New York,United States,43,17,Eliminated Week 10,5,2,3,24.0,8.0,10,0,Percentage
Leah Remini,Tony Dovolani,Actor/Actress,New York,United States,43,17,Eliminated Week 10,5,3,3,24.0,8.0,10,0,Percentage
Leah Remini,Tony Dovolani,Actor/Actress,New York,United States,43,17,Eliminated Week 10,5,4,3,24.0,8.0,10,0,Percentage
Leah Remini,Tony Dovolani,Actor/Actress,New York,United States,43,17,Eliminated Week 10,5,5,3,22.0,7.333333333333333,10,0,Percentage
Leah Remini,Tony Dovolani,Actor/Actress,New York,United States,43,17,Eliminated Week 10,5,6,3,27.999899999999997,9.3333,10,0,Percentage
Leah Remini,Tony Dovolani,Actor/Actress,New York,United States,43,17,Eliminated Week 10,5,7,3,26.5,8.833333333333334,10,0,Percentage
Leah Remini,Tony Dovolani,Actor/Actress,New York,United States,43,17,Eliminated Week 10,5,8,3,28.0,9.333333333333334,10,0,Percentage
Leah Remini,Tony Dovolani,Actor/Actress,New York,United States,43,17,Eliminated Week 10,5,9,3,27.0,9.0,10,0,Percentage
Leah Remini,Tony Dovolani,Actor/Actress,New York,United States,43,17,Eliminated Week 10,5,10,4,32.5,8.125,10,1,Percentage
Leah Remini,Tony Dovolani,Actor/Actress,New York,United States,43,17,Eliminated Week 10,5,11,3,0.0,0.0,10,0,Percentage
Leeza Gibbons,Tony Dovolani,TV Personality,South Carolina,United States,50,4,Eliminated Week 4,9,1,3,15.0,5.0,4,0,Percentage
Leeza Gibbons,Tony Dovolani,TV Personality,South Carolina,United States,50,4,Eliminated Week 4,9,2,3,21.0,7.0,4,0,Percentage
Leeza Gibbons,Tony Dovolani,TV Personality,South Carolina,United States,50,4,Eliminated Week 4,9,3,3,24.0,8.0,4,0,Percentage
Leeza Gibbons,Tony Dovolani,TV Personality,South Carolina,United States,50,4,Eliminated Week 4,9,4,3,16.0,5.333333333333333,4,1,Percentage
Leeza Gibbons,Tony Dovolani,TV Personality,South Carolina,United States,50,4,Eliminated Week 4,9,5,3,0.0,0.0,4,0,Percentage
Leeza Gibbons,Tony Dovolani,TV Personality,South Carolina,United States,50,4,Eliminated Week 4,9,6,3,0.0,0.0,4,0,Percentage
Leeza Gibbons,Tony Dovolani,TV Personality,South Carolina,United States,50,4,Eliminated Week 4,9,7,3,0.0,0.0,4,0,Percentage
Leeza Gibbons,Tony Dovolani,TV Personality,South Carolina,United States,50,4,Eliminated Week 4,9,8,3,0.0,0.0,4,0,Percentage
Leeza Gibbons,Tony Dovolani,TV Personality,South Carolina,United States,50,4,Eliminated Week 4,9,9,3,0.0,0.0,4,0,Percentage
Leeza Gibbons,Tony Dovolani,TV Personality,South Carolina,United States,50,4,Eliminated Week 4,9,10,3,0.0,0.0,4,0,Percentage
Lil' Kim,Derek Hough,Singer/Rapper,New York,United States,34,8,Eliminated Week 9,5,1,3,21.0,7.0,9,0,Percentage
Lil' Kim,Derek Hough,Singer/Rapper,New York,United States,34,8,Eliminated Week 9,5,2,3,23.0,7.666666666666667,9,0,Percentage
Lil' Kim,Derek Hough,Singer/Rapper,New York,United States,34,8,Eliminated Week 9,5,3,3,25.0,8.333333333333334,9,0,Percentage
Lil' Kim,Derek Hough,Singer/Rapper,New York,United States,34,8,Eliminated Week 9,5,4,3,27.0,9.0,9,0,Percentage
Lil' Kim,Derek Hough,Singer/Rapper,New York,United States,34,8,Eliminated Week 9,5,5,3,26.0,8.666666666666666,9,0,Percentage
Lil' Kim,Derek Hough,Singer/Rapper,New York,United States,34,8,Eliminated Week 9,5,6,3,28.0,9.333333333333334,9,0,Percentage
Lil' Kim,Derek Hough,Singer/Rapper,New York,United States,34,8,Eliminated Week 9,5,7,3,26.0,8.666666666666666,9,0,Percentage
Lil' Kim,Derek Hough,Singer/Rapper,New York,United States,34,8,Eliminated Week 9,5,8,3,28.0,9.333333333333334,9,0,Percentage
Lil' Kim,Derek Hough,Singer/Rapper,New York,United States,34,8,Eliminated Week 9,5,9,3,26.0,8.666666666666666,9,1,Percentage
Lil' Kim,Derek Hough,Singer/Rapper,New York,United States,34,8,Eliminated Week 9,5,10,3,0.0,0.0,9,0,Percentage
Lil' Kim,Derek Hough,Singer/Rapper,New York,United States,34,8,Eliminated Week 9,5,11,3,0.0,0.0,9,0,Percentage
Lindsey Stirling,Mark Ballas,Musician,California,United States,31,25,2nd Place,2,1,3,22.0,7.333333333333333,99,0,Percentage
Lindsey Stirling,Mark Ballas,Musician,California,United States,31,25,2nd Place,2,2,3,22.5,7.5,99,0,Percentage
Lindsey Stirling,Mark Ballas,Musician,California,United States,31,25,2nd Place,2,3,3,27.0,9.0,99,0,Percentage
Lindsey Stirling,Mark Ballas,Musician,California,United States,31,25,2nd Place,2,4,3,26.0,8.666666666666666,99,0,Percentage
Lindsey Stirling,Mark Ballas,Musician,California,United States,31,25,2nd Place,2,5,3,28.0,9.333333333333334,99,0,Percentage
Lindsey Stirling,Mark Ballas,Musician,California,United States,31,25,2nd Place,2,6,4,40.0,10.0,99,0,Percentage
Lindsey Stirling,Mark Ballas,Musician,California,United States,31,25,2nd Place,2,7,3,25.5,8.5,99,0,Percentage
Lindsey Stirling,Mark Ballas,Musician,California,United States,31,25,2nd Place,2,8,3,27.0,9.0,99,0,Percentage
Lindsey Stirling,Mark Ballas,Musician,California,United States,31,25,2nd Place,2,9,3,28.5,9.5,99,0,Percentage
Lindsey Stirling,Mark Ballas,Musician,California,United States,31,25,2nd Place,2,10,4,40.0,10.0,99,0,Percentage
Lolo Jones,Keo Motsepe,Athlete,Iowa,United States,32,19,Eliminated Week 1,13,1,4,22.0,5.5,1,1,Percentage
Lolo Jones,Keo Motsepe,Athlete,Iowa,United States,32,19,Eliminated Week 1,13,2,4,0.0,0.0,1,0,Percentage
Lolo Jones,Keo Motsepe,Athlete,Iowa,United States,32,19,Eliminated Week 1,13,3,4,0.0,0.0,1,0,Percentage
Lolo Jones,Keo Motsepe,Athlete,Iowa,United States,32,19,Eliminated Week 1,13,4,4,0.0,0.0,1,0,Percentage
Lolo Jones,Keo Motsepe,Athlete,Iowa,United States,32,19,Eliminated Week 1,13,5,4,0.0,0.0,1,0,Percentage
Lolo Jones,Keo Motsepe,Athlete,Iowa,United States,32,19,Eliminated Week 1,13,6,4,0.0,0.0,1,0,Percentage
Lolo Jones,Keo Motsepe,Athlete,Iowa,United States,32,19,Eliminated Week 1,13,7,4,0.0,0.0,1,0,Percentage
Lolo Jones,Keo Motsepe,Athlete,Iowa,United States,32,19,Eliminated Week 1,13,8,4,0.0,0.0,1,0,Percentage
Lolo Jones,Keo Motsepe,Athlete,Iowa,United States,32,19,Eliminated Week 1,13,9,4,0.0,0.0,1,0,Percentage
Lolo Jones,Keo Motsepe,Athlete,Iowa,United States,32,19,Eliminated Week 1,13,10,4,0.0,0.0,1,0,Percentage
Lolo Jones,Keo Motsepe,Athlete,Iowa,United States,32,19,Eliminated Week 1,13,11,4,0.0,0.0,1,0,Percentage
Louie Vito,Chelsie Hightower,Athlete,Ohio,United States,21,9,Eliminated Week 6,8,1,3,26.9998,8.999933333333333,6,0,Percentage
Louie Vito,Chelsie Hightower,Athlete,Ohio,United States,21,9,Eliminated Week 6,8,2,3,19.0,6.333333333333333,6,0,Percentage
Louie Vito,Chelsie Hightower,Athlete,Ohio,United States,21,9,Eliminated Week 6,8,3,3,20.0,6.666666666666667,6,0,Percentage
Louie Vito,Chelsie Hightower,Athlete,Ohio,United States,21,9,Eliminated Week 6,8,4,3,16.0,5.333333333333333,6,0,Percentage
Louie Vito,Chelsie Hightower,Athlete,Ohio,United States,21,9,Eliminated Week 6,8,5,3,22.0,7.333333333333333,6,0,Percentage
Louie Vito,Chelsie Hightower,Athlete,Ohio,United States,21,9,Eliminated Week 6,8,6,3,24.0,8.0,6,1,Percentage
Louie Vito,Chelsie Hightower,Athlete,Ohio,United States,21,9,Eliminated Week 6,8,7,3,0.0,0.0,6,0,Percentage
Louie Vito,Chelsie Hightower,Athlete,Ohio,United States,21,9,Eliminated Week 6,8,8,3,0.0,0.0,6,0,Percentage
Louie Vito,Chelsie Hightower,Athlete,Ohio,United States,21,9,Eliminated Week 6,8,9,3,0.0,0.0,6,0,Percentage
Louie Vito,Chelsie Hightower,Athlete,Ohio,United States,21,9,Eliminated Week 6,8,10,3,0.0,0.0,6,0,Percentage
Macy Gray,Jonathan Roberts,Singer/Rapper,Ohio,United States,42,9,Eliminated Week 1,15,1,3,18.9999,6.3333,1,1,Percentage
Macy Gray,Jonathan Roberts,Singer/Rapper,Ohio,United States,42,9,Eliminated Week 1,15,2,3,0.0,0.0,1,0,Percentage
Macy Gray,Jonathan Roberts,Singer/Rapper,Ohio,United States,42,9,Eliminated Week 1,15,3,3,0.0,0.0,1,0,Percentage
Macy Gray,Jonathan Roberts,Singer/Rapper,Ohio,United States,42,9,Eliminated Week 1,15,4,3,0.0,0.0,1,0,Percentage
Macy Gray,Jonathan Roberts,Singer/Rapper,Ohio,United States,42,9,Eliminated Week 1,15,5,3,0.0,0.0,1,0,Percentage
Macy Gray,Jonathan Roberts,Singer/Rapper,Ohio,United States,42,9,Eliminated Week 1,15,6,3,0.0,0.0,1,0,Percentage
Macy Gray,Jonathan Roberts,Singer/Rapper,Ohio,United States,42,9,Eliminated Week 1,15,7,3,0.0,0.0,1,0,Percentage
Macy Gray,Jonathan Roberts,Singer/Rapper,Ohio,United States,42,9,Eliminated Week 1,15,8,3,0.0,0.0,1,0,Percentage
Macy Gray,Jonathan Roberts,Singer/Rapper,Ohio,United States,42,9,Eliminated Week 1,15,9,3,0.0,0.0,1,0,Percentage
Macy Gray,Jonathan Roberts,Singer/Rapper,Ohio,United States,42,9,Eliminated Week 1,15,10,3,0.0,0.0,1,0,Percentage
Margaret Cho,Louis van Amstel,Comedian,California,United States,41,11,Eliminated Week 3,10,1,3,15.0,5.0,3,0,Percentage
Margaret Cho,Louis van Amstel,Comedian,California,United States,41,11,Eliminated Week 3,10,2,3,18.0,6.0,3,0,Percentage
Margaret Cho,Louis van Amstel,Comedian,California,United States,41,11,Eliminated Week 3,10,3,3,18.0,6.0,3,1,Percentage
Margaret Cho,Louis van Amstel,Comedian,California,United States,41,11,Eliminated Week 3,10,4,3,0.0,0.0,3,0,Percentage
Margaret Cho,Louis van Amstel,Comedian,California,United States,41,11,Eliminated Week 3,10,5,3,0.0,0.0,3,0,Percentage
Margaret Cho,Louis van Amstel,Comedian,California,United States,41,11,Eliminated Week 3,10,6,3,0.0,0.0,3,0,Percentage
Margaret Cho,Louis van Amstel,Comedian,California,United States,41,11,Eliminated Week 3,10,7,4,0.0,0.0,3,0,Percentage
Margaret Cho,Louis van Amstel,Comedian,California,United States,41,11,Eliminated Week 3,10,8,3,0.0,0.0,3,0,Percentage
Margaret Cho,Louis van Amstel,Comedian,California,United States,41,11,Eliminated Week 3,10,9,3,0.0,0.0,3,0,Percentage
Margaret Cho,Louis van Amstel,Comedian,California,United States,41,11,Eliminated Week 3,10,10,3,0.0,0.0,3,0,Percentage
Maria Menounos,Derek Hough,TV Personality,Massachusetts,United States,33,14,Eliminated Week 9,4,1,3,21.0,7.0,9,0,Percentage
Maria Menounos,Derek Hough,TV Personality,Massachusetts,United States,33,14,Eliminated Week 9,4,2,3,25.0,8.333333333333334,9,0,Percentage
Maria Menounos,Derek Hough,TV Personality,Massachusetts,United States,33,14,Eliminated Week 9,4,3,3,27.0,9.0,9,0,Percentage
Maria Menounos,Derek Hough,TV Personality,Massachusetts,United States,33,14,Eliminated Week 9,4,4,3,26.0,8.666666666666666,9,0,Percentage
Maria Menounos,Derek Hough,TV Personality,Massachusetts,United States,33,14,Eliminated Week 9,4,5,3,27.0,9.0,9,0,Percentage
Maria Menounos,Derek Hough,TV Personality,Massachusetts,United States,33,14,Eliminated Week 9,4,6,3,29.999899999999997,9.999966666666666,9,0,Percentage
Maria Menounos,Derek Hough,TV Personality,Massachusetts,United States,33,14,Eliminated Week 9,4,7,3,28.5,9.5,9,0,Percentage
Maria Menounos,Derek Hough,TV Personality,Massachusetts,United States,33,14,Eliminated Week 9,4,8,3,26.5,8.833333333333334,9,0,Percentage
Maria Menounos,Derek Hough,TV Personality,Massachusetts,United States,33,14,Eliminated Week 9,4,9,3,29.5,9.833333333333334,9,1,Percentage
Maria Menounos,Derek Hough,TV Personality,Massachusetts,United States,33,14,Eliminated Week 9,4,10,3,0.0,0.0,9,0,Percentage
Marie Osmond,Jonathan Roberts,Singer/Rapper,Utah,United States,47,5,3rd Place,3,1,3,21.0,7.0,99,0,Percentage
Marie Osmond,Jonathan Roberts,Singer/Rapper,Utah,United States,47,5,3rd Place,3,2,3,24.0,8.0,99,0,Percentage
Marie Osmond,Jonathan Roberts,Singer/Rapper,Utah,United States,47,5,3rd Place,3,3,3,26.0,8.666666666666666,99,0,Percentage
Marie Osmond,Jonathan Roberts,Singer/Rapper,Utah,United States,47,5,3rd Place,3,4,3,26.0,8.666666666666666,99,0,Percentage
Marie Osmond,Jonathan Roberts,Singer/Rapper,Utah,United States,47,5,3rd Place,3,5,3,21.0,7.0,99,0,Percentage
Marie Osmond,Jonathan Roberts,Singer/Rapper,Utah,United States,47,5,3rd Place,3,6,3,23.0,7.666666666666667,99,0,Percentage
Marie Osmond,Jonathan Roberts,Singer/Rapper,Utah,United States,47,5,3rd Place,3,7,3,26.0,8.666666666666666,99,0,Percentage
Marie Osmond,Jonathan Roberts,Singer/Rapper,Utah,United States,47,5,3rd Place,3,8,3,24.5,8.166666666666666,99,0,Percentage
Marie Osmond,Jonathan Roberts,Singer/Rapper,Utah,United States,47,5,3rd Place,3,9,3,28.0,9.333333333333334,99,0,Percentage
Marie Osmond,Jonathan Roberts,Singer/Rapper,Utah,United States,47,5,3rd Place,3,10,3,23.0,7.666666666666667,99,0,Percentage
Marilu Henner,Derek Hough,Actor/Actress,Illinois,United States,64,23,Eliminated Week 9,6,1,4,27.0,6.75,9,0,Percentage
Marilu Henner,Derek Hough,Actor/Actress,Illinois,United States,64,23,Eliminated Week 9,6,2,4,27.0,6.75,9,0,Percentage
Marilu Henner,Derek Hough,Actor/Actress,Illinois,United States,64,23,Eliminated Week 9,6,3,4,28.0,7.0,9,0,Percentage
Marilu Henner,Derek Hough,Actor/Actress,Illinois,United States,64,23,Eliminated Week 9,6,4,3,21.0,7.0,9,0,Percentage
Marilu Henner,Derek Hough,Actor/Actress,Illinois,United States,64,23,Eliminated Week 9,6,5,3,27.0,9.0,9,0,Percentage
Marilu Henner,Derek Hough,Actor/Actress,Illinois,United States,64,23,Eliminated Week 9,6,6,4,34.0,8.5,9,0,Percentage
Marilu Henner,Derek Hough,Actor/Actress,Illinois,United States,64,23,Eliminated Week 9,6,7,4,32.0,8.0,9,0,Percentage
Marilu Henner,Derek Hough,Actor/Actress,Illinois,United States,64,23,Eliminated Week 9,6,8,3,23.0,7.666666666666667,9,0,Percentage
Marilu Henner,Derek Hough,Actor/Actress,Illinois,United States,64,23,Eliminated Week 9,6,9,4,36.0,9.0,9,1,Percentage
Marilu Henner,Derek Hough,Actor/Actress,Illinois,United States,64,23,Eliminated Week 9,6,10,3,0.0,0.0,9,0,Percentage
Marilu Henner,Derek Hough,Actor/Actress,Illinois,United States,64,23,Eliminated Week 9,6,11,4,0.0,0.0,9,0,Percentage
Mario,Karina Smirnoff,Singer/Rapper,Maryland,United States,21,6,Eliminated Week 8,5,1,3,24.0,8.0,8,0,Percentage
Mario,Karina Smirnoff,Singer/Rapper,Maryland,United States,21,6,Eliminated Week 8,5,2,3,26.0,8.666666666666666,8,0,Percentage
Mario,Karina Smirnoff,Singer/Rapper,Maryland,United States,21,6,Eliminated Week 8,5,3,3,21.0,7.0,8,0,Percentage
Mario,Karina Smirnoff,Singer/Rapper,Maryland,United States,21,6,Eliminated Week 8,5,4,3,24.0,8.0,8,0,Percentage
Mario,Karina Smirnoff,Singer/Rapper,Maryland,United States,21,6,Eliminated Week 8,5,5,3,27.0,9.0,8,0,Percentage
Mario,Karina Smirnoff,Singer/Rapper,Maryland,United States,21,6,Eliminated Week 8,5,6,3,28.0,9.333333333333334,8,0,Percentage
Mario,Karina Smirnoff,Singer/Rapper,Maryland,United States,21,6,Eliminated Week 8,5,7,3,25.5,8.5,8,0,Percentage
Mario,Karina Smirnoff,Singer/Rapper,Maryland,United States,21,6,Eliminated Week 8,5,8,3,26.5,8.833333333333334,8,1,Percentage
Mario,Karina Smirnoff,Singer/Rapper,Maryland,United States,21,6,Eliminated Week 8,5,9,3,0.0,0.0,8,0,Percentage
Mario,Karina Smirnoff,Singer/Rapper,Maryland,United States,21,6,Eliminated Week 8,5,10,3,0.0,0.0,8,0,Percentage
Mario Lopez,Karina Smirnoff,Actor/Actress,California,United States,32,3,2nd Place,2,1,3,26.0,8.666666666666666,99,0,Percentage
Mario Lopez,Karina Smirnoff,Actor/Actress,California,United States,32,3,2nd Place,2,2,3,21.0,7.0,99,0,Percentage
Mario Lopez,Karina Smirnoff,Actor/Actress,California,United States,32,3,2nd Place,2,3,3,22.0,7.333333333333333,99,0,Percentage
Mario Lopez,Karina Smirnoff,Actor/Actress,California,United States,32,3,2nd Place,2,4,3,29.0,9.666666666666666,99,0,Percentage
Mario Lopez,Karina Smirnoff,Actor/Actress,California,United States,32,3,2nd Place,2,5,3,27.0,9.0,99,0,Percentage
Mario Lopez,Karina Smirnoff,Actor/Actress,California,United States,32,3,2nd Place,2,6,3,28.0,9.333333333333334,99,0,Percentage
Mario Lopez,Karina Smirnoff,Actor/Actress,California,United States,32,3,2nd Place,2,7,3,28.0,9.333333333333334,99,0,Percentage
Mario Lopez,Karina Smirnoff,Actor/Actress,California,United States,32,3,2nd Place,2,8,3,28.5,9.5,99,0,Percentage
Mario Lopez,Karina Smirnoff,Actor/Actress,California,United States,32,3,2nd Place,2,9,3,29.5,9.833333333333334,99,0,Percentage
Mario Lopez,Karina Smirnoff,Actor/Actress,California,United States,32,3,2nd Place,2,10,3,29.666600000000003,9.888866666666667,99,0,Percentage
Marissa Jaret Winokur,Tony Dovolani,Actor/Actress,New York,United States,35,6,Eliminated Week 9,4,1,3,18.0,6.0,9,0,Percentage
Marissa Jaret Winokur,Tony Dovolani,Actor/Actress,New York,United States,35,6,Eliminated Week 9,4,2,3,21.0,7.0,9,0,Percentage
Marissa Jaret Winokur,Tony Dovolani,Actor/Actress,New York,United States,35,6,Eliminated Week 9,4,3,3,19.0,6.333333333333333,9,0,Percentage
Marissa Jaret Winokur,Tony Dovolani,Actor/Actress,New York,United States,35,6,Eliminated Week 9,4,4,3,24.0,8.0,9,0,Percentage
Marissa Jaret Winokur,Tony Dovolani,Actor/Actress,New York,United States,35,6,Eliminated Week 9,4,5,3,24.0,8.0,9,0,Percentage
Marissa Jaret Winokur,Tony Dovolani,Actor/Actress,New York,United States,35,6,Eliminated Week 9,4,6,3,26.0,8.666666666666666,9,0,Percentage
Marissa Jaret Winokur,Tony Dovolani,Actor/Actress,New York,United States,35,6,Eliminated Week 9,4,7,3,26.0,8.666666666666666,9,0,Percentage
Marissa Jaret Winokur,Tony Dovolani,Actor/Actress,New York,United States,35,6,Eliminated Week 9,4,8,3,25.0,8.333333333333334,9,0,Percentage
Marissa Jaret Winokur,Tony Dovolani,Actor/Actress,New York,United States,35,6,Eliminated Week 9,4,9,3,26.0,8.666666666666666,9,1,Percentage
Marissa Jaret Winokur,Tony Dovolani,Actor/Actress,New York,United States,35,6,Eliminated Week 9,4,10,3,0.0,0.0,9,0,Percentage
Mark Cuban,Kym Johnson,TV Personality,Pennsylvania,United States,49,5,Eliminated Week 5,8,1,3,21.0,7.0,5,0,Percentage
Mark Cuban,Kym Johnson,TV Personality,Pennsylvania,United States,49,5,Eliminated Week 5,8,2,3,18.0,6.0,5,0,Percentage
Mark Cuban,Kym Johnson,TV Personality,Pennsylvania,United States,49,5,Eliminated Week 5,8,3,3,20.0,6.666666666666667,5,0,Percentage
Mark Cuban,Kym Johnson,TV Personality,Pennsylvania,United States,49,5,Eliminated Week 5,8,4,3,22.0,7.333333333333333,5,0,Percentage
Mark Cuban,Kym Johnson,TV Personality,Pennsylvania,United States,49,5,Eliminated Week 5,8,5,3,21.0,7.0,5,1,Percentage
Mark Cuban,Kym Johnson,TV Personality,Pennsylvania,United States,49,5,Eliminated Week 5,8,6,3,0.0,0.0,5,0,Percentage
Mark Cuban,Kym Johnson,TV Personality,Pennsylvania,United States,49,5,Eliminated Week 5,8,7,3,0.0,0.0,5,0,Percentage
Mark Cuban,Kym Johnson,TV Personality,Pennsylvania,United States,49,5,Eliminated Week 5,8,8,3,0.0,0.0,5,0,Percentage
Mark Cuban,Kym Johnson,TV Personality,Pennsylvania,United States,49,5,Eliminated Week 5,8,9,3,0.0,0.0,5,0,Percentage
Mark Cuban,Kym Johnson,TV Personality,Pennsylvania,United States,49,5,Eliminated Week 5,8,10,3,0.0,0.0,5,0,Percentage
Mark Dacascos,Lacey Schwimmer,Actor/Actress,Hawaii,United States,45,9,Eliminated Week 7,6,1,3,28.9998,9.6666,7,0,Percentage
Mark Dacascos,Lacey Schwimmer,Actor/Actress,Hawaii,United States,45,9,Eliminated Week 7,6,2,3,21.0,7.0,7,0,Percentage
Mark Dacascos,Lacey Schwimmer,Actor/Actress,Hawaii,United States,45,9,Eliminated Week 7,6,3,3,18.0,6.0,7,0,Percentage
Mark Dacascos,Lacey Schwimmer,Actor/Actress,Hawaii,United States,45,9,Eliminated Week 7,6,4,3,22.0,7.333333333333333,7,0,Percentage
Mark Dacascos,Lacey Schwimmer,Actor/Actress,Hawaii,United States,45,9,Eliminated Week 7,6,5,3,26.0,8.666666666666666,7,0,Percentage
Mark Dacascos,Lacey Schwimmer,Actor/Actress,Hawaii,United States,45,9,Eliminated Week 7,6,6,3,32.0,10.666666666666666,7,0,Percentage
Mark Dacascos,Lacey Schwimmer,Actor/Actress,Hawaii,United States,45,9,Eliminated Week 7,6,7,3,21.5,7.166666666666667,7,1,Percentage
Mark Dacascos,Lacey Schwimmer,Actor/Actress,Hawaii,United States,45,9,Eliminated Week 7,6,8,3,0.0,0.0,7,0,Percentage
Mark Dacascos,Lacey Schwimmer,Actor/Actress,Hawaii,United States,45,9,Eliminated Week 7,6,9,3,0.0,0.0,7,0,Percentage
Mark Dacascos,Lacey Schwimmer,Actor/Actress,Hawaii,United States,45,9,Eliminated Week 7,6,10,3,0.0,0.0,7,0,Percentage
Marla Maples,Tony Dovolani,TV Personality,Georgia,United States,52,22,Eliminated Week 4,10,1,3,21.0,7.0,4,0,Percentage
Marla Maples,Tony Dovolani,TV Personality,Georgia,United States,52,22,Eliminated Week 4,10,2,3,20.0,6.666666666666667,4,0,Percentage
Marla Maples,Tony Dovolani,TV Personality,Georgia,United States,52,22,Eliminated Week 4,10,3,3,21.0,7.0,4,0,Percentage
Marla Maples,Tony Dovolani,TV Personality,Georgia,United States,52,22,Eliminated Week 4,10,4,4,28.0,7.0,4,1,Percentage
Marla Maples,Tony Dovolani,TV Personality,Georgia,United States,52,22,Eliminated Week 4,10,5,4,0.0,0.0,4,0,Percentage
Marla Maples,Tony Dovolani,TV Personality,Georgia,United States,52,22,Eliminated Week 4,10,6,3,0.0,0.0,4,0,Percentage
Marla Maples,Tony Dovolani,TV Personality,Georgia,United States,52,22,Eliminated Week 4,10,7,3,0.0,0.0,4,0,Percentage
Marla Maples,Tony Dovolani,TV Personality,Georgia,United States,52,22,Eliminated Week 4,10,8,3,0.0,0.0,4,0,Percentage
Marla Maples,Tony Dovolani,TV Personality,Georgia,United States,52,22,Eliminated Week 4,10,9,3,0.0,0.0,4,0,Percentage
Marla Maples,Tony Dovolani,TV Personality,Georgia,United States,52,22,Eliminated Week 4,10,10,3,0.0,0.0,4,0,Percentage
Marlee Matlin,Fabian Sanchez,Actor/Actress,Illinois,United States,42,6,Eliminated Week 6,7,1,3,22.0,7.333333333333333,6,0,Percentage
Marlee Matlin,Fabian Sanchez,Actor/Actress,Illinois,United States,42,6,Eliminated Week 6,7,2,3,24.0,8.0,6,0,Percentage
Marlee Matlin,Fabian Sanchez,Actor/Actress,Illinois,United States,42,6,Eliminated Week 6,7,3,3,21.0,7.0,6,0,Percentage
Marlee Matlin,Fabian Sanchez,Actor/Actress,Illinois,United States,42,6,Eliminated Week 6,7,4,3,24.0,8.0,6,0,Percentage
Marlee Matlin,Fabian Sanchez,Actor/Actress,Illinois,United States,42,6,Eliminated Week 6,7,5,3,22.0,7.333333333333333,6,0,Percentage
Marlee Matlin,Fabian Sanchez,Actor/Actress,Illinois,United States,42,6,Eliminated Week 6,7,6,3,21.0,7.0,6,1,Percentage
Marlee Matlin,Fabian Sanchez,Actor/Actress,Illinois,United States,42,6,Eliminated Week 6,7,7,3,0.0,0.0,6,0,Percentage
Marlee Matlin,Fabian Sanchez,Actor/Actress,Illinois,United States,42,6,Eliminated Week 6,7,8,3,0.0,0.0,6,0,Percentage
Marlee Matlin,Fabian Sanchez,Actor/Actress,Illinois,United States,42,6,Eliminated Week 6,7,9,3,0.0,0.0,6,0,Percentage
Marlee Matlin,Fabian Sanchez,Actor/Actress,Illinois,United States,42,6,Eliminated Week 6,7,10,3,0.0,0.0,6,0,Percentage
Mary Lou Retton,Sasha Farber,Athlete,West Virginia,United States,50,27,Eliminated Week 6,9,1,3,20.0,6.666666666666667,6,0,Percentage
Mary Lou Retton,Sasha Farber,Athlete,West Virginia,United States,50,27,Eliminated Week 6,9,2,3,23.0,7.666666666666667,6,0,Percentage
Mary Lou Retton,Sasha Farber,Athlete,West Virginia,United States,50,27,Eliminated Week 6,9,3,3,24.0,8.0,6,0,Percentage
Mary Lou Retton,Sasha Farber,Athlete,West Virginia,United States,50,27,Eliminated Week 6,9,4,3,26.0,8.666666666666666,6,0,Percentage
Mary Lou Retton,Sasha Farber,Athlete,West Virginia,United States,50,27,Eliminated Week 6,9,5,3,25.0,8.333333333333334,6,0,Percentage
Mary Lou Retton,Sasha Farber,Athlete,West Virginia,United States,50,27,Eliminated Week 6,9,6,3,24.0,8.0,6,1,Percentage
Mary Lou Retton,Sasha Farber,Athlete,West Virginia,United States,50,27,Eliminated Week 6,9,7,3,0.0,0.0,6,0,Percentage
Mary Lou Retton,Sasha Farber,Athlete,West Virginia,United States,50,27,Eliminated Week 6,9,8,3,0.0,0.0,6,0,Percentage
Mary Lou Retton,Sasha Farber,Athlete,West Virginia,United States,50,27,Eliminated Week 6,9,9,3,0.0,0.0,6,0,Percentage
Maureen McCormick,Artem Chigvintsev,Actor/Actress,California,United States,60,23,Eliminated Week 7,8,1,4,22.0,5.5,7,0,Percentage
Maureen McCormick,Artem Chigvintsev,Actor/Actress,California,United States,60,23,Eliminated Week 7,8,2,4,26.0,6.5,7,0,Percentage
Maureen McCormick,Artem Chigvintsev,Actor/Actress,California,United States,60,23,Eliminated Week 7,8,3,4,28.0,7.0,7,0,Percentage
Maureen McCormick,Artem Chigvintsev,Actor/Actress,California,United States,60,23,Eliminated Week 7,8,4,3,24.0,8.0,7,0,Percentage
Maureen McCormick,Artem Chigvintsev,Actor/Actress,California,United States,60,23,Eliminated Week 7,8,5,3,24.0,8.0,7,0,Percentage
Maureen McCormick,Artem Chigvintsev,Actor/Actress,California,United States,60,23,Eliminated Week 7,8,6,4,31.0,7.75,7,0,Percentage
Maureen McCormick,Artem Chigvintsev,Actor/Actress,California,United States,60,23,Eliminated Week 7,8,7,4,33.0,8.25,7,1,Percentage
Maureen McCormick,Artem Chigvintsev,Actor/Actress,California,United States,60,23,Eliminated Week 7,8,8,3,0.0,0.0,7,0,Percentage
Maureen McCormick,Artem Chigvintsev,Actor/Actress,California,United States,60,23,Eliminated Week 7,8,9,4,0.0,0.0,7,0,Percentage
Maureen McCormick,Artem Chigvintsev,Actor/Actress,California,United States,60,23,Eliminated Week 7,8,10,3,0.0,0.0,7,0,Percentage
Maureen McCormick,Artem Chigvintsev,Actor/Actress,California,United States,60,23,Eliminated Week 7,8,11,4,0.0,0.0,7,0,Percentage
Maurice Greene,Cheryl Burke,Athlete,Kansas,United States,34,7,Eliminated Week 8,5,1,3,19.5,6.5,8,0,Percentage
Maurice Greene,Cheryl Burke,Athlete,Kansas,United States,34,7,Eliminated Week 8,5,2,3,19.0,6.333333333333333,8,0,Percentage
Maurice Greene,Cheryl Burke,Athlete,Kansas,United States,34,7,Eliminated Week 8,5,3,3,24.0,8.0,8,0,Percentage
Maurice Greene,Cheryl Burke,Athlete,Kansas,United States,34,7,Eliminated Week 8,5,4,3,20.0,6.666666666666667,8,0,Percentage
Maurice Greene,Cheryl Burke,Athlete,Kansas,United States,34,7,Eliminated Week 8,5,5,3,27.0,9.0,8,0,Percentage
Maurice Greene,Cheryl Burke,Athlete,Kansas,United States,34,7,Eliminated Week 8,5,6,3,21.0,7.0,8,0,Percentage
Maurice Greene,Cheryl Burke,Athlete,Kansas,United States,34,7,Eliminated Week 8,5,7,3,25.0,8.333333333333334,8,0,Percentage
Maurice Greene,Cheryl Burke,Athlete,Kansas,United States,34,7,Eliminated Week 8,5,8,3,24.0,8.0,8,1,Percentage
Maurice Greene,Cheryl Burke,Athlete,Kansas,United States,34,7,Eliminated Week 8,5,9,3,0.0,0.0,8,0,Percentage
Maurice Greene,Cheryl Burke,Athlete,Kansas,United States,34,7,Eliminated Week 8,5,10,3,0.0,0.0,8,0,Percentage
Melissa Gilbert,Maksim Chmerkoskiy,Actor/Actress,California,United States,47,14,Eliminated Week 8,5,1,3,20.0,6.666666666666667,8,0,Percentage
Melissa Gilbert,Maksim Chmerkoskiy,Actor/Actress,California,United States,47,14,Eliminated Week 8,5,2,3,20.0,6.666666666666667,8,0,Percentage
Melissa Gilbert,Maksim Chmerkoskiy,Actor/Actress,California,United States,47,14,Eliminated Week 8,5,3,3,24.0,8.0,8,0,Percentage
Melissa Gilbert,Maksim Chmerkoskiy,Actor/Actress,California,United States,47,14,Eliminated Week 8,5,4,3,22.0,7.333333333333333,8,0,Percentage
Melissa Gilbert,Maksim Chmerkoskiy,Actor/Actress,California,United States,47,14,Eliminated Week 8,5,5,3,21.0,7.0,8,0,Percentage
Melissa Gilbert,Maksim Chmerkoskiy,Actor/Actress,California,United States,47,14,Eliminated Week 8,5,6,3,30.0,10.0,8,0,Percentage
Melissa Gilbert,Maksim Chmerkoskiy,Actor/Actress,California,United States,47,14,Eliminated Week 8,5,7,3,23.5,7.833333333333333,8,0,Percentage
Melissa Gilbert,Maksim Chmerkoskiy,Actor/Actress,California,United States,47,14,Eliminated Week 8,5,8,3,25.5,8.5,8,1,Percentage
Melissa Gilbert,Maksim Chmerkoskiy,Actor/Actress,California,United States,47,14,Eliminated Week 8,5,9,3,0.0,0.0,8,0,Percentage
Melissa Gilbert,Maksim Chmerkoskiy,Actor/Actress,California,United States,47,14,Eliminated Week 8,5,10,3,0.0,0.0,8,0,Percentage
Melissa Joan Hart,Mark Ballas,Actor/Actress,New York,United States,33,9,Eliminated Week 6,9,1,3,24.0,8.0,6,0,Percentage
Melissa Joan Hart,Mark Ballas,Actor/Actress,New York,United States,33,9,Eliminated Week 6,9,2,3,19.0,6.333333333333333,6,0,Percentage
Melissa Joan Hart,Mark Ballas,Actor/Actress,New York,United States,33,9,Eliminated Week 6,9,3,3,19.0,6.333333333333333,6,0,Percentage
Melissa Joan Hart,Mark Ballas,Actor/Actress,New York,United States,33,9,Eliminated Week 6,9,4,3,28.0,9.333333333333334,6,0,Percentage
Melissa Joan Hart,Mark Ballas,Actor/Actress,New York,United States,33,9,Eliminated Week 6,9,5,3,23.0,7.666666666666667,6,0,Percentage
Melissa Joan Hart,Mark Ballas,Actor/Actress,New York,United States,33,9,Eliminated Week 6,9,6,3,23.9999,7.9999666666666664,6,1,Percentage
Melissa Joan Hart,Mark Ballas,Actor/Actress,New York,United States,33,9,Eliminated Week 6,9,7,3,0.0,0.0,6,0,Percentage
Melissa Joan Hart,Mark Ballas,Actor/Actress,New York,United States,33,9,Eliminated Week 6,9,8,3,0.0,0.0,6,0,Percentage
Melissa Joan Hart,Mark Ballas,Actor/Actress,New York,United States,33,9,Eliminated Week 6,9,9,3,0.0,0.0,6,0,Percentage
Melissa Joan Hart,Mark Ballas,Actor/Actress,New York,United States,33,9,Eliminated Week 6,9,10,3,0.0,0.0,6,0,Percentage
Melissa Rycroft,Tony Dovolani,TV Personality,Texas,United States,26,8,3rd Place,3,1,3,23.0,7.666666666666667,99,0,Percentage
Melissa Rycroft,Tony Dovolani,TV Personality,Texas,United States,26,8,3rd Place,3,2,3,26.0,8.666666666666666,99,0,Percentage
Melissa Rycroft,Tony Dovolani,TV Personality,Texas,United States,26,8,3rd Place,3,3,3,27.0,9.0,99,0,Percentage
Melissa Rycroft,Tony Dovolani,TV Personality,Texas,United States,26,8,3rd Place,3,4,3,29.0,9.666666666666666,99,0,Percentage
Melissa Rycroft,Tony Dovolani,TV Personality,Texas,United States,26,8,3rd Place,3,5,3,25.0,8.333333333333334,99,0,Percentage
Melissa Rycroft,Tony Dovolani,TV Personality,Texas,United States,26,8,3rd Place,3,6,3,27.0,9.0,99,0,Percentage
Melissa Rycroft,Tony Dovolani,TV Personality,Texas,United States,26,8,3rd Place,3,7,3,29.0,9.666666666666666,99,0,Percentage
Melissa Rycroft,Tony Dovolani,TV Personality,Texas,United States,26,8,3rd Place,3,8,3,23.0,7.666666666666667,99,0,Percentage
Melissa Rycroft,Tony Dovolani,TV Personality,Texas,United States,26,8,3rd Place,3,9,3,28.5,9.5,99,0,Percentage
Melissa Rycroft,Tony Dovolani,TV Personality,Texas,United States,26,8,3rd Place,3,10,3,27.5,9.166666666666666,99,0,Percentage
Melissa Rycroft,Tony Dovolani,TV Personality,Texas,United States,26,8,3rd Place,3,11,3,28.5,9.5,99,0,Percentage
Melissa Rycroft,Tony Dovolani,TV Personality,Texas,United States,29,15,1st Place,1,1,3,21.0,7.0,99,0,Percentage
Melissa Rycroft,Tony Dovolani,TV Personality,Texas,United States,29,15,1st Place,1,2,3,23.5,7.833333333333333,99,0,Percentage
Melissa Rycroft,Tony Dovolani,TV Personality,Texas,United States,29,15,1st Place,1,3,3,27.0,9.0,99,0,Percentage
Melissa Rycroft,Tony Dovolani,TV Personality,Texas,United States,29,15,1st Place,1,4,4,37.0,9.25,99,0,Percentage
Melissa Rycroft,Tony Dovolani,TV Personality,Texas,United States,29,15,1st Place,1,5,3,28.25,9.416666666666666,99,0,Percentage
Melissa Rycroft,Tony Dovolani,TV Personality,Texas,United States,29,15,1st Place,1,6,3,29.5,9.833333333333334,99,0,Percentage
Melissa Rycroft,Tony Dovolani,TV Personality,Texas,United States,29,15,1st Place,1,7,3,38.9999,12.999966666666666,99,0,Percentage
Melissa Rycroft,Tony Dovolani,TV Personality,Texas,United States,29,15,1st Place,1,8,3,30.0,10.0,99,0,Percentage
Melissa Rycroft,Tony Dovolani,TV Personality,Texas,United States,29,15,1st Place,1,9,3,28.7777,9.592566666666666,99,0,Percentage
Melissa Rycroft,Tony Dovolani,TV Personality,Texas,United States,29,15,1st Place,1,10,3,29.333099999999998,9.7777,99,0,Percentage
Meryl Davis,Maksim Chmerkoskiy,Athlete,Michigan,United States,27,18,1st Place,1,1,3,24.0,8.0,99,0,Percentage
Meryl Davis,Maksim Chmerkoskiy,Athlete,Michigan,United States,27,18,1st Place,1,2,3,25.0,8.333333333333334,99,0,Percentage
Meryl Davis,Maksim Chmerkoskiy,Athlete,Michigan,United States,27,18,1st Place,1,3,4,39.0,9.75,99,0,Percentage
Meryl Davis,Maksim Chmerkoskiy,Athlete,Michigan,United States,27,18,1st Place,1,4,4,39.0,9.75,99,0,Percentage
Meryl Davis,Maksim Chmerkoskiy,Athlete,Michigan,United States,27,18,1st Place,1,5,4,36.0,9.0,99,0,Percentage
Meryl Davis,Maksim Chmerkoskiy,Athlete,Michigan,United States,27,18,1st Place,1,6,4,40.0,10.0,99,0,Percentage
Meryl Davis,Maksim Chmerkoskiy,Athlete,Michigan,United States,27,18,1st Place,1,7,4,39.0,9.75,99,0,Percentage
Meryl Davis,Maksim Chmerkoskiy,Athlete,Michigan,United States,27,18,1st Place,1,8,4,36.0,9.0,99,0,Percentage
Meryl Davis,Maksim Chmerkoskiy,Athlete,Michigan,United States,27,18,1st Place,1,9,4,40.0,10.0,99,0,Percentage
Meryl Davis,Maksim Chmerkoskiy,Athlete,Michigan,United States,27,18,1st Place,1,10,3,30.0,10.0,99,0,Percentage
Metta World Peace (Ron),Peta Murgatroyd,Athlete,New York,United States,31,13,Eliminated Week 1,12,1,3,14.0,4.666666666666667,1,1,Percentage
Metta World Peace (Ron),Peta Murgatroyd,Athlete,New York,United States,31,13,Eliminated Week 1,12,2,3,0.0,0.0,1,0,Percentage
Metta World Peace (Ron),Peta Murgatroyd,Athlete,New York,United States,31,13,Eliminated Week 1,12,3,3,0.0,0.0,1,0,Percentage
Metta World Peace (Ron),Peta Murgatroyd,Athlete,New York,United States,31,13,Eliminated Week 1,12,4,3,0.0,0.0,1,0,Percentage
Metta World Peace (Ron),Peta Murgatroyd,Athlete,New York,United States,31,13,Eliminated Week 1,12,5,3,0.0,0.0,1,0,Percentage
Metta World Peace (Ron),Peta Murgatroyd,Athlete,New York,United States,31,13,Eliminated Week 1,12,6,3,0.0,0.0,1,0,Percentage
Metta World Peace (Ron),Peta Murgatroyd,Athlete,New York,United States,31,13,Eliminated Week 1,12,7,3,0.0,0.0,1,0,Percentage
Metta World Peace (Ron),Peta Murgatroyd,Athlete,New York,United States,31,13,Eliminated Week 1,12,8,3,0.0,0.0,1,0,Percentage
Metta World Peace (Ron),Peta Murgatroyd,Athlete,New York,United States,31,13,Eliminated Week 1,12,9,3,0.0,0.0,1,0,Percentage
Metta World Peace (Ron),Peta Murgatroyd,Athlete,New York,United States,31,13,Eliminated Week 1,12,10,3,0.0,0.0,1,0,Percentage
Michael Bolton,Chelsie Hightower,Singer/Rapper,Connecticut,United States,57,11,Eliminated Week 2,11,1,3,16.0,5.333333333333333,2,0,Percentage
Michael Bolton,Chelsie Hightower,Singer/Rapper,Connecticut,United States,57,11,Eliminated Week 2,11,2,3,12.0,4.0,2,1,Percentage
Michael Bolton,Chelsie Hightower,Singer/Rapper,Connecticut,United States,57,11,Eliminated Week 2,11,3,3,0.0,0.0,2,0,Percentage
Michael Bolton,Chelsie Hightower,Singer/Rapper,Connecticut,United States,57,11,Eliminated Week 2,11,4,3,0.0,0.0,2,0,Percentage
Michael Bolton,Chelsie Hightower,Singer/Rapper,Connecticut,United States,57,11,Eliminated Week 2,11,5,3,0.0,0.0,2,0,Percentage
Michael Bolton,Chelsie Hightower,Singer/Rapper,Connecticut,United States,57,11,Eliminated Week 2,11,6,3,0.0,0.0,2,0,Percentage
Michael Bolton,Chelsie Hightower,Singer/Rapper,Connecticut,United States,57,11,Eliminated Week 2,11,7,4,0.0,0.0,2,0,Percentage
Michael Bolton,Chelsie Hightower,Singer/Rapper,Connecticut,United States,57,11,Eliminated Week 2,11,8,3,0.0,0.0,2,0,Percentage
Michael Bolton,Chelsie Hightower,Singer/Rapper,Connecticut,United States,57,11,Eliminated Week 2,11,9,3,0.0,0.0,2,0,Percentage
Michael Bolton,Chelsie Hightower,Singer/Rapper,Connecticut,United States,57,11,Eliminated Week 2,11,10,3,0.0,0.0,2,0,Percentage
Michael Irvin,Anna Demidova,Athlete,Florida,United States,43,9,Eliminated Week 7,7,1,3,19.0,6.333333333333333,7,0,Percentage
Michael Irvin,Anna Demidova,Athlete,Florida,United States,43,9,Eliminated Week 7,7,2,3,20.0,6.666666666666667,7,0,Percentage
Michael Irvin,Anna Demidova,Athlete,Florida,United States,43,9,Eliminated Week 7,7,3,3,14.0,4.666666666666667,7,0,Percentage
Michael Irvin,Anna Demidova,Athlete,Florida,United States,43,9,Eliminated Week 7,7,4,3,16.0,5.333333333333333,7,0,Percentage
Michael Irvin,Anna Demidova,Athlete,Florida,United States,43,9,Eliminated Week 7,7,5,3,21.0,7.0,7,0,Percentage
Michael Irvin,Anna Demidova,Athlete,Florida,United States,43,9,Eliminated Week 7,7,6,3,21.9998,7.333266666666667,7,0,Percentage
Michael Irvin,Anna Demidova,Athlete,Florida,United States,43,9,Eliminated Week 7,7,7,3,23.5,7.833333333333333,7,1,Percentage
Michael Irvin,Anna Demidova,Athlete,Florida,United States,43,9,Eliminated Week 7,7,8,3,0.0,0.0,7,0,Percentage
Michael Irvin,Anna Demidova,Athlete,Florida,United States,43,9,Eliminated Week 7,7,9,3,0.0,0.0,7,0,Percentage
Michael Irvin,Anna Demidova,Athlete,Florida,United States,43,9,Eliminated Week 7,7,10,3,0.0,0.0,7,0,Percentage
Michael Sam,Peta Murgatroyd,Athlete,Texas,United States,25,20,Eliminated Week 4,10,1,4,26.0,6.5,4,0,Percentage
Michael Sam,Peta Murgatroyd,Athlete,Texas,United States,25,20,Eliminated Week 4,10,2,4,28.0,7.0,4,0,Percentage
Michael Sam,Peta Murgatroyd,Athlete,Texas,United States,25,20,Eliminated Week 4,10,3,4,24.0,6.0,4,0,Percentage
Michael Sam,Peta Murgatroyd,Athlete,Texas,United States,25,20,Eliminated Week 4,10,4,4,30.0,7.5,4,1,Percentage
Michael Sam,Peta Murgatroyd,Athlete,Texas,United States,25,20,Eliminated Week 4,10,5,4,0.0,0.0,4,0,Percentage
Michael Sam,Peta Murgatroyd,Athlete,Texas,United States,25,20,Eliminated Week 4,10,6,4,0.0,0.0,4,0,Percentage
Michael Sam,Peta Murgatroyd,Athlete,Texas,United States,25,20,Eliminated Week 4,10,7,4,0.0,0.0,4,0,Percentage
Michael Sam,Peta Murgatroyd,Athlete,Texas,United States,25,20,Eliminated Week 4,10,8,4,0.0,0.0,4,0,Percentage
Michael Sam,Peta Murgatroyd,Athlete,Texas,United States,25,20,Eliminated Week 4,10,9,4,0.0,0.0,4,0,Percentage
Michael Sam,Peta Murgatroyd,Athlete,Texas,United States,25,20,Eliminated Week 4,10,10,4,0.0,0.0,4,0,Percentage
Michael Waltrip,Emma Slater,Racing Driver,Kentucky,United States,51,19,Eliminated Week 8,7,1,4,25.0,6.25,8,0,Percentage
Michael Waltrip,Emma Slater,Racing Driver,Kentucky,United States,51,19,Eliminated Week 8,7,2,4,24.0,6.0,8,0,Percentage
Michael Waltrip,Emma Slater,Racing Driver,Kentucky,United States,51,19,Eliminated Week 8,7,3,4,28.0,7.0,8,0,Percentage
Michael Waltrip,Emma Slater,Racing Driver,Kentucky,United States,51,19,Eliminated Week 8,7,4,4,25.0,6.25,8,0,Percentage
Michael Waltrip,Emma Slater,Racing Driver,Kentucky,United States,51,19,Eliminated Week 8,7,5,4,20.0,5.0,8,0,Percentage
Michael Waltrip,Emma Slater,Racing Driver,Kentucky,United States,51,19,Eliminated Week 8,7,6,4,30.0,7.5,8,0,Percentage
Michael Waltrip,Emma Slater,Racing Driver,Kentucky,United States,51,19,Eliminated Week 8,7,7,4,28.0,7.0,8,0,Percentage
Michael Waltrip,Emma Slater,Racing Driver,Kentucky,United States,51,19,Eliminated Week 8,7,8,4,25.0,6.25,8,1,Percentage
Michael Waltrip,Emma Slater,Racing Driver,Kentucky,United States,51,19,Eliminated Week 8,7,9,4,0.0,0.0,8,0,Percentage
Michael Waltrip,Emma Slater,Racing Driver,Kentucky,United States,51,19,Eliminated Week 8,7,10,4,0.0,0.0,8,0,Percentage
Michael Waltrip,Emma Slater,Racing Driver,Kentucky,United States,51,19,Eliminated Week 8,7,11,4,0.0,0.0,8,0,Percentage
Mike Catherwood,Lacey Schwimmer,Radio Personality,California,United States,32,12,Eliminated Week 2,11,1,3,13.0,4.333333333333333,2,0,Percentage
Mike Catherwood,Lacey Schwimmer,Radio Personality,California,United States,32,12,Eliminated Week 2,11,2,3,17.0,5.666666666666667,2,1,Percentage
Mike Catherwood,Lacey Schwimmer,Radio Personality,California,United States,32,12,Eliminated Week 2,11,3,3,0.0,0.0,2,0,Percentage
Mike Catherwood,Lacey Schwimmer,Radio Personality,California,United States,32,12,Eliminated Week 2,11,4,3,0.0,0.0,2,0,Percentage
Mike Catherwood,Lacey Schwimmer,Radio Personality,California,United States,32,12,Eliminated Week 2,11,5,3,0.0,0.0,2,0,Percentage
Mike Catherwood,Lacey Schwimmer,Radio Personality,California,United States,32,12,Eliminated Week 2,11,6,3,0.0,0.0,2,0,Percentage
Mike Catherwood,Lacey Schwimmer,Radio Personality,California,United States,32,12,Eliminated Week 2,11,7,4,0.0,0.0,2,0,Percentage
Mike Catherwood,Lacey Schwimmer,Radio Personality,California,United States,32,12,Eliminated Week 2,11,8,3,0.0,0.0,2,0,Percentage
Mike Catherwood,Lacey Schwimmer,Radio Personality,California,United States,32,12,Eliminated Week 2,11,9,3,0.0,0.0,2,0,Percentage
Mike Catherwood,Lacey Schwimmer,Radio Personality,California,United States,32,12,Eliminated Week 2,11,10,3,0.0,0.0,2,0,Percentage
Milo Manheim,Witney Carson,Actor/Actress,California,United States,17,27,2nd Place,2,1,3,20.0,6.666666666666667,99,0,Percentage
Milo Manheim,Witney Carson,Actor/Actress,California,United States,17,27,2nd Place,2,2,3,26.0,8.666666666666666,99,0,Percentage
Milo Manheim,Witney Carson,Actor/Actress,California,United States,17,27,2nd Place,2,3,3,27.0,9.0,99,0,Percentage
Milo Manheim,Witney Carson,Actor/Actress,California,United States,17,27,2nd Place,2,4,3,29.0,9.666666666666666,99,0,Percentage
Milo Manheim,Witney Carson,Actor/Actress,California,United States,17,27,2nd Place,2,5,3,27.0,9.0,99,0,Percentage
Milo Manheim,Witney Carson,Actor/Actress,California,United States,17,27,2nd Place,2,6,3,30.0,10.0,99,0,Percentage
Milo Manheim,Witney Carson,Actor/Actress,California,United States,17,27,2nd Place,2,7,3,29.0,9.666666666666666,99,0,Percentage
Milo Manheim,Witney Carson,Actor/Actress,California,United States,17,27,2nd Place,2,8,3,27.5,9.166666666666666,99,0,Percentage
Milo Manheim,Witney Carson,Actor/Actress,California,United States,17,27,2nd Place,2,9,3,30.0,10.0,99,0,Percentage
Mirai Nagasu,Alan Bersten,Athlete,California,United States,25,26,Eliminated Week 3,4,1,3,23.0,7.666666666666667,3,0,Percentage
Mirai Nagasu,Alan Bersten,Athlete,California,United States,25,26,Eliminated Week 3,4,2,4,37.0,9.25,3,0,Percentage
Mirai Nagasu,Alan Bersten,Athlete,California,United States,25,26,Eliminated Week 3,4,3,4,35.0,8.75,3,1,Percentage
Mirai Nagasu,Alan Bersten,Athlete,California,United States,25,26,Eliminated Week 3,4,4,3,0.0,0.0,3,0,Percentage
Misty May-Treanor,Maksim Chmerkoskiy,Athlete,California,United States,31,7,Withdrew,10,1,3,21.0,7.0,99,0,Percentage
Misty May-Treanor,Maksim Chmerkoskiy,Athlete,California,United States,31,7,Withdrew,10,2,3,21.0,7.0,99,0,Percentage
Misty May-Treanor,Maksim Chmerkoskiy,Athlete,California,United States,31,7,Withdrew,10,3,3,0.0,0.0,99,0,Percentage
Misty May-Treanor,Maksim Chmerkoskiy,Athlete,California,United States,31,7,Withdrew,10,4,3,0.0,0.0,99,0,Percentage
Misty May-Treanor,Maksim Chmerkoskiy,Athlete,California,United States,31,7,Withdrew,10,5,3,0.0,0.0,99,0,Percentage
Misty May-Treanor,Maksim Chmerkoskiy,Athlete,California,United States,31,7,Withdrew,10,6,3,0.0,0.0,99,0,Percentage
Misty May-Treanor,Maksim Chmerkoskiy,Athlete,California,United States,31,7,Withdrew,10,7,3,0.0,0.0,99,0,Percentage
Misty May-Treanor,Maksim Chmerkoskiy,Athlete,California,United States,31,7,Withdrew,10,8,3,0.0,0.0,99,0,Percentage
Misty May-Treanor,Maksim Chmerkoskiy,Athlete,California,United States,31,7,Withdrew,10,9,3,0.0,0.0,99,0,Percentage
Misty May-Treanor,Maksim Chmerkoskiy,Athlete,California,United States,31,7,Withdrew,10,10,3,0.0,0.0,99,0,Percentage
Monique Coleman,Louis van Amstel,Actor/Actress,South Carolina,United States,25,3,Eliminated Week 8,4,1,3,19.0,6.333333333333333,8,0,Percentage
Monique Coleman,Louis van Amstel,Actor/Actress,South Carolina,United States,25,3,Eliminated Week 8,4,2,3,26.0,8.666666666666666,8,0,Percentage
Monique Coleman,Louis van Amstel,Actor/Actress,South Carolina,United States,25,3,Eliminated Week 8,4,3,3,27.0,9.0,8,0,Percentage
Monique Coleman,Louis van Amstel,Actor/Actress,South Carolina,United States,25,3,Eliminated Week 8,4,4,3,24.0,8.0,8,0,Percentage
Monique Coleman,Louis van Amstel,Actor/Actress,South Carolina,United States,25,3,Eliminated Week 8,4,5,3,27.0,9.0,8,0,Percentage
Monique Coleman,Louis van Amstel,Actor/Actress,South Carolina,United States,25,3,Eliminated Week 8,4,6,3,23.0,7.666666666666667,8,0,Percentage
Monique Coleman,Louis van Amstel,Actor/Actress,South Carolina,United States,25,3,Eliminated Week 8,4,7,3,27.0,9.0,8,0,Percentage
Monique Coleman,Louis van Amstel,Actor/Actress,South Carolina,United States,25,3,Eliminated Week 8,4,8,3,26.5,8.833333333333334,8,1,Percentage
Monique Coleman,Louis van Amstel,Actor/Actress,South Carolina,United States,25,3,Eliminated Week 8,4,9,3,0.0,0.0,8,0,Percentage
Monique Coleman,Louis van Amstel,Actor/Actress,South Carolina,United States,25,3,Eliminated Week 8,4,10,3,0.0,0.0,8,0,Percentage
Mr. T,Kym Herjavec,Actor/Actress,Illinois,United States,64,24,Eliminated Week 4,10,1,4,20.0,5.0,4,0,Percentage
Mr. T,Kym Herjavec,Actor/Actress,Illinois,United States,64,24,Eliminated Week 4,10,2,4,22.0,5.5,4,0,Percentage
Mr. T,Kym Herjavec,Actor/Actress,Illinois,United States,64,24,Eliminated Week 4,10,3,4,24.0,6.0,4,0,Percentage
Mr. T,Kym Herjavec,Actor/Actress,Illinois,United States,64,24,Eliminated Week 4,10,4,4,28.0,7.0,4,1,Percentage
Mr. T,Kym Herjavec,Actor/Actress,Illinois,United States,64,24,Eliminated Week 4,10,5,4,0.0,0.0,4,0,Percentage
Mr. T,Kym Herjavec,Actor/Actress,Illinois,United States,64,24,Eliminated Week 4,10,6,4,0.0,0.0,4,0,Percentage
Mr. T,Kym Herjavec,Actor/Actress,Illinois,United States,64,24,Eliminated Week 4,10,7,4,0.0,0.0,4,0,Percentage
Mr. T,Kym Herjavec,Actor/Actress,Illinois,United States,64,24,Eliminated Week 4,10,8,4,0.0,0.0,4,0,Percentage
Mr. T,Kym Herjavec,Actor/Actress,Illinois,United States,64,24,Eliminated Week 4,10,9,4,0.0,0.0,4,0,Percentage
Mr. T,Kym Herjavec,Actor/Actress,Illinois,United States,64,24,Eliminated Week 4,10,10,4,0.0,0.0,4,0,Percentage
Mya,Dmitry Chaplin,Singer/Rapper,Washington D.C.,United States,29,9,2nd Place,2,1,3,30.999899999999997,10.3333,99,0,Percentage
Mya,Dmitry Chaplin,Singer/Rapper,Washington D.C.,United States,29,9,2nd Place,2,2,3,27.0,9.0,99,0,Percentage
Mya,Dmitry Chaplin,Singer/Rapper,Washington D.C.,United States,29,9,2nd Place,2,3,3,27.0,9.0,99,0,Percentage
Mya,Dmitry Chaplin,Singer/Rapper,Washington D.C.,United States,29,9,2nd Place,2,4,3,28.0,9.333333333333334,99,0,Percentage
Mya,Dmitry Chaplin,Singer/Rapper,Washington D.C.,United States,29,9,2nd Place,2,5,3,27.0,9.0,99,0,Percentage
Mya,Dmitry Chaplin,Singer/Rapper,Washington D.C.,United States,29,9,2nd Place,2,6,3,33.0,11.0,99,0,Percentage
Mya,Dmitry Chaplin,Singer/Rapper,Washington D.C.,United States,29,9,2nd Place,2,7,3,24.5,8.166666666666666,99,0,Percentage
Mya,Dmitry Chaplin,Singer/Rapper,Washington D.C.,United States,29,9,2nd Place,2,8,3,29.5,9.833333333333334,99,0,Percentage
Mya,Dmitry Chaplin,Singer/Rapper,Washington D.C.,United States,29,9,2nd Place,2,9,3,28.9999,9.666633333333333,99,0,Percentage
Mya,Dmitry Chaplin,Singer/Rapper,Washington D.C.,United States,29,9,2nd Place,2,10,3,28.333199999999998,9.4444,99,0,Percentage
Nancy Grace,Tristan MacManus,TV Personality,Georgia,United States,51,13,Eliminated Week 8,5,1,3,16.0,5.333333333333333,8,0,Percentage
Nancy Grace,Tristan MacManus,TV Personality,Georgia,United States,51,13,Eliminated Week 8,5,2,3,21.0,7.0,8,0,Percentage
Nancy Grace,Tristan MacManus,TV Personality,Georgia,United States,51,13,Eliminated Week 8,5,3,3,21.0,7.0,8,0,Percentage
Nancy Grace,Tristan MacManus,TV Personality,Georgia,United States,51,13,Eliminated Week 8,5,4,3,21.0,7.0,8,0,Percentage
Nancy Grace,Tristan MacManus,TV Personality,Georgia,United States,51,13,Eliminated Week 8,5,5,3,22.0,7.333333333333333,8,0,Percentage
Nancy Grace,Tristan MacManus,TV Personality,Georgia,United States,51,13,Eliminated Week 8,5,6,3,24.0,8.0,8,0,Percentage
Nancy Grace,Tristan MacManus,TV Personality,Georgia,United States,51,13,Eliminated Week 8,5,7,3,22.0,7.333333333333333,8,0,Percentage
Nancy Grace,Tristan MacManus,TV Personality,Georgia,United States,51,13,Eliminated Week 8,5,8,3,22.0,7.333333333333333,8,1,Percentage
Nancy Grace,Tristan MacManus,TV Personality,Georgia,United States,51,13,Eliminated Week 8,5,9,3,0.0,0.0,8,0,Percentage
Nancy Grace,Tristan MacManus,TV Personality,Georgia,United States,51,13,Eliminated Week 8,5,10,3,0.0,0.0,8,0,Percentage
Nancy Kerrigan,Artem Chigvintsev,Athlete,Massachusetts,United States,47,24,Eliminated Week 7,7,1,4,28.0,7.0,7,0,Percentage
Nancy Kerrigan,Artem Chigvintsev,Athlete,Massachusetts,United States,47,24,Eliminated Week 7,7,2,4,28.0,7.0,7,0,Percentage
Nancy Kerrigan,Artem Chigvintsev,Athlete,Massachusetts,United States,47,24,Eliminated Week 7,7,3,4,33.0,8.25,7,0,Percentage
Nancy Kerrigan,Artem Chigvintsev,Athlete,Massachusetts,United States,47,24,Eliminated Week 7,7,4,4,33.0,8.25,7,0,Percentage
Nancy Kerrigan,Artem Chigvintsev,Athlete,Massachusetts,United States,47,24,Eliminated Week 7,7,5,4,36.0,9.0,7,0,Percentage
Nancy Kerrigan,Artem Chigvintsev,Athlete,Massachusetts,United States,47,24,Eliminated Week 7,7,6,4,33.5,8.375,7,0,Percentage
Nancy Kerrigan,Artem Chigvintsev,Athlete,Massachusetts,United States,47,24,Eliminated Week 7,7,7,4,36.0,9.0,7,1,Percentage
Nancy Kerrigan,Artem Chigvintsev,Athlete,Massachusetts,United States,47,24,Eliminated Week 7,7,8,4,0.0,0.0,7,0,Percentage
Nancy Kerrigan,Artem Chigvintsev,Athlete,Massachusetts,United States,47,24,Eliminated Week 7,7,9,4,0.0,0.0,7,0,Percentage
Nancy Kerrigan,Artem Chigvintsev,Athlete,Massachusetts,United States,47,24,Eliminated Week 7,7,10,4,0.0,0.0,7,0,Percentage
Nancy McKeon,Valentin Chmerkovskiy,Actor/Actress,New York,United States,52,27,Eliminated Week 3,11,1,3,19.5,6.5,3,0,Percentage
Nancy McKeon,Valentin Chmerkovskiy,Actor/Actress,New York,United States,52,27,Eliminated Week 3,11,2,3,20.5,6.833333333333333,3,0,Percentage
Nancy McKeon,Valentin Chmerkovskiy,Actor/Actress,New York,United States,52,27,Eliminated Week 3,11,3,3,22.0,7.333333333333333,3,1,Percentage
Nancy McKeon,Valentin Chmerkovskiy,Actor/Actress,New York,United States,52,27,Eliminated Week 3,11,4,3,0.0,0.0,3,0,Percentage
Nancy McKeon,Valentin Chmerkovskiy,Actor/Actress,New York,United States,52,27,Eliminated Week 3,11,5,3,0.0,0.0,3,0,Percentage
Nancy McKeon,Valentin Chmerkovskiy,Actor/Actress,New York,United States,52,27,Eliminated Week 3,11,6,3,0.0,0.0,3,0,Percentage
Nancy McKeon,Valentin Chmerkovskiy,Actor/Actress,New York,United States,52,27,Eliminated Week 3,11,7,3,0.0,0.0,3,0,Percentage
Nancy McKeon,Valentin Chmerkovskiy,Actor/Actress,New York,United States,52,27,Eliminated Week 3,11,8,3,0.0,0.0,3,0,Percentage
Nancy McKeon,Valentin Chmerkovskiy,Actor/Actress,New York,United States,52,27,Eliminated Week 3,11,9,3,0.0,0.0,3,0,Percentage
Natalie Coughlin,Alec Mazo,Athlete,California,United States,27,9,Eliminated Week 5,10,1,3,26.9998,8.999933333333333,5,0,Percentage
Natalie Coughlin,Alec Mazo,Athlete,California,United States,27,9,Eliminated Week 5,10,2,3,21.0,7.0,5,0,Percentage
Natalie Coughlin,Alec Mazo,Athlete,California,United States,27,9,Eliminated Week 5,10,3,3,26.0,8.666666666666666,5,0,Percentage
Natalie Coughlin,Alec Mazo,Athlete,California,United States,27,9,Eliminated Week 5,10,4,3,24.0,8.0,5,0,Percentage
Natalie Coughlin,Alec Mazo,Athlete,California,United States,27,9,Eliminated Week 5,10,5,3,22.0,7.333333333333333,5,1,Percentage
Natalie Coughlin,Alec Mazo,Athlete,California,United States,27,9,Eliminated Week 5,10,6,3,0.0,0.0,5,0,Percentage
Natalie Coughlin,Alec Mazo,Athlete,California,United States,27,9,Eliminated Week 5,10,7,3,0.0,0.0,5,0,Percentage
Natalie Coughlin,Alec Mazo,Athlete,California,United States,27,9,Eliminated Week 5,10,8,3,0.0,0.0,5,0,Percentage
Natalie Coughlin,Alec Mazo,Athlete,California,United States,27,9,Eliminated Week 5,10,9,3,0.0,0.0,5,0,Percentage
Natalie Coughlin,Alec Mazo,Athlete,California,United States,27,9,Eliminated Week 5,10,10,3,0.0,0.0,5,0,Percentage
NeNe Leakes,Tony Dovolani,TV Personality,New York,United States,46,18,Eliminated Week 7,7,1,3,21.0,7.0,7,0,Percentage
NeNe Leakes,Tony Dovolani,TV Personality,New York,United States,46,18,Eliminated Week 7,7,2,3,21.0,7.0,7,0,Percentage
NeNe Leakes,Tony Dovolani,TV Personality,New York,United States,46,18,Eliminated Week 7,7,3,4,31.0,7.75,7,0,Percentage
NeNe Leakes,Tony Dovolani,TV Personality,New York,United States,46,18,Eliminated Week 7,7,4,4,32.0,8.0,7,0,Percentage
NeNe Leakes,Tony Dovolani,TV Personality,New York,United States,46,18,Eliminated Week 7,7,5,4,36.0,9.0,7,0,Percentage
NeNe Leakes,Tony Dovolani,TV Personality,New York,United States,46,18,Eliminated Week 7,7,6,4,33.0,8.25,7,0,Percentage
NeNe Leakes,Tony Dovolani,TV Personality,New York,United States,46,18,Eliminated Week 7,7,7,4,33.0,8.25,7,1,Percentage
NeNe Leakes,Tony Dovolani,TV Personality,New York,United States,46,18,Eliminated Week 7,7,8,4,0.0,0.0,7,0,Percentage
NeNe Leakes,Tony Dovolani,TV Personality,New York,United States,46,18,Eliminated Week 7,7,9,4,0.0,0.0,7,0,Percentage
NeNe Leakes,Tony Dovolani,TV Personality,New York,United States,46,18,Eliminated Week 7,7,10,3,0.0,0.0,7,0,Percentage
Nick Carter,Sharna Burgess,Singer/Rapper,New York,United States,35,21,2nd Place,2,1,3,24.0,8.0,99,0,Percentage
Nick Carter,Sharna Burgess,Singer/Rapper,New York,United States,35,21,2nd Place,2,2,3,22.5,7.5,99,0,Percentage
Nick Carter,Sharna Burgess,Singer/Rapper,New York,United States,35,21,2nd Place,2,3,4,36.0,9.0,99,0,Percentage
Nick Carter,Sharna Burgess,Singer/Rapper,New York,United States,35,21,2nd Place,2,4,3,27.0,9.0,99,0,Percentage
Nick Carter,Sharna Burgess,Singer/Rapper,New York,United States,35,21,2nd Place,2,5,4,35.0,8.75,99,0,Percentage
Nick Carter,Sharna Burgess,Singer/Rapper,New York,United States,35,21,2nd Place,2,6,4,39.0,9.75,99,0,Percentage
Nick Carter,Sharna Burgess,Singer/Rapper,New York,United States,35,21,2nd Place,2,7,3,27.0,9.0,99,0,Percentage
Nick Carter,Sharna Burgess,Singer/Rapper,New York,United States,35,21,2nd Place,2,8,3,33.0,11.0,99,0,Percentage
Nick Carter,Sharna Burgess,Singer/Rapper,New York,United States,35,21,2nd Place,2,9,3,27.5,9.166666666666666,99,0,Percentage
Nick Carter,Sharna Burgess,Singer/Rapper,New York,United States,35,21,2nd Place,2,10,3,27.0,9.0,99,0,Percentage
Nick Carter,Sharna Burgess,Singer/Rapper,New York,United States,35,21,2nd Place,2,11,3,30.0,10.0,99,0,Percentage
Nick Lachey,Peta Murgatroyd,Singer/Rapper,Kentucky,United States,43,25,Eliminated Week 6,9,1,3,18.0,6.0,6,0,Percentage
Nick Lachey,Peta Murgatroyd,Singer/Rapper,Kentucky,United States,43,25,Eliminated Week 6,9,2,3,19.0,6.333333333333333,6,0,Percentage
Nick Lachey,Peta Murgatroyd,Singer/Rapper,Kentucky,United States,43,25,Eliminated Week 6,9,3,3,21.0,7.0,6,0,Percentage
Nick Lachey,Peta Murgatroyd,Singer/Rapper,Kentucky,United States,43,25,Eliminated Week 6,9,4,3,22.0,7.333333333333333,6,0,Percentage
Nick Lachey,Peta Murgatroyd,Singer/Rapper,Kentucky,United States,43,25,Eliminated Week 6,9,5,3,22.0,7.333333333333333,6,0,Percentage
Nick Lachey,Peta Murgatroyd,Singer/Rapper,Kentucky,United States,43,25,Eliminated Week 6,9,6,4,26.0,6.5,6,1,Percentage
Nick Lachey,Peta Murgatroyd,Singer/Rapper,Kentucky,United States,43,25,Eliminated Week 6,9,7,3,0.0,0.0,6,0,Percentage
Nick Lachey,Peta Murgatroyd,Singer/Rapper,Kentucky,United States,43,25,Eliminated Week 6,9,8,3,0.0,0.0,6,0,Percentage
Nick Lachey,Peta Murgatroyd,Singer/Rapper,Kentucky,United States,43,25,Eliminated Week 6,9,9,3,0.0,0.0,6,0,Percentage
Nick Lachey,Peta Murgatroyd,Singer/Rapper,Kentucky,United States,43,25,Eliminated Week 6,9,10,4,0.0,0.0,6,0,Percentage
Nick Viall,Peta Murgatroyd,TV Personality,Wisconsin,United States,36,24,Eliminated Week 7,6,1,4,24.0,6.0,7,0,Percentage
Nick Viall,Peta Murgatroyd,TV Personality,Wisconsin,United States,36,24,Eliminated Week 7,6,2,4,25.0,6.25,7,0,Percentage
Nick Viall,Peta Murgatroyd,TV Personality,Wisconsin,United States,36,24,Eliminated Week 7,6,3,4,26.0,6.5,7,0,Percentage
Nick Viall,Peta Murgatroyd,TV Personality,Wisconsin,United States,36,24,Eliminated Week 7,6,4,4,30.0,7.5,7,0,Percentage
Nick Viall,Peta Murgatroyd,TV Personality,Wisconsin,United States,36,24,Eliminated Week 7,6,5,4,34.0,8.5,7,0,Percentage
Nick Viall,Peta Murgatroyd,TV Personality,Wisconsin,United States,36,24,Eliminated Week 7,6,6,4,30.5,7.625,7,0,Percentage
Nick Viall,Peta Murgatroyd,TV Personality,Wisconsin,United States,36,24,Eliminated Week 7,6,7,4,34.0,8.5,7,1,Percentage
Nick Viall,Peta Murgatroyd,TV Personality,Wisconsin,United States,36,24,Eliminated Week 7,6,8,4,0.0,0.0,7,0,Percentage
Nick Viall,Peta Murgatroyd,TV Personality,Wisconsin,United States,36,24,Eliminated Week 7,6,9,4,0.0,0.0,7,0,Percentage
Nick Viall,Peta Murgatroyd,TV Personality,Wisconsin,United States,36,24,Eliminated Week 7,6,10,4,0.0,0.0,7,0,Percentage
Nicole Scherzinger,Derek Hough,Singer/Rapper,Hawaii,United States,31,10,1st Place,1,1,3,25.0,8.333333333333334,99,0,Percentage
Nicole Scherzinger,Derek Hough,Singer/Rapper,Hawaii,United States,31,10,1st Place,1,2,3,28.0,9.333333333333334,99,0,Percentage
Nicole Scherzinger,Derek Hough,Singer/Rapper,Hawaii,United States,31,10,1st Place,1,3,3,23.0,7.666666666666667,99,0,Percentage
Nicole Scherzinger,Derek Hough,Singer/Rapper,Hawaii,United States,31,10,1st Place,1,4,3,25.0,8.333333333333334,99,0,Percentage
Nicole Scherzinger,Derek Hough,Singer/Rapper,Hawaii,United States,31,10,1st Place,1,5,3,29.0,9.666666666666666,99,0,Percentage
Nicole Scherzinger,Derek Hough,Singer/Rapper,Hawaii,United States,31,10,1st Place,1,6,3,35.9999,11.999966666666666,99,0,Percentage
Nicole Scherzinger,Derek Hough,Singer/Rapper,Hawaii,United States,31,10,1st Place,1,7,3,27.0,9.0,99,0,Percentage
Nicole Scherzinger,Derek Hough,Singer/Rapper,Hawaii,United States,31,10,1st Place,1,8,3,29.5,9.833333333333334,99,0,Percentage
Nicole Scherzinger,Derek Hough,Singer/Rapper,Hawaii,United States,31,10,1st Place,1,9,3,29.5,9.833333333333334,99,0,Percentage
Nicole Scherzinger,Derek Hough,Singer/Rapper,Hawaii,United States,31,10,1st Place,1,10,3,28.7777,9.592566666666666,99,0,Percentage
Niecy Nash,Louis van Amstel,Actor/Actress,California,United States,40,10,Eliminated Week 8,5,1,3,18.0,6.0,8,0,Percentage
Niecy Nash,Louis van Amstel,Actor/Actress,California,United States,40,10,Eliminated Week 8,5,2,3,21.0,7.0,8,0,Percentage
Niecy Nash,Louis van Amstel,Actor/Actress,California,United States,40,10,Eliminated Week 8,5,3,3,21.0,7.0,8,0,Percentage
Niecy Nash,Louis van Amstel,Actor/Actress,California,United States,40,10,Eliminated Week 8,5,4,3,18.0,6.0,8,0,Percentage
Niecy Nash,Louis van Amstel,Actor/Actress,California,United States,40,10,Eliminated Week 8,5,5,3,18.0,6.0,8,0,Percentage
Niecy Nash,Louis van Amstel,Actor/Actress,California,United States,40,10,Eliminated Week 8,5,6,3,25.9998,8.6666,8,0,Percentage
Niecy Nash,Louis van Amstel,Actor/Actress,California,United States,40,10,Eliminated Week 8,5,7,3,24.5,8.166666666666666,8,0,Percentage
Niecy Nash,Louis van Amstel,Actor/Actress,California,United States,40,10,Eliminated Week 8,5,8,3,21.5,7.166666666666667,8,1,Percentage
Niecy Nash,Louis van Amstel,Actor/Actress,California,United States,40,10,Eliminated Week 8,5,9,3,0.0,0.0,8,0,Percentage
Niecy Nash,Louis van Amstel,Actor/Actress,California,United States,40,10,Eliminated Week 8,5,10,3,0.0,0.0,8,0,Percentage
Nikki Bella,Artem Chigvintsev,Athlete,California,United States,33,25,Eliminated Week 7,8,1,3,20.0,6.666666666666667,7,0,Percentage
Nikki Bella,Artem Chigvintsev,Athlete,California,United States,33,25,Eliminated Week 7,8,2,3,19.5,6.5,7,0,Percentage
Nikki Bella,Artem Chigvintsev,Athlete,California,United States,33,25,Eliminated Week 7,8,3,3,21.0,7.0,7,0,Percentage
Nikki Bella,Artem Chigvintsev,Athlete,California,United States,33,25,Eliminated Week 7,8,4,3,24.0,8.0,7,0,Percentage
Nikki Bella,Artem Chigvintsev,Athlete,California,United States,33,25,Eliminated Week 7,8,5,3,27.0,9.0,7,0,Percentage
Nikki Bella,Artem Chigvintsev,Athlete,California,United States,33,25,Eliminated Week 7,8,6,4,36.0,9.0,7,0,Percentage
Nikki Bella,Artem Chigvintsev,Athlete,California,United States,33,25,Eliminated Week 7,8,7,3,24.0,8.0,7,1,Percentage
Nikki Bella,Artem Chigvintsev,Athlete,California,United States,33,25,Eliminated Week 7,8,8,3,0.0,0.0,7,0,Percentage
Nikki Bella,Artem Chigvintsev,Athlete,California,United States,33,25,Eliminated Week 7,8,9,3,0.0,0.0,7,0,Percentage
Nikki Bella,Artem Chigvintsev,Athlete,California,United States,33,25,Eliminated Week 7,8,10,4,0.0,0.0,7,0,Percentage
Nikki Glaser,Gleb Savchenko,Comedian,Ohio,United States,34,27,Eliminated Week 1,13,1,3,17.5,5.833333333333333,1,1,Percentage
Nikki Glaser,Gleb Savchenko,Comedian,Ohio,United States,34,27,Eliminated Week 1,13,2,3,0.0,0.0,1,0,Percentage
Nikki Glaser,Gleb Savchenko,Comedian,Ohio,United States,34,27,Eliminated Week 1,13,3,3,0.0,0.0,1,0,Percentage
Nikki Glaser,Gleb Savchenko,Comedian,Ohio,United States,34,27,Eliminated Week 1,13,4,3,0.0,0.0,1,0,Percentage
Nikki Glaser,Gleb Savchenko,Comedian,Ohio,United States,34,27,Eliminated Week 1,13,5,3,0.0,0.0,1,0,Percentage
Nikki Glaser,Gleb Savchenko,Comedian,Ohio,United States,34,27,Eliminated Week 1,13,6,3,0.0,0.0,1,0,Percentage
Nikki Glaser,Gleb Savchenko,Comedian,Ohio,United States,34,27,Eliminated Week 1,13,7,3,0.0,0.0,1,0,Percentage
Nikki Glaser,Gleb Savchenko,Comedian,Ohio,United States,34,27,Eliminated Week 1,13,8,3,0.0,0.0,1,0,Percentage
Nikki Glaser,Gleb Savchenko,Comedian,Ohio,United States,34,27,Eliminated Week 1,13,9,3,0.0,0.0,1,0,Percentage
Noah Galloway,Sharna Burgess,Motivational Speaker,Alabama,United States,33,20,3rd Place,3,1,4,26.0,6.5,99,0,Percentage
Noah Galloway,Sharna Burgess,Motivational Speaker,Alabama,United States,33,20,3rd Place,3,2,4,27.0,6.75,99,0,Percentage
Noah Galloway,Sharna Burgess,Motivational Speaker,Alabama,United States,33,20,3rd Place,3,3,4,30.0,7.5,99,0,Percentage
Noah Galloway,Sharna Burgess,Motivational Speaker,Alabama,United States,33,20,3rd Place,3,4,4,32.0,8.0,99,0,Percentage
Noah Galloway,Sharna Burgess,Motivational Speaker,Alabama,United States,33,20,3rd Place,3,5,4,28.0,7.0,99,0,Percentage
Noah Galloway,Sharna Burgess,Motivational Speaker,Alabama,United States,33,20,3rd Place,3,6,4,34.0,8.5,99,0,Percentage
Noah Galloway,Sharna Burgess,Motivational Speaker,Alabama,United States,33,20,3rd Place,3,7,4,38.0,9.5,99,0,Percentage
Noah Galloway,Sharna Burgess,Motivational Speaker,Alabama,United States,33,20,3rd Place,3,8,4,31.5,7.875,99,0,Percentage
Noah Galloway,Sharna Burgess,Motivational Speaker,Alabama,United States,33,20,3rd Place,3,9,4,38.0,9.5,99,0,Percentage
Noah Galloway,Sharna Burgess,Motivational Speaker,Alabama,United States,33,20,3rd Place,3,10,4,36.0,9.0,99,0,Percentage
Normani,Valentin Chmerkovskiy,Singer/Rapper,Georgia,United States,20,24,3rd Place,3,1,4,27.0,6.75,99,0,Percentage
Normani,Valentin Chmerkovskiy,Singer/Rapper,Georgia,United States,20,24,3rd Place,3,2,4,32.0,8.0,99,0,Percentage
Normani,Valentin Chmerkovskiy,Singer/Rapper,Georgia,United States,20,24,3rd Place,3,3,4,34.0,8.5,99,0,Percentage
Normani,Valentin Chmerkovskiy,Singer/Rapper,Georgia,United States,20,24,3rd Place,3,4,4,32.0,8.0,99,0,Percentage
Normani,Valentin Chmerkovskiy,Singer/Rapper,Georgia,United States,20,24,3rd Place,3,5,4,39.0,9.75,99,0,Percentage
Normani,Valentin Chmerkovskiy,Singer/Rapper,Georgia,United States,20,24,3rd Place,3,6,4,36.0,9.0,99,0,Percentage
Normani,Valentin Chmerkovskiy,Singer/Rapper,Georgia,United States,20,24,3rd Place,3,7,4,42.0,10.5,99,0,Percentage
Normani,Valentin Chmerkovskiy,Singer/Rapper,Georgia,United States,20,24,3rd Place,3,8,4,39.5,9.875,99,0,Percentage
Normani,Valentin Chmerkovskiy,Singer/Rapper,Georgia,United States,20,24,3rd Place,3,9,4,38.0,9.5,99,0,Percentage
Normani,Valentin Chmerkovskiy,Singer/Rapper,Georgia,United States,20,24,3rd Place,3,10,4,39.333200000000005,9.833300000000001,99,0,Percentage
Nyle DiMarco,Peta Murgatroyd,Model,New York,United States,26,22,1st Place,1,1,3,23.0,7.666666666666667,99,0,Percentage
Nyle DiMarco,Peta Murgatroyd,Model,New York,United States,26,22,1st Place,1,2,3,20.0,6.666666666666667,99,0,Percentage
Nyle DiMarco,Peta Murgatroyd,Model,New York,United States,26,22,1st Place,1,3,3,25.0,8.333333333333334,99,0,Percentage
Nyle DiMarco,Peta Murgatroyd,Model,New York,United States,26,22,1st Place,1,4,4,34.0,8.5,99,0,Percentage
Nyle DiMarco,Peta Murgatroyd,Model,New York,United States,26,22,1st Place,1,5,4,37.0,9.25,99,0,Percentage
Nyle DiMarco,Peta Murgatroyd,Model,New York,United States,26,22,1st Place,1,6,3,25.0,8.333333333333334,99,0,Percentage
Nyle DiMarco,Peta Murgatroyd,Model,New York,United States,26,22,1st Place,1,7,3,28.0,9.333333333333334,99,0,Percentage
Nyle DiMarco,Peta Murgatroyd,Model,New York,United States,26,22,1st Place,1,8,3,29.0,9.666666666666666,99,0,Percentage
Nyle DiMarco,Peta Murgatroyd,Model,New York,United States,26,22,1st Place,1,9,3,28.5,9.5,99,0,Percentage
Nyle DiMarco,Peta Murgatroyd,Model,New York,United States,26,22,1st Place,1,10,3,28.9998,9.6666,99,0,Percentage
Paige VanZant,Mark Ballas,Athlete,Oregon,United States,22,22,2nd Place,2,1,3,21.0,7.0,99,0,Percentage
Paige VanZant,Mark Ballas,Athlete,Oregon,United States,22,22,2nd Place,2,2,3,24.0,8.0,99,0,Percentage
Paige VanZant,Mark Ballas,Athlete,Oregon,United States,22,22,2nd Place,2,3,3,23.0,7.666666666666667,99,0,Percentage
Paige VanZant,Mark Ballas,Athlete,Oregon,United States,22,22,2nd Place,2,4,4,36.0,9.0,99,0,Percentage
Paige VanZant,Mark Ballas,Athlete,Oregon,United States,22,22,2nd Place,2,5,4,31.0,7.75,99,0,Percentage
Paige VanZant,Mark Ballas,Athlete,Oregon,United States,22,22,2nd Place,2,6,3,28.0,9.333333333333334,99,0,Percentage
Paige VanZant,Mark Ballas,Athlete,Oregon,United States,22,22,2nd Place,2,7,3,27.5,9.166666666666666,99,0,Percentage
Paige VanZant,Mark Ballas,Athlete,Oregon,United States,22,22,2nd Place,2,8,3,28.0,9.333333333333334,99,0,Percentage
Paige VanZant,Mark Ballas,Athlete,Oregon,United States,22,22,2nd Place,2,9,3,29.5,9.833333333333334,99,0,Percentage
Paige VanZant,Mark Ballas,Athlete,Oregon,United States,22,22,2nd Place,2,10,3,29.666600000000003,9.888866666666667,99,0,Percentage
Patti LaBelle,Artem Chigvintsev,Singer/Rapper,Pennsylvania,United States,70,20,Eliminated Week 6,8,1,4,25.0,6.25,6,0,Percentage
Patti LaBelle,Artem Chigvintsev,Singer/Rapper,Pennsylvania,United States,70,20,Eliminated Week 6,8,2,4,28.0,7.0,6,0,Percentage
Patti LaBelle,Artem Chigvintsev,Singer/Rapper,Pennsylvania,United States,70,20,Eliminated Week 6,8,3,4,22.0,5.5,6,0,Percentage
Patti LaBelle,Artem Chigvintsev,Singer/Rapper,Pennsylvania,United States,70,20,Eliminated Week 6,8,4,4,30.0,7.5,6,0,Percentage
Patti LaBelle,Artem Chigvintsev,Singer/Rapper,Pennsylvania,United States,70,20,Eliminated Week 6,8,5,4,27.0,6.75,6,0,Percentage
Patti LaBelle,Artem Chigvintsev,Singer/Rapper,Pennsylvania,United States,70,20,Eliminated Week 6,8,6,4,34.0,8.5,6,1,Percentage
Patti LaBelle,Artem Chigvintsev,Singer/Rapper,Pennsylvania,United States,70,20,Eliminated Week 6,8,7,4,0.0,0.0,6,0,Percentage
Patti LaBelle,Artem Chigvintsev,Singer/Rapper,Pennsylvania,United States,70,20,Eliminated Week 6,8,8,4,0.0,0.0,6,0,Percentage
Patti LaBelle,Artem Chigvintsev,Singer/Rapper,Pennsylvania,United States,70,20,Eliminated Week 6,8,9,4,0.0,0.0,6,0,Percentage
Patti LaBelle,Artem Chigvintsev,Singer/Rapper,Pennsylvania,United States,70,20,Eliminated Week 6,8,10,4,0.0,0.0,6,0,Percentage
Paula Deen,Louis van Amstel,TV Personality,Georgia,United States,68,21,Eliminated Week 6,9,1,3,15.0,5.0,6,0,Percentage
Paula Deen,Louis van Amstel,TV Personality,Georgia,United States,68,21,Eliminated Week 6,9,2,3,18.5,6.166666666666667,6,0,Percentage
Paula Deen,Louis van Amstel,TV Personality,Georgia,United States,68,21,Eliminated Week 6,9,3,4,20.0,5.0,6,0,Percentage
Paula Deen,Louis van Amstel,TV Personality,Georgia,United States,68,21,Eliminated Week 6,9,4,3,18.0,6.0,6,0,Percentage
Paula Deen,Louis van Amstel,TV Personality,Georgia,United States,68,21,Eliminated Week 6,9,5,4,26.0,6.5,6,0,Percentage
Paula Deen,Louis van Amstel,TV Personality,Georgia,United States,68,21,Eliminated Week 6,9,6,4,24.0,6.0,6,1,Percentage
Paula Deen,Louis van Amstel,TV Personality,Georgia,United States,68,21,Eliminated Week 6,9,7,3,0.0,0.0,6,0,Percentage
Paula Deen,Louis van Amstel,TV Personality,Georgia,United States,68,21,Eliminated Week 6,9,8,3,0.0,0.0,6,0,Percentage
Paula Deen,Louis van Amstel,TV Personality,Georgia,United States,68,21,Eliminated Week 6,9,9,3,0.0,0.0,6,0,Percentage
Paula Deen,Louis van Amstel,TV Personality,Georgia,United States,68,21,Eliminated Week 6,9,10,3,0.0,0.0,6,0,Percentage
Paula Deen,Louis van Amstel,TV Personality,Georgia,United States,68,21,Eliminated Week 6,9,11,3,0.0,0.0,6,0,Percentage
Penn Jillette,Kym Johnson,Magician,Massachusetts,United States,53,6,Eliminated Week 2,12,1,3,16.0,5.333333333333333,2,0,Percentage
Penn Jillette,Kym Johnson,Magician,Massachusetts,United States,53,6,Eliminated Week 2,12,2,3,17.0,5.666666666666667,2,1,Percentage
Penn Jillette,Kym Johnson,Magician,Massachusetts,United States,53,6,Eliminated Week 2,12,3,3,0.0,0.0,2,0,Percentage
Penn Jillette,Kym Johnson,Magician,Massachusetts,United States,53,6,Eliminated Week 2,12,4,3,0.0,0.0,2,0,Percentage
Penn Jillette,Kym Johnson,Magician,Massachusetts,United States,53,6,Eliminated Week 2,12,5,3,0.0,0.0,2,0,Percentage
Penn Jillette,Kym Johnson,Magician,Massachusetts,United States,53,6,Eliminated Week 2,12,6,3,0.0,0.0,2,0,Percentage
Penn Jillette,Kym Johnson,Magician,Massachusetts,United States,53,6,Eliminated Week 2,12,7,3,0.0,0.0,2,0,Percentage
Penn Jillette,Kym Johnson,Magician,Massachusetts,United States,53,6,Eliminated Week 2,12,8,3,0.0,0.0,2,0,Percentage
Penn Jillette,Kym Johnson,Magician,Massachusetts,United States,53,6,Eliminated Week 2,12,9,3,0.0,0.0,2,0,Percentage
Penn Jillette,Kym Johnson,Magician,Massachusetts,United States,53,6,Eliminated Week 2,12,10,3,0.0,0.0,2,0,Percentage
Priscilla Presley,Louis van Amstel,Actor/Actress,New York,United States,62,6,Eliminated Week 5,8,1,3,24.0,8.0,5,0,Percentage
Priscilla Presley,Louis van Amstel,Actor/Actress,New York,United States,62,6,Eliminated Week 5,8,2,3,21.0,7.0,5,0,Percentage
Priscilla Presley,Louis van Amstel,Actor/Actress,New York,United States,62,6,Eliminated Week 5,8,3,3,26.0,8.666666666666666,5,0,Percentage
Priscilla Presley,Louis van Amstel,Actor/Actress,New York,United States,62,6,Eliminated Week 5,8,4,3,22.0,7.333333333333333,5,0,Percentage
Priscilla Presley,Louis van Amstel,Actor/Actress,New York,United States,62,6,Eliminated Week 5,8,5,3,21.0,7.0,5,1,Percentage
Priscilla Presley,Louis van Amstel,Actor/Actress,New York,United States,62,6,Eliminated Week 5,8,6,3,0.0,0.0,5,0,Percentage
Priscilla Presley,Louis van Amstel,Actor/Actress,New York,United States,62,6,Eliminated Week 5,8,7,3,0.0,0.0,5,0,Percentage
Priscilla Presley,Louis van Amstel,Actor/Actress,New York,United States,62,6,Eliminated Week 5,8,8,3,0.0,0.0,5,0,Percentage
Priscilla Presley,Louis van Amstel,Actor/Actress,New York,United States,62,6,Eliminated Week 5,8,9,3,0.0,0.0,5,0,Percentage
Priscilla Presley,Louis van Amstel,Actor/Actress,New York,United States,62,6,Eliminated Week 5,8,10,3,0.0,0.0,5,0,Percentage
Ralph Macchio,Karina Smirnoff,Actor/Actress,New York,United States,49,12,Eliminated Week 9,4,1,3,24.0,8.0,9,0,Percentage
Ralph Macchio,Karina Smirnoff,Actor/Actress,New York,United States,49,12,Eliminated Week 9,4,2,3,21.0,7.0,9,0,Percentage
Ralph Macchio,Karina Smirnoff,Actor/Actress,New York,United States,49,12,Eliminated Week 9,4,3,3,21.0,7.0,9,0,Percentage
Ralph Macchio,Karina Smirnoff,Actor/Actress,New York,United States,49,12,Eliminated Week 9,4,4,3,25.0,8.333333333333334,9,0,Percentage
Ralph Macchio,Karina Smirnoff,Actor/Actress,New York,United States,49,12,Eliminated Week 9,4,5,3,22.0,7.333333333333333,9,0,Percentage
Ralph Macchio,Karina Smirnoff,Actor/Actress,New York,United States,49,12,Eliminated Week 9,4,6,3,24.0,8.0,9,0,Percentage
Ralph Macchio,Karina Smirnoff,Actor/Actress,New York,United States,49,12,Eliminated Week 9,4,7,4,33.0,8.25,9,0,Percentage
Ralph Macchio,Karina Smirnoff,Actor/Actress,New York,United States,49,12,Eliminated Week 9,4,8,3,23.0,7.666666666666667,9,0,Percentage
Ralph Macchio,Karina Smirnoff,Actor/Actress,New York,United States,49,12,Eliminated Week 9,4,9,3,24.0,8.0,9,1,Percentage
Ralph Macchio,Karina Smirnoff,Actor/Actress,New York,United States,49,12,Eliminated Week 9,4,10,3,0.0,0.0,9,0,Percentage
Randy Couture,Karina Smirnoff,Athlete,Washington,United States,51,19,Eliminated Week 3,11,1,4,31.0,7.75,3,0,Percentage
Randy Couture,Karina Smirnoff,Athlete,Washington,United States,51,19,Eliminated Week 3,11,2,4,28.0,7.0,3,0,Percentage
Randy Couture,Karina Smirnoff,Athlete,Washington,United States,51,19,Eliminated Week 3,11,3,4,26.0,6.5,3,1,Percentage
Randy Couture,Karina Smirnoff,Athlete,Washington,United States,51,19,Eliminated Week 3,11,4,4,0.0,0.0,3,0,Percentage
Randy Couture,Karina Smirnoff,Athlete,Washington,United States,51,19,Eliminated Week 3,11,5,4,0.0,0.0,3,0,Percentage
Randy Couture,Karina Smirnoff,Athlete,Washington,United States,51,19,Eliminated Week 3,11,6,4,0.0,0.0,3,0,Percentage
Randy Couture,Karina Smirnoff,Athlete,Washington,United States,51,19,Eliminated Week 3,11,7,4,0.0,0.0,3,0,Percentage
Randy Couture,Karina Smirnoff,Athlete,Washington,United States,51,19,Eliminated Week 3,11,8,4,0.0,0.0,3,0,Percentage
Randy Couture,Karina Smirnoff,Athlete,Washington,United States,51,19,Eliminated Week 3,11,9,4,0.0,0.0,3,0,Percentage
Randy Couture,Karina Smirnoff,Athlete,Washington,United States,51,19,Eliminated Week 3,11,10,4,0.0,0.0,3,0,Percentage
Randy Couture,Karina Smirnoff,Athlete,Washington,United States,51,19,Eliminated Week 3,11,11,4,0.0,0.0,3,0,Percentage
Rashad Jennings,Emma Slater,Athlete,Virginia,United States,32,24,1st Place,1,1,4,31.0,7.75,99,0,Percentage
Rashad Jennings,Emma Slater,Athlete,Virginia,United States,32,24,1st Place,1,2,4,32.0,8.0,99,0,Percentage
Rashad Jennings,Emma Slater,Athlete,Virginia,United States,32,24,1st Place,1,3,4,28.0,7.0,99,0,Percentage
Rashad Jennings,Emma Slater,Athlete,Virginia,United States,32,24,1st Place,1,4,4,39.0,9.75,99,0,Percentage
Rashad Jennings,Emma Slater,Athlete,Virginia,United States,32,24,1st Place,1,5,4,32.0,8.0,99,0,Percentage
Rashad Jennings,Emma Slater,Athlete,Virginia,United States,32,24,1st Place,1,6,4,35.0,8.75,99,0,Percentage
Rashad Jennings,Emma Slater,Athlete,Virginia,United States,32,24,1st Place,1,7,4,39.0,9.75,99,0,Percentage
Rashad Jennings,Emma Slater,Athlete,Virginia,United States,32,24,1st Place,1,8,4,37.5,9.375,99,0,Percentage
Rashad Jennings,Emma Slater,Athlete,Virginia,United States,32,24,1st Place,1,9,4,38.5,9.625,99,0,Percentage
Rashad Jennings,Emma Slater,Athlete,Virginia,United States,32,24,1st Place,1,10,4,39.6666,9.91665,99,0,Percentage
Redfoo,Emma Slater,Singer/Rapper,California,United States,39,20,Eliminated Week 2,12,1,4,22.0,5.5,2,0,Percentage
Redfoo,Emma Slater,Singer/Rapper,California,United States,39,20,Eliminated Week 2,12,2,4,31.0,7.75,2,1,Percentage
Redfoo,Emma Slater,Singer/Rapper,California,United States,39,20,Eliminated Week 2,12,3,4,0.0,0.0,2,0,Percentage
Redfoo,Emma Slater,Singer/Rapper,California,United States,39,20,Eliminated Week 2,12,4,4,0.0,0.0,2,0,Percentage
Redfoo,Emma Slater,Singer/Rapper,California,United States,39,20,Eliminated Week 2,12,5,4,0.0,0.0,2,0,Percentage
Redfoo,Emma Slater,Singer/Rapper,California,United States,39,20,Eliminated Week 2,12,6,4,0.0,0.0,2,0,Percentage
Redfoo,Emma Slater,Singer/Rapper,California,United States,39,20,Eliminated Week 2,12,7,4,0.0,0.0,2,0,Percentage
Redfoo,Emma Slater,Singer/Rapper,California,United States,39,20,Eliminated Week 2,12,8,4,0.0,0.0,2,0,Percentage
Redfoo,Emma Slater,Singer/Rapper,California,United States,39,20,Eliminated Week 2,12,9,4,0.0,0.0,2,0,Percentage
Redfoo,Emma Slater,Singer/Rapper,California,United States,39,20,Eliminated Week 2,12,10,4,0.0,0.0,2,0,Percentage
Rick Perry,Emma Slater,Politician,Texas,United States,66,23,Eliminated Week 3,12,1,4,20.0,5.0,3,0,Percentage
Rick Perry,Emma Slater,Politician,Texas,United States,66,23,Eliminated Week 3,12,2,4,22.0,5.5,3,0,Percentage
Rick Perry,Emma Slater,Politician,Texas,United States,66,23,Eliminated Week 3,12,3,4,23.0,5.75,3,1,Percentage
Rick Perry,Emma Slater,Politician,Texas,United States,66,23,Eliminated Week 3,12,4,3,0.0,0.0,3,0,Percentage
Rick Perry,Emma Slater,Politician,Texas,United States,66,23,Eliminated Week 3,12,5,3,0.0,0.0,3,0,Percentage
Rick Perry,Emma Slater,Politician,Texas,United States,66,23,Eliminated Week 3,12,6,4,0.0,0.0,3,0,Percentage
Rick Perry,Emma Slater,Politician,Texas,United States,66,23,Eliminated Week 3,12,7,4,0.0,0.0,3,0,Percentage
Rick Perry,Emma Slater,Politician,Texas,United States,66,23,Eliminated Week 3,12,8,3,0.0,0.0,3,0,Percentage
Rick Perry,Emma Slater,Politician,Texas,United States,66,23,Eliminated Week 3,12,9,4,0.0,0.0,3,0,Percentage
Rick Perry,Emma Slater,Politician,Texas,United States,66,23,Eliminated Week 3,12,10,3,0.0,0.0,3,0,Percentage
Rick Perry,Emma Slater,Politician,Texas,United States,66,23,Eliminated Week 3,12,11,4,0.0,0.0,3,0,Percentage
Ricki Lake,Derek Hough,Actor/Actress,New York,United States,42,13,3rd Place,3,1,3,20.0,6.666666666666667,99,0,Percentage
Ricki Lake,Derek Hough,Actor/Actress,New York,United States,42,13,3rd Place,3,2,3,23.0,7.666666666666667,99,0,Percentage
Ricki Lake,Derek Hough,Actor/Actress,New York,United States,42,13,3rd Place,3,3,3,27.0,9.0,99,0,Percentage
Ricki Lake,Derek Hough,Actor/Actress,New York,United States,42,13,3rd Place,3,4,3,29.0,9.666666666666666,99,0,Percentage
Ricki Lake,Derek Hough,Actor/Actress,New York,United States,42,13,3rd Place,3,5,3,24.0,8.0,99,0,Percentage
Ricki Lake,Derek Hough,Actor/Actress,New York,United States,42,13,3rd Place,3,6,3,29.0,9.666666666666666,99,0,Percentage
Ricki Lake,Derek Hough,Actor/Actress,New York,United States,42,13,3rd Place,3,7,3,26.5,8.833333333333334,99,0,Percentage
Ricki Lake,Derek Hough,Actor/Actress,New York,United States,42,13,3rd Place,3,8,3,26.0,8.666666666666666,99,0,Percentage
Ricki Lake,Derek Hough,Actor/Actress,New York,United States,42,13,3rd Place,3,9,3,33.4999,11.166633333333332,99,0,Percentage
Ricki Lake,Derek Hough,Actor/Actress,New York,United States,42,13,3rd Place,3,10,3,27.999899999999997,9.3333,99,0,Percentage
Riker Lynch,Allison Holker,Actor/Actress,Colorado,United States,23,20,2nd Place,2,1,4,31.0,7.75,99,0,Percentage
Riker Lynch,Allison Holker,Actor/Actress,Colorado,United States,23,20,2nd Place,2,2,4,32.0,8.0,99,0,Percentage
Riker Lynch,Allison Holker,Actor/Actress,Colorado,United States,23,20,2nd Place,2,3,4,34.0,8.5,99,0,Percentage
Riker Lynch,Allison Holker,Actor/Actress,Colorado,United States,23,20,2nd Place,2,4,4,34.0,8.5,99,0,Percentage
Riker Lynch,Allison Holker,Actor/Actress,Colorado,United States,23,20,2nd Place,2,5,4,38.0,9.5,99,0,Percentage
Riker Lynch,Allison Holker,Actor/Actress,Colorado,United States,23,20,2nd Place,2,6,4,38.0,9.5,99,0,Percentage
Riker Lynch,Allison Holker,Actor/Actress,Colorado,United States,23,20,2nd Place,2,7,4,37.0,9.25,99,0,Percentage
Riker Lynch,Allison Holker,Actor/Actress,Colorado,United States,23,20,2nd Place,2,8,4,39.0,9.75,99,0,Percentage
Riker Lynch,Allison Holker,Actor/Actress,Colorado,United States,23,20,2nd Place,2,9,4,40.0,10.0,99,0,Percentage
Riker Lynch,Allison Holker,Actor/Actress,Colorado,United States,23,20,2nd Place,2,10,4,40.0,10.0,99,0,Percentage
Rob Kardashian,Cheryl Burke,TV Personality,California,United States,24,13,2nd Place,2,1,3,16.0,5.333333333333333,99,0,Percentage
Rob Kardashian,Cheryl Burke,TV Personality,California,United States,24,13,2nd Place,2,2,3,21.0,7.0,99,0,Percentage
Rob Kardashian,Cheryl Burke,TV Personality,California,United States,24,13,2nd Place,2,3,3,24.0,8.0,99,0,Percentage
Rob Kardashian,Cheryl Burke,TV Personality,California,United States,24,13,2nd Place,2,4,3,24.0,8.0,99,0,Percentage
Rob Kardashian,Cheryl Burke,TV Personality,California,United States,24,13,2nd Place,2,5,3,25.0,8.333333333333334,99,0,Percentage
Rob Kardashian,Cheryl Burke,TV Personality,California,United States,24,13,2nd Place,2,6,3,22.0,7.333333333333333,99,0,Percentage
Rob Kardashian,Cheryl Burke,TV Personality,California,United States,24,13,2nd Place,2,7,3,25.5,8.5,99,0,Percentage
Rob Kardashian,Cheryl Burke,TV Personality,California,United States,24,13,2nd Place,2,8,3,25.5,8.5,99,0,Percentage
Rob Kardashian,Cheryl Burke,TV Personality,California,United States,24,13,2nd Place,2,9,3,32.4998,10.833266666666667,99,0,Percentage
Rob Kardashian,Cheryl Burke,TV Personality,California,United States,24,13,2nd Place,2,10,3,28.333199999999998,9.4444,99,0,Percentage
Rocco DiSpirito,Karina Smirnoff,TV Personality,New York,United States,41,7,Eliminated Week 4,9,1,3,17.5,5.833333333333333,4,0,Percentage
Rocco DiSpirito,Karina Smirnoff,TV Personality,New York,United States,41,7,Eliminated Week 4,9,2,3,16.0,5.333333333333333,4,0,Percentage
Rocco DiSpirito,Karina Smirnoff,TV Personality,New York,United States,41,7,Eliminated Week 4,9,3,3,20.0,6.666666666666667,4,0,Percentage
Rocco DiSpirito,Karina Smirnoff,TV Personality,New York,United States,41,7,Eliminated Week 4,9,4,3,18.0,6.0,4,1,Percentage
Rocco DiSpirito,Karina Smirnoff,TV Personality,New York,United States,41,7,Eliminated Week 4,9,5,3,0.0,0.0,4,0,Percentage
Rocco DiSpirito,Karina Smirnoff,TV Personality,New York,United States,41,7,Eliminated Week 4,9,6,3,0.0,0.0,4,0,Percentage
Rocco DiSpirito,Karina Smirnoff,TV Personality,New York,United States,41,7,Eliminated Week 4,9,7,3,0.0,0.0,4,0,Percentage
Rocco DiSpirito,Karina Smirnoff,TV Personality,New York,United States,41,7,Eliminated Week 4,9,8,3,0.0,0.0,4,0,Percentage
Rocco DiSpirito,Karina Smirnoff,TV Personality,New York,United States,41,7,Eliminated Week 4,9,9,3,0.0,0.0,4,0,Percentage
Rocco DiSpirito,Karina Smirnoff,TV Personality,New York,United States,41,7,Eliminated Week 4,9,10,3,0.0,0.0,4,0,Percentage
Romeo,Chelsie Hightower,Singer/Rapper,Louisiana,United States,21,12,Eliminated Week 8,5,1,3,19.0,6.333333333333333,8,0,Percentage
Romeo,Chelsie Hightower,Singer/Rapper,Louisiana,United States,21,12,Eliminated Week 8,5,2,3,23.0,7.666666666666667,8,0,Percentage
Romeo,Chelsie Hightower,Singer/Rapper,Louisiana,United States,21,12,Eliminated Week 8,5,3,3,20.0,6.666666666666667,8,0,Percentage
Romeo,Chelsie Hightower,Singer/Rapper,Louisiana,United States,21,12,Eliminated Week 8,5,4,3,23.0,7.666666666666667,8,0,Percentage
Romeo,Chelsie Hightower,Singer/Rapper,Louisiana,United States,21,12,Eliminated Week 8,5,5,3,26.0,8.666666666666666,8,0,Percentage
Romeo,Chelsie Hightower,Singer/Rapper,Louisiana,United States,21,12,Eliminated Week 8,5,6,3,28.0,9.333333333333334,8,0,Percentage
Romeo,Chelsie Hightower,Singer/Rapper,Louisiana,United States,21,12,Eliminated Week 8,5,7,4,30.0,7.5,8,0,Percentage
Romeo,Chelsie Hightower,Singer/Rapper,Louisiana,United States,21,12,Eliminated Week 8,5,8,3,26.0,8.666666666666666,8,1,Percentage
Romeo,Chelsie Hightower,Singer/Rapper,Louisiana,United States,21,12,Eliminated Week 8,5,9,3,0.0,0.0,8,0,Percentage
Romeo,Chelsie Hightower,Singer/Rapper,Louisiana,United States,21,12,Eliminated Week 8,5,10,3,0.0,0.0,8,0,Percentage
Roshon Fegan,Chelsie Hightower,Actor/Actress,California,United States,20,14,Eliminated Week 8,6,1,3,23.0,7.666666666666667,8,0,Percentage
Roshon Fegan,Chelsie Hightower,Actor/Actress,California,United States,20,14,Eliminated Week 8,6,2,3,26.0,8.666666666666666,8,0,Percentage
Roshon Fegan,Chelsie Hightower,Actor/Actress,California,United States,20,14,Eliminated Week 8,6,3,3,25.0,8.333333333333334,8,0,Percentage
Roshon Fegan,Chelsie Hightower,Actor/Actress,California,United States,20,14,Eliminated Week 8,6,4,3,26.0,8.666666666666666,8,0,Percentage
Roshon Fegan,Chelsie Hightower,Actor/Actress,California,United States,20,14,Eliminated Week 8,6,5,3,26.0,8.666666666666666,8,0,Percentage
Roshon Fegan,Chelsie Hightower,Actor/Actress,California,United States,20,14,Eliminated Week 8,6,6,3,27.9998,9.333266666666667,8,0,Percentage
Roshon Fegan,Chelsie Hightower,Actor/Actress,California,United States,20,14,Eliminated Week 8,6,7,3,26.0,8.666666666666666,8,0,Percentage
Roshon Fegan,Chelsie Hightower,Actor/Actress,California,United States,20,14,Eliminated Week 8,6,8,3,28.0,9.333333333333334,8,1,Percentage
Roshon Fegan,Chelsie Hightower,Actor/Actress,California,United States,20,14,Eliminated Week 8,6,9,3,0.0,0.0,8,0,Percentage
Roshon Fegan,Chelsie Hightower,Actor/Actress,California,United States,20,14,Eliminated Week 8,6,10,3,0.0,0.0,8,0,Percentage
Rumer Willis,Valentin Chmerkovskiy,Actor/Actress,Kentucky,United States,26,20,1st Place,1,1,4,32.0,8.0,99,0,Percentage
Rumer Willis,Valentin Chmerkovskiy,Actor/Actress,Kentucky,United States,26,20,1st Place,1,2,4,32.0,8.0,99,0,Percentage
Rumer Willis,Valentin Chmerkovskiy,Actor/Actress,Kentucky,United States,26,20,1st Place,1,3,4,33.0,8.25,99,0,Percentage
Rumer Willis,Valentin Chmerkovskiy,Actor/Actress,Kentucky,United States,26,20,1st Place,1,4,4,35.0,8.75,99,0,Percentage
Rumer Willis,Valentin Chmerkovskiy,Actor/Actress,Kentucky,United States,26,20,1st Place,1,5,4,39.0,9.75,99,0,Percentage
Rumer Willis,Valentin Chmerkovskiy,Actor/Actress,Kentucky,United States,26,20,1st Place,1,6,4,35.5,8.875,99,0,Percentage
Rumer Willis,Valentin Chmerkovskiy,Actor/Actress,Kentucky,United States,26,20,1st Place,1,7,4,37.0,9.25,99,0,Percentage
Rumer Willis,Valentin Chmerkovskiy,Actor/Actress,Kentucky,United States,26,20,1st Place,1,8,4,40.0,10.0,99,0,Percentage
Rumer Willis,Valentin Chmerkovskiy,Actor/Actress,Kentucky,United States,26,20,1st Place,1,9,4,39.0,9.75,99,0,Percentage
Rumer Willis,Valentin Chmerkovskiy,Actor/Actress,Kentucky,United States,26,20,1st Place,1,10,4,40.0,10.0,99,0,Percentage
Ryan Lochte,Cheryl Burke,Athlete,New York,United States,32,23,Eliminated Week 8,7,1,4,24.0,6.0,8,0,Percentage
Ryan Lochte,Cheryl Burke,Athlete,New York,United States,32,23,Eliminated Week 8,7,2,4,24.0,6.0,8,0,Percentage
Ryan Lochte,Cheryl Burke,Athlete,New York,United States,32,23,Eliminated Week 8,7,3,4,25.0,6.25,8,0,Percentage
Ryan Lochte,Cheryl Burke,Athlete,New York,United States,32,23,Eliminated Week 8,7,4,3,22.0,7.333333333333333,8,0,Percentage
Ryan Lochte,Cheryl Burke,Athlete,New York,United States,32,23,Eliminated Week 8,7,5,3,24.0,8.0,8,0,Percentage
Ryan Lochte,Cheryl Burke,Athlete,New York,United States,32,23,Eliminated Week 8,7,6,4,30.0,7.5,8,0,Percentage
Ryan Lochte,Cheryl Burke,Athlete,New York,United States,32,23,Eliminated Week 8,7,7,4,33.0,8.25,8,0,Percentage
Ryan Lochte,Cheryl Burke,Athlete,New York,United States,32,23,Eliminated Week 8,7,8,3,26.0,8.666666666666666,8,1,Percentage
Ryan Lochte,Cheryl Burke,Athlete,New York,United States,32,23,Eliminated Week 8,7,9,4,0.0,0.0,8,0,Percentage
Ryan Lochte,Cheryl Burke,Athlete,New York,United States,32,23,Eliminated Week 8,7,10,3,0.0,0.0,8,0,Percentage
Ryan Lochte,Cheryl Burke,Athlete,New York,United States,32,23,Eliminated Week 8,7,11,4,0.0,0.0,8,0,Percentage
Sabrina Bryan,Louis van Amstel,Actor/Actress,California,United States,28,15,Eliminated Week 6,8,1,3,22.5,7.5,6,0,Percentage
Sabrina Bryan,Louis van Amstel,Actor/Actress,California,United States,28,15,Eliminated Week 6,8,2,3,26.0,8.666666666666666,6,0,Percentage
Sabrina Bryan,Louis van Amstel,Actor/Actress,California,United States,28,15,Eliminated Week 6,8,3,3,25.5,8.5,6,0,Percentage
Sabrina Bryan,Louis van Amstel,Actor/Actress,California,United States,28,15,Eliminated Week 6,8,4,4,35.5,8.875,6,0,Percentage
Sabrina Bryan,Louis van Amstel,Actor/Actress,California,United States,28,15,Eliminated Week 6,8,5,3,29.25,9.75,6,0,Percentage
Sabrina Bryan,Louis van Amstel,Actor/Actress,California,United States,28,15,Eliminated Week 6,8,6,3,30.0,10.0,6,1,Percentage
Sabrina Bryan,Louis van Amstel,Actor/Actress,California,United States,28,15,Eliminated Week 6,8,7,3,0.0,0.0,6,0,Percentage
Sabrina Bryan,Louis van Amstel,Actor/Actress,California,United States,28,15,Eliminated Week 6,8,8,3,0.0,0.0,6,0,Percentage
Sabrina Bryan,Louis van Amstel,Actor/Actress,California,United States,28,15,Eliminated Week 6,8,9,3,0.0,0.0,6,0,Percentage
Sabrina Bryan,Louis van Amstel,Actor/Actress,California,United States,28,15,Eliminated Week 6,8,10,3,0.0,0.0,6,0,Percentage
Sabrina Bryan,Mark Ballas,Actor/Actress,California,United States,23,5,Eliminated Week 6,7,1,3,26.0,8.666666666666666,6,0,Percentage
Sabrina Bryan,Mark Ballas,Actor/Actress,California,United States,23,5,Eliminated Week 6,7,2,3,26.0,8.666666666666666,6,0,Percentage
Sabrina Bryan,Mark Ballas,Actor/Actress,California,United States,23,5,Eliminated Week 6,7,3,3,27.0,9.0,6,0,Percentage
Sabrina Bryan,Mark Ballas,Actor/Actress,California,United States,23,5,Eliminated Week 6,7,4,3,30.0,10.0,6,0,Percentage
Sabrina Bryan,Mark Ballas,Actor/Actress,California,United States,23,5,Eliminated Week 6,7,5,3,28.0,9.333333333333334,6,0,Percentage
Sabrina Bryan,Mark Ballas,Actor/Actress,California,United States,23,5,Eliminated Week 6,7,6,3,25.0,8.333333333333334,6,1,Percentage
Sabrina Bryan,Mark Ballas,Actor/Actress,California,United States,23,5,Eliminated Week 6,7,7,3,0.0,0.0,6,0,Percentage
Sabrina Bryan,Mark Ballas,Actor/Actress,California,United States,23,5,Eliminated Week 6,7,8,3,0.0,0.0,6,0,Percentage
Sabrina Bryan,Mark Ballas,Actor/Actress,California,United States,23,5,Eliminated Week 6,7,9,3,0.0,0.0,6,0,Percentage
Sabrina Bryan,Mark Ballas,Actor/Actress,California,United States,23,5,Eliminated Week 6,7,10,3,0.0,0.0,6,0,Percentage
Sadie Robertson,Mark Ballas,TV Personality,Louisiana,United States,17,19,2nd Place,2,1,4,34.0,8.5,99,0,Percentage
Sadie Robertson,Mark Ballas,TV Personality,Louisiana,United States,17,19,2nd Place,2,2,4,31.0,7.75,99,0,Percentage
Sadie Robertson,Mark Ballas,TV Personality,Louisiana,United States,17,19,2nd Place,2,3,4,32.0,8.0,99,0,Percentage
Sadie Robertson,Mark Ballas,TV Personality,Louisiana,United States,17,19,2nd Place,2,4,4,37.0,9.25,99,0,Percentage
Sadie Robertson,Mark Ballas,TV Personality,Louisiana,United States,17,19,2nd Place,2,5,4,36.0,9.0,99,0,Percentage
Sadie Robertson,Mark Ballas,TV Personality,Louisiana,United States,17,19,2nd Place,2,6,4,35.0,8.75,99,0,Percentage
Sadie Robertson,Mark Ballas,TV Personality,Louisiana,United States,17,19,2nd Place,2,7,4,31.0,7.75,99,0,Percentage
Sadie Robertson,Mark Ballas,TV Personality,Louisiana,United States,17,19,2nd Place,2,8,4,38.0,9.5,99,0,Percentage
Sadie Robertson,Mark Ballas,TV Personality,Louisiana,United States,17,19,2nd Place,2,9,4,36.5,9.125,99,0,Percentage
Sadie Robertson,Mark Ballas,TV Personality,Louisiana,United States,17,19,2nd Place,2,10,4,37.0,9.25,99,0,Percentage
Sadie Robertson,Mark Ballas,TV Personality,Louisiana,United States,17,19,2nd Place,2,11,4,39.333200000000005,9.833300000000001,99,0,Percentage
Sara Evans,Tony Dovolani,Singer/Rapper,Missouri,United States,35,3,Withdrew,6,1,3,15.0,5.0,99,0,Percentage
Sara Evans,Tony Dovolani,Singer/Rapper,Missouri,United States,35,3,Withdrew,6,2,3,21.0,7.0,99,0,Percentage
Sara Evans,Tony Dovolani,Singer/Rapper,Missouri,United States,35,3,Withdrew,6,3,3,25.0,8.333333333333334,99,0,Percentage
Sara Evans,Tony Dovolani,Singer/Rapper,Missouri,United States,35,3,Withdrew,6,4,3,20.0,6.666666666666667,99,0,Percentage
Sara Evans,Tony Dovolani,Singer/Rapper,Missouri,United States,35,3,Withdrew,6,5,3,24.0,8.0,99,0,Percentage
Sara Evans,Tony Dovolani,Singer/Rapper,Missouri,United States,35,3,Withdrew,6,6,3,0.0,0.0,99,0,Percentage
Sara Evans,Tony Dovolani,Singer/Rapper,Missouri,United States,35,3,Withdrew,6,7,3,0.0,0.0,99,0,Percentage
Sara Evans,Tony Dovolani,Singer/Rapper,Missouri,United States,35,3,Withdrew,6,8,3,0.0,0.0,99,0,Percentage
Sara Evans,Tony Dovolani,Singer/Rapper,Missouri,United States,35,3,Withdrew,6,9,3,0.0,0.0,99,0,Percentage
Sara Evans,Tony Dovolani,Singer/Rapper,Missouri,United States,35,3,Withdrew,6,10,3,0.0,0.0,99,0,Percentage
Sean Lowe,Peta Murgatroyd,TV Personality,Texas,United States,29,16,Eliminated Week 8,6,1,3,19.0,6.333333333333333,8,0,Percentage
Sean Lowe,Peta Murgatroyd,TV Personality,Texas,United States,29,16,Eliminated Week 8,6,2,3,20.0,6.666666666666667,8,0,Percentage
Sean Lowe,Peta Murgatroyd,TV Personality,Texas,United States,29,16,Eliminated Week 8,6,3,3,21.0,7.0,8,0,Percentage
Sean Lowe,Peta Murgatroyd,TV Personality,Texas,United States,29,16,Eliminated Week 8,6,4,3,20.0,6.666666666666667,8,0,Percentage
Sean Lowe,Peta Murgatroyd,TV Personality,Texas,United States,29,16,Eliminated Week 8,6,5,3,24.0,8.0,8,0,Percentage
Sean Lowe,Peta Murgatroyd,TV Personality,Texas,United States,29,16,Eliminated Week 8,6,6,3,23.0,7.666666666666667,8,0,Percentage
Sean Lowe,Peta Murgatroyd,TV Personality,Texas,United States,29,16,Eliminated Week 8,6,7,3,24.0,8.0,8,0,Percentage
Sean Lowe,Peta Murgatroyd,TV Personality,Texas,United States,29,16,Eliminated Week 8,6,8,3,21.0,7.0,8,1,Percentage
Sean Lowe,Peta Murgatroyd,TV Personality,Texas,United States,29,16,Eliminated Week 8,6,9,3,0.0,0.0,8,0,Percentage
Sean Lowe,Peta Murgatroyd,TV Personality,Texas,United States,29,16,Eliminated Week 8,6,10,3,0.0,0.0,8,0,Percentage
Shandi Finnessey,Brian Fortuna,Beauty Pagent,Missouri,United States,28,4,Eliminated Week 3,10,1,3,19.0,6.333333333333333,3,0,Percentage
Shandi Finnessey,Brian Fortuna,Beauty Pagent,Missouri,United States,28,4,Eliminated Week 3,10,2,3,20.0,6.666666666666667,3,0,Percentage
Shandi Finnessey,Brian Fortuna,Beauty Pagent,Missouri,United States,28,4,Eliminated Week 3,10,3,3,21.0,7.0,3,1,Percentage
Shandi Finnessey,Brian Fortuna,Beauty Pagent,Missouri,United States,28,4,Eliminated Week 3,10,4,3,0.0,0.0,3,0,Percentage
Shandi Finnessey,Brian Fortuna,Beauty Pagent,Missouri,United States,28,4,Eliminated Week 3,10,5,3,0.0,0.0,3,0,Percentage
Shandi Finnessey,Brian Fortuna,Beauty Pagent,Missouri,United States,28,4,Eliminated Week 3,10,6,3,0.0,0.0,3,0,Percentage
Shandi Finnessey,Brian Fortuna,Beauty Pagent,Missouri,United States,28,4,Eliminated Week 3,10,7,3,0.0,0.0,3,0,Percentage
Shandi Finnessey,Brian Fortuna,Beauty Pagent,Missouri,United States,28,4,Eliminated Week 3,10,8,3,0.0,0.0,3,0,Percentage
Shandi Finnessey,Brian Fortuna,Beauty Pagent,Missouri,United States,28,4,Eliminated Week 3,10,9,3,0.0,0.0,3,0,Percentage
Shandi Finnessey,Brian Fortuna,Beauty Pagent,Missouri,United States,28,4,Eliminated Week 3,10,10,3,0.0,0.0,3,0,Percentage
Shanna Moakler,Jesse DeSoto,Model,Rhode Island,United States,31,3,Eliminated Week 2,10,1,3,18.0,6.0,2,0,Percentage
Shanna Moakler,Jesse DeSoto,Model,Rhode Island,United States,31,3,Eliminated Week 2,10,2,3,22.0,7.333333333333333,2,1,Percentage
Shanna Moakler,Jesse DeSoto,Model,Rhode Island,United States,31,3,Eliminated Week 2,10,3,3,0.0,0.0,2,0,Percentage
Shanna Moakler,Jesse DeSoto,Model,Rhode Island,United States,31,3,Eliminated Week 2,10,4,3,0.0,0.0,2,0,Percentage
Shanna Moakler,Jesse DeSoto,Model,Rhode Island,United States,31,3,Eliminated Week 2,10,5,3,0.0,0.0,2,0,Percentage
Shanna Moakler,Jesse DeSoto,Model,Rhode Island,United States,31,3,Eliminated Week 2,10,6,3,0.0,0.0,2,0,Percentage
Shanna Moakler,Jesse DeSoto,Model,Rhode Island,United States,31,3,Eliminated Week 2,10,7,3,0.0,0.0,2,0,Percentage
Shanna Moakler,Jesse DeSoto,Model,Rhode Island,United States,31,3,Eliminated Week 2,10,8,3,0.0,0.0,2,0,Percentage
Shanna Moakler,Jesse DeSoto,Model,Rhode Island,United States,31,3,Eliminated Week 2,10,9,3,0.0,0.0,2,0,Percentage
Shanna Moakler,Jesse DeSoto,Model,Rhode Island,United States,31,3,Eliminated Week 2,10,10,3,0.0,0.0,2,0,Percentage
Shannen Doherty,Mark Ballas,Actor/Actress,Tennessee,United States,38,10,Eliminated Week 2,11,1,3,18.0,6.0,2,0,Percentage
Shannen Doherty,Mark Ballas,Actor/Actress,Tennessee,United States,38,10,Eliminated Week 2,11,2,3,20.0,6.666666666666667,2,1,Percentage
Shannen Doherty,Mark Ballas,Actor/Actress,Tennessee,United States,38,10,Eliminated Week 2,11,3,3,0.0,0.0,2,0,Percentage
Shannen Doherty,Mark Ballas,Actor/Actress,Tennessee,United States,38,10,Eliminated Week 2,11,4,3,0.0,0.0,2,0,Percentage
Shannen Doherty,Mark Ballas,Actor/Actress,Tennessee,United States,38,10,Eliminated Week 2,11,5,3,0.0,0.0,2,0,Percentage
Shannen Doherty,Mark Ballas,Actor/Actress,Tennessee,United States,38,10,Eliminated Week 2,11,6,3,0.0,0.0,2,0,Percentage
Shannen Doherty,Mark Ballas,Actor/Actress,Tennessee,United States,38,10,Eliminated Week 2,11,7,3,0.0,0.0,2,0,Percentage
Shannen Doherty,Mark Ballas,Actor/Actress,Tennessee,United States,38,10,Eliminated Week 2,11,8,3,0.0,0.0,2,0,Percentage
Shannen Doherty,Mark Ballas,Actor/Actress,Tennessee,United States,38,10,Eliminated Week 2,11,9,3,0.0,0.0,2,0,Percentage
Shannen Doherty,Mark Ballas,Actor/Actress,Tennessee,United States,38,10,Eliminated Week 2,11,10,3,0.0,0.0,2,0,Percentage
Shannon Elizabeth,Derek Hough,Actor/Actress,Texas,United States,34,6,Eliminated Week 7,6,1,3,21.0,7.0,7,0,Percentage
Shannon Elizabeth,Derek Hough,Actor/Actress,Texas,United States,34,6,Eliminated Week 7,6,2,3,24.0,8.0,7,0,Percentage
Shannon Elizabeth,Derek Hough,Actor/Actress,Texas,United States,34,6,Eliminated Week 7,6,3,3,24.0,8.0,7,0,Percentage
Shannon Elizabeth,Derek Hough,Actor/Actress,Texas,United States,34,6,Eliminated Week 7,6,4,3,28.0,9.333333333333334,7,0,Percentage
Shannon Elizabeth,Derek Hough,Actor/Actress,Texas,United States,34,6,Eliminated Week 7,6,5,3,23.0,7.666666666666667,7,0,Percentage
Shannon Elizabeth,Derek Hough,Actor/Actress,Texas,United States,34,6,Eliminated Week 7,6,6,3,24.0,8.0,7,0,Percentage
Shannon Elizabeth,Derek Hough,Actor/Actress,Texas,United States,34,6,Eliminated Week 7,6,7,3,25.5,8.5,7,1,Percentage
Shannon Elizabeth,Derek Hough,Actor/Actress,Texas,United States,34,6,Eliminated Week 7,6,8,3,0.0,0.0,7,0,Percentage
Shannon Elizabeth,Derek Hough,Actor/Actress,Texas,United States,34,6,Eliminated Week 7,6,9,3,0.0,0.0,7,0,Percentage
Shannon Elizabeth,Derek Hough,Actor/Actress,Texas,United States,34,6,Eliminated Week 7,6,10,3,0.0,0.0,7,0,Percentage
Shawn Johnson,Derek Hough,Athlete,Iowa,United States,20,15,2nd Place,2,1,3,22.0,7.333333333333333,99,0,Percentage
Shawn Johnson,Derek Hough,Athlete,Iowa,United States,20,15,2nd Place,2,2,3,25.0,8.333333333333334,99,0,Percentage
Shawn Johnson,Derek Hough,Athlete,Iowa,United States,20,15,2nd Place,2,3,3,26.5,8.833333333333334,99,0,Percentage
Shawn Johnson,Derek Hough,Athlete,Iowa,United States,20,15,2nd Place,2,4,4,39.5,9.875,99,0,Percentage
Shawn Johnson,Derek Hough,Athlete,Iowa,United States,20,15,2nd Place,2,5,3,28.25,9.416666666666666,99,0,Percentage
Shawn Johnson,Derek Hough,Athlete,Iowa,United States,20,15,2nd Place,2,6,3,28.0,9.333333333333334,99,0,Percentage
Shawn Johnson,Derek Hough,Athlete,Iowa,United States,20,15,2nd Place,2,7,3,37.9998,12.6666,99,0,Percentage
Shawn Johnson,Derek Hough,Athlete,Iowa,United States,20,15,2nd Place,2,8,3,27.8333,9.277766666666666,99,0,Percentage
Shawn Johnson,Derek Hough,Athlete,Iowa,United States,20,15,2nd Place,2,9,3,29.5,9.833333333333334,99,0,Percentage
Shawn Johnson,Derek Hough,Athlete,Iowa,United States,20,15,2nd Place,2,10,3,28.9443,9.6481,99,0,Percentage
Shawn Johnson,Mark Ballas,Athlete,Iowa,United States,17,8,1st Place,1,1,3,23.0,7.666666666666667,99,0,Percentage
Shawn Johnson,Mark Ballas,Athlete,Iowa,United States,17,8,1st Place,1,2,3,24.0,8.0,99,0,Percentage
Shawn Johnson,Mark Ballas,Athlete,Iowa,United States,17,8,1st Place,1,3,3,27.0,9.0,99,0,Percentage
Shawn Johnson,Mark Ballas,Athlete,Iowa,United States,17,8,1st Place,1,4,3,25.0,8.333333333333334,99,0,Percentage
Shawn Johnson,Mark Ballas,Athlete,Iowa,United States,17,8,1st Place,1,5,3,26.0,8.666666666666666,99,0,Percentage
Shawn Johnson,Mark Ballas,Athlete,Iowa,United States,17,8,1st Place,1,6,3,26.0,8.666666666666666,99,0,Percentage
Shawn Johnson,Mark Ballas,Athlete,Iowa,United States,17,8,1st Place,1,7,3,28.0,9.333333333333334,99,0,Percentage
Shawn Johnson,Mark Ballas,Athlete,Iowa,United States,17,8,1st Place,1,8,3,26.0,8.666666666666666,99,0,Percentage
Shawn Johnson,Mark Ballas,Athlete,Iowa,United States,17,8,1st Place,1,9,3,28.0,9.333333333333334,99,0,Percentage
Shawn Johnson,Mark Ballas,Athlete,Iowa,United States,17,8,1st Place,1,10,3,28.0,9.333333333333334,99,0,Percentage
Shawn Johnson,Mark Ballas,Athlete,Iowa,United States,17,8,1st Place,1,11,3,30.0,10.0,99,0,Percentage
Sherri Sheperd,Valentin Chmerkovskiy,Actor/Actress,Illinois,United States,44,14,Eliminated Week 4,10,1,3,23.0,7.666666666666667,4,0,Percentage
Sherri Sheperd,Valentin Chmerkovskiy,Actor/Actress,Illinois,United States,44,14,Eliminated Week 4,10,2,3,23.0,7.666666666666667,4,0,Percentage
Sherri Sheperd,Valentin Chmerkovskiy,Actor/Actress,Illinois,United States,44,14,Eliminated Week 4,10,3,3,24.0,8.0,4,0,Percentage
Sherri Sheperd,Valentin Chmerkovskiy,Actor/Actress,Illinois,United States,44,14,Eliminated Week 4,10,4,3,21.0,7.0,4,1,Percentage
Sherri Sheperd,Valentin Chmerkovskiy,Actor/Actress,Illinois,United States,44,14,Eliminated Week 4,10,5,3,0.0,0.0,4,0,Percentage
Sherri Sheperd,Valentin Chmerkovskiy,Actor/Actress,Illinois,United States,44,14,Eliminated Week 4,10,6,3,0.0,0.0,4,0,Percentage
Sherri Sheperd,Valentin Chmerkovskiy,Actor/Actress,Illinois,United States,44,14,Eliminated Week 4,10,7,3,0.0,0.0,4,0,Percentage
Sherri Sheperd,Valentin Chmerkovskiy,Actor/Actress,Illinois,United States,44,14,Eliminated Week 4,10,8,3,0.0,0.0,4,0,Percentage
Sherri Sheperd,Valentin Chmerkovskiy,Actor/Actress,Illinois,United States,44,14,Eliminated Week 4,10,9,3,0.0,0.0,4,0,Percentage
Sherri Sheperd,Valentin Chmerkovskiy,Actor/Actress,Illinois,United States,44,14,Eliminated Week 4,10,10,3,0.0,0.0,4,0,Percentage
Simone Biles,Sasha Farber,Athlete,Ohio,United States,20,24,Eliminated Week 9,4,1,4,32.0,8.0,9,0,Percentage
Simone Biles,Sasha Farber,Athlete,Ohio,United States,20,24,Eliminated Week 9,4,2,4,29.0,7.25,9,0,Percentage
Simone Biles,Sasha Farber,Athlete,Ohio,United States,20,24,Eliminated Week 9,4,3,4,32.0,8.0,9,0,Percentage
Simone Biles,Sasha Farber,Athlete,Ohio,United States,20,24,Eliminated Week 9,4,4,4,36.0,9.0,9,0,Percentage
Simone Biles,Sasha Farber,Athlete,Ohio,United States,20,24,Eliminated Week 9,4,5,4,38.0,9.5,9,0,Percentage
Simone Biles,Sasha Farber,Athlete,Ohio,United States,20,24,Eliminated Week 9,4,6,4,34.5,8.625,9,0,Percentage
Simone Biles,Sasha Farber,Athlete,Ohio,United States,20,24,Eliminated Week 9,4,7,4,39.0,9.75,9,0,Percentage
Simone Biles,Sasha Farber,Athlete,Ohio,United States,20,24,Eliminated Week 9,4,8,4,36.0,9.0,9,0,Percentage
Simone Biles,Sasha Farber,Athlete,Ohio,United States,20,24,Eliminated Week 9,4,9,4,40.0,10.0,9,1,Percentage
Simone Biles,Sasha Farber,Athlete,Ohio,United States,20,24,Eliminated Week 9,4,10,4,0.0,0.0,9,0,Percentage
Steve Guttenberg,Anna Trebunskaya,Actor/Actress,New York,United States,49,6,Eliminated Week 3,10,1,3,18.0,6.0,3,0,Percentage
Steve Guttenberg,Anna Trebunskaya,Actor/Actress,New York,United States,49,6,Eliminated Week 3,10,2,3,16.0,5.333333333333333,3,0,Percentage
Steve Guttenberg,Anna Trebunskaya,Actor/Actress,New York,United States,49,6,Eliminated Week 3,10,3,3,21.0,7.0,3,1,Percentage
Steve Guttenberg,Anna Trebunskaya,Actor/Actress,New York,United States,49,6,Eliminated Week 3,10,4,3,0.0,0.0,3,0,Percentage
Steve Guttenberg,Anna Trebunskaya,Actor/Actress,New York,United States,49,6,Eliminated Week 3,10,5,3,0.0,0.0,3,0,Percentage
Steve Guttenberg,Anna Trebunskaya,Actor/Actress,New York,United States,49,6,Eliminated Week 3,10,6,3,0.0,0.0,3,0,Percentage
Steve Guttenberg,Anna Trebunskaya,Actor/Actress,New York,United States,49,6,Eliminated Week 3,10,7,3,0.0,0.0,3,0,Percentage
Steve Guttenberg,Anna Trebunskaya,Actor/Actress,New York,United States,49,6,Eliminated Week 3,10,8,3,0.0,0.0,3,0,Percentage
Steve Guttenberg,Anna Trebunskaya,Actor/Actress,New York,United States,49,6,Eliminated Week 3,10,9,3,0.0,0.0,3,0,Percentage
Steve Guttenberg,Anna Trebunskaya,Actor/Actress,New York,United States,49,6,Eliminated Week 3,10,10,3,0.0,0.0,3,0,Percentage
Steve Wozniak,Karina Smirnoff,Entrepreneur,California,United States,58,8,Eliminated Week 4,10,1,3,13.0,4.333333333333333,4,0,Percentage
Steve Wozniak,Karina Smirnoff,Entrepreneur,California,United States,58,8,Eliminated Week 4,10,2,3,17.0,5.666666666666667,4,0,Percentage
Steve Wozniak,Karina Smirnoff,Entrepreneur,California,United States,58,8,Eliminated Week 4,10,3,3,10.0,3.3333333333333335,4,0,Percentage
Steve Wozniak,Karina Smirnoff,Entrepreneur,California,United States,58,8,Eliminated Week 4,10,4,3,12.0,4.0,4,1,Percentage
Steve Wozniak,Karina Smirnoff,Entrepreneur,California,United States,58,8,Eliminated Week 4,10,5,3,0.0,0.0,4,0,Percentage
Steve Wozniak,Karina Smirnoff,Entrepreneur,California,United States,58,8,Eliminated Week 4,10,6,3,0.0,0.0,4,0,Percentage
Steve Wozniak,Karina Smirnoff,Entrepreneur,California,United States,58,8,Eliminated Week 4,10,7,3,0.0,0.0,4,0,Percentage
Steve Wozniak,Karina Smirnoff,Entrepreneur,California,United States,58,8,Eliminated Week 4,10,8,3,0.0,0.0,4,0,Percentage
Steve Wozniak,Karina Smirnoff,Entrepreneur,California,United States,58,8,Eliminated Week 4,10,9,3,0.0,0.0,4,0,Percentage
Steve Wozniak,Karina Smirnoff,Entrepreneur,California,United States,58,8,Eliminated Week 4,10,10,3,0.0,0.0,4,0,Percentage
Steve Wozniak,Karina Smirnoff,Entrepreneur,California,United States,58,8,Eliminated Week 4,10,11,3,0.0,0.0,4,0,Percentage
Sugar Ray Leonard,Anna Trebunskaya,Athlete,North Carolina,United States,54,12,Eliminated Week 4,9,1,3,17.0,5.666666666666667,4,0,Percentage
Sugar Ray Leonard,Anna Trebunskaya,Athlete,North Carolina,United States,54,12,Eliminated Week 4,9,2,3,17.0,5.666666666666667,4,0,Percentage
Sugar Ray Leonard,Anna Trebunskaya,Athlete,North Carolina,United States,54,12,Eliminated Week 4,9,3,3,20.0,6.666666666666667,4,0,Percentage
Sugar Ray Leonard,Anna Trebunskaya,Athlete,North Carolina,United States,54,12,Eliminated Week 4,9,4,3,21.0,7.0,4,1,Percentage
Sugar Ray Leonard,Anna Trebunskaya,Athlete,North Carolina,United States,54,12,Eliminated Week 4,9,5,3,0.0,0.0,4,0,Percentage
Sugar Ray Leonard,Anna Trebunskaya,Athlete,North Carolina,United States,54,12,Eliminated Week 4,9,6,3,0.0,0.0,4,0,Percentage
Sugar Ray Leonard,Anna Trebunskaya,Athlete,North Carolina,United States,54,12,Eliminated Week 4,9,7,4,0.0,0.0,4,0,Percentage
Sugar Ray Leonard,Anna Trebunskaya,Athlete,North Carolina,United States,54,12,Eliminated Week 4,9,8,3,0.0,0.0,4,0,Percentage
Sugar Ray Leonard,Anna Trebunskaya,Athlete,North Carolina,United States,54,12,Eliminated Week 4,9,9,3,0.0,0.0,4,0,Percentage
Sugar Ray Leonard,Anna Trebunskaya,Athlete,North Carolina,United States,54,12,Eliminated Week 4,9,10,3,0.0,0.0,4,0,Percentage
Susan Lucci,Tony Dovolani,Actor/Actress,New York,United States,61,7,Eliminated Week 7,6,1,3,18.5,6.166666666666667,7,0,Percentage
Susan Lucci,Tony Dovolani,Actor/Actress,New York,United States,61,7,Eliminated Week 7,6,2,3,21.0,7.0,7,0,Percentage
Susan Lucci,Tony Dovolani,Actor/Actress,New York,United States,61,7,Eliminated Week 7,6,3,3,21.0,7.0,7,0,Percentage
Susan Lucci,Tony Dovolani,Actor/Actress,New York,United States,61,7,Eliminated Week 7,6,4,3,24.0,8.0,7,0,Percentage
Susan Lucci,Tony Dovolani,Actor/Actress,New York,United States,61,7,Eliminated Week 7,6,5,3,22.0,7.333333333333333,7,0,Percentage
Susan Lucci,Tony Dovolani,Actor/Actress,New York,United States,61,7,Eliminated Week 7,6,6,3,23.0,7.666666666666667,7,0,Percentage
Susan Lucci,Tony Dovolani,Actor/Actress,New York,United States,61,7,Eliminated Week 7,6,7,3,24.0,8.0,7,1,Percentage
Susan Lucci,Tony Dovolani,Actor/Actress,New York,United States,61,7,Eliminated Week 7,6,8,3,0.0,0.0,7,0,Percentage
Susan Lucci,Tony Dovolani,Actor/Actress,New York,United States,61,7,Eliminated Week 7,6,9,3,0.0,0.0,7,0,Percentage
Susan Lucci,Tony Dovolani,Actor/Actress,New York,United States,61,7,Eliminated Week 7,6,10,3,0.0,0.0,7,0,Percentage
Suzanne Somers,Tony Dovolani,Actor/Actress,California,United States,68,20,Eliminated Week 5,9,1,4,25.0,6.25,5,0,Percentage
Suzanne Somers,Tony Dovolani,Actor/Actress,California,United States,68,20,Eliminated Week 5,9,2,4,28.0,7.0,5,0,Percentage
Suzanne Somers,Tony Dovolani,Actor/Actress,California,United States,68,20,Eliminated Week 5,9,3,4,25.0,6.25,5,0,Percentage
Suzanne Somers,Tony Dovolani,Actor/Actress,California,United States,68,20,Eliminated Week 5,9,4,4,28.0,7.0,5,0,Percentage
Suzanne Somers,Tony Dovolani,Actor/Actress,California,United States,68,20,Eliminated Week 5,9,5,4,28.0,7.0,5,1,Percentage
Suzanne Somers,Tony Dovolani,Actor/Actress,California,United States,68,20,Eliminated Week 5,9,6,4,0.0,0.0,5,0,Percentage
Suzanne Somers,Tony Dovolani,Actor/Actress,California,United States,68,20,Eliminated Week 5,9,7,4,0.0,0.0,5,0,Percentage
Suzanne Somers,Tony Dovolani,Actor/Actress,California,United States,68,20,Eliminated Week 5,9,8,4,0.0,0.0,5,0,Percentage
Suzanne Somers,Tony Dovolani,Actor/Actress,California,United States,68,20,Eliminated Week 5,9,9,4,0.0,0.0,5,0,Percentage
Suzanne Somers,Tony Dovolani,Actor/Actress,California,United States,68,20,Eliminated Week 5,9,10,4,0.0,0.0,5,0,Percentage
Tamar Braxton,Valentin Chmerkovskiy,Singer/Rapper,Maryland,United States,38,21,Withdrew,5,1,3,23.0,7.666666666666667,99,0,Percentage
Tamar Braxton,Valentin Chmerkovskiy,Singer/Rapper,Maryland,United States,38,21,Withdrew,5,2,3,24.5,8.166666666666666,99,0,Percentage
Tamar Braxton,Valentin Chmerkovskiy,Singer/Rapper,Maryland,United States,38,21,Withdrew,5,3,4,33.0,8.25,99,0,Percentage
Tamar Braxton,Valentin Chmerkovskiy,Singer/Rapper,Maryland,United States,38,21,Withdrew,5,4,3,27.0,9.0,99,0,Percentage
Tamar Braxton,Valentin Chmerkovskiy,Singer/Rapper,Maryland,United States,38,21,Withdrew,5,5,4,29.0,7.25,99,0,Percentage
Tamar Braxton,Valentin Chmerkovskiy,Singer/Rapper,Maryland,United States,38,21,Withdrew,5,6,4,40.0,10.0,99,0,Percentage
Tamar Braxton,Valentin Chmerkovskiy,Singer/Rapper,Maryland,United States,38,21,Withdrew,5,7,3,27.0,9.0,99,0,Percentage
Tamar Braxton,Valentin Chmerkovskiy,Singer/Rapper,Maryland,United States,38,21,Withdrew,5,8,3,28.0,9.333333333333334,99,0,Percentage
Tamar Braxton,Valentin Chmerkovskiy,Singer/Rapper,Maryland,United States,38,21,Withdrew,5,9,3,24.5,8.166666666666666,99,0,Percentage
Tamar Braxton,Valentin Chmerkovskiy,Singer/Rapper,Maryland,United States,38,21,Withdrew,5,10,3,0.0,0.0,99,0,Percentage
Tamar Braxton,Valentin Chmerkovskiy,Singer/Rapper,Maryland,United States,38,21,Withdrew,5,11,3,0.0,0.0,99,0,Percentage
Tavis Smiley,Sharna Burgess,Radio Personality,Mississippi,United States,50,19,Eliminated Week 2,12,1,4,29.0,7.25,2,0,Percentage
Tavis Smiley,Sharna Burgess,Radio Personality,Mississippi,United States,50,19,Eliminated Week 2,12,2,4,28.0,7.0,2,1,Percentage
Tavis Smiley,Sharna Burgess,Radio Personality,Mississippi,United States,50,19,Eliminated Week 2,12,3,4,0.0,0.0,2,0,Percentage
Tavis Smiley,Sharna Burgess,Radio Personality,Mississippi,United States,50,19,Eliminated Week 2,12,4,4,0.0,0.0,2,0,Percentage
Tavis Smiley,Sharna Burgess,Radio Personality,Mississippi,United States,50,19,Eliminated Week 2,12,5,4,0.0,0.0,2,0,Percentage
Tavis Smiley,Sharna Burgess,Radio Personality,Mississippi,United States,50,19,Eliminated Week 2,12,6,4,0.0,0.0,2,0,Percentage
Tavis Smiley,Sharna Burgess,Radio Personality,Mississippi,United States,50,19,Eliminated Week 2,12,7,4,0.0,0.0,2,0,Percentage
Tavis Smiley,Sharna Burgess,Radio Personality,Mississippi,United States,50,19,Eliminated Week 2,12,8,4,0.0,0.0,2,0,Percentage
Tavis Smiley,Sharna Burgess,Radio Personality,Mississippi,United States,50,19,Eliminated Week 2,12,9,4,0.0,0.0,2,0,Percentage
Tavis Smiley,Sharna Burgess,Radio Personality,Mississippi,United States,50,19,Eliminated Week 2,12,10,4,0.0,0.0,2,0,Percentage
Tavis Smiley,Sharna Burgess,Radio Personality,Mississippi,United States,50,19,Eliminated Week 2,12,11,4,0.0,0.0,2,0,Percentage
Ted McGinley,Inna Brayer,Actor/Actress,California,United States,50,7,Eliminated Week 1,12,1,3,18.5,6.166666666666667,1,1,Percentage
Ted McGinley,Inna Brayer,Actor/Actress,California,United States,50,7,Eliminated Week 1,12,2,3,0.0,0.0,1,0,Percentage
Ted McGinley,Inna Brayer,Actor/Actress,California,United States,50,7,Eliminated Week 1,12,3,3,0.0,0.0,1,0,Percentage
Ted McGinley,Inna Brayer,Actor/Actress,California,United States,50,7,Eliminated Week 1,12,4,3,0.0,0.0,1,0,Percentage
Ted McGinley,Inna Brayer,Actor/Actress,California,United States,50,7,Eliminated Week 1,12,5,3,0.0,0.0,1,0,Percentage
Ted McGinley,Inna Brayer,Actor/Actress,California,United States,50,7,Eliminated Week 1,12,6,3,0.0,0.0,1,0,Percentage
Ted McGinley,Inna Brayer,Actor/Actress,California,United States,50,7,Eliminated Week 1,12,7,3,0.0,0.0,1,0,Percentage
Ted McGinley,Inna Brayer,Actor/Actress,California,United States,50,7,Eliminated Week 1,12,8,3,0.0,0.0,1,0,Percentage
Ted McGinley,Inna Brayer,Actor/Actress,California,United States,50,7,Eliminated Week 1,12,9,3,0.0,0.0,1,0,Percentage
Ted McGinley,Inna Brayer,Actor/Actress,California,United States,50,7,Eliminated Week 1,12,10,3,0.0,0.0,1,0,Percentage
Terra Jole,Sasha Farber,TV Personality,Texas,United States,36,23,Eliminated Week 10,5,1,4,25.0,6.25,10,0,Percentage
Terra Jole,Sasha Farber,TV Personality,Texas,United States,36,23,Eliminated Week 10,5,2,4,31.0,7.75,10,0,Percentage
Terra Jole,Sasha Farber,TV Personality,Texas,United States,36,23,Eliminated Week 10,5,3,4,30.0,7.5,10,0,Percentage
Terra Jole,Sasha Farber,TV Personality,Texas,United States,36,23,Eliminated Week 10,5,4,3,25.0,8.333333333333334,10,0,Percentage
Terra Jole,Sasha Farber,TV Personality,Texas,United States,36,23,Eliminated Week 10,5,5,3,27.0,9.0,10,0,Percentage
Terra Jole,Sasha Farber,TV Personality,Texas,United States,36,23,Eliminated Week 10,5,6,4,30.0,7.5,10,0,Percentage
Terra Jole,Sasha Farber,TV Personality,Texas,United States,36,23,Eliminated Week 10,5,7,4,34.5,8.625,10,0,Percentage
Terra Jole,Sasha Farber,TV Personality,Texas,United States,36,23,Eliminated Week 10,5,8,3,24.0,8.0,10,0,Percentage
Terra Jole,Sasha Farber,TV Personality,Texas,United States,36,23,Eliminated Week 10,5,9,4,38.0,9.5,10,0,Percentage
Terra Jole,Sasha Farber,TV Personality,Texas,United States,36,23,Eliminated Week 10,5,10,3,30.0,10.0,10,1,Percentage
Terra Jole,Sasha Farber,TV Personality,Texas,United States,36,23,Eliminated Week 10,5,11,4,0.0,0.0,10,0,Percentage
Terrell Owens,Cheryl Burke,Athlete,Alabama,United States,43,25,Eliminated Week 8,6,1,3,15.0,5.0,8,0,Percentage
Terrell Owens,Cheryl Burke,Athlete,Alabama,United States,43,25,Eliminated Week 8,6,2,3,19.5,6.5,8,0,Percentage
Terrell Owens,Cheryl Burke,Athlete,Alabama,United States,43,25,Eliminated Week 8,6,3,3,21.0,7.0,8,0,Percentage
Terrell Owens,Cheryl Burke,Athlete,Alabama,United States,43,25,Eliminated Week 8,6,4,3,24.0,8.0,8,0,Percentage
Terrell Owens,Cheryl Burke,Athlete,Alabama,United States,43,25,Eliminated Week 8,6,5,3,25.0,8.333333333333334,8,0,Percentage
Terrell Owens,Cheryl Burke,Athlete,Alabama,United States,43,25,Eliminated Week 8,6,6,4,37.0,9.25,8,0,Percentage
Terrell Owens,Cheryl Burke,Athlete,Alabama,United States,43,25,Eliminated Week 8,6,7,3,24.5,8.166666666666666,8,0,Percentage
Terrell Owens,Cheryl Burke,Athlete,Alabama,United States,43,25,Eliminated Week 8,6,8,3,25.5,8.5,8,1,Percentage
Terrell Owens,Cheryl Burke,Athlete,Alabama,United States,43,25,Eliminated Week 8,6,9,3,0.0,0.0,8,0,Percentage
Terrell Owens,Cheryl Burke,Athlete,Alabama,United States,43,25,Eliminated Week 8,6,10,4,0.0,0.0,8,0,Percentage
The Situation,Karina Smirnoff,TV Personality,New York,United States,28,11,Eliminated Week 4,9,1,3,15.0,5.0,4,0,Percentage
The Situation,Karina Smirnoff,TV Personality,New York,United States,28,11,Eliminated Week 4,9,2,3,18.0,6.0,4,0,Percentage
The Situation,Karina Smirnoff,TV Personality,New York,United States,28,11,Eliminated Week 4,9,3,3,20.0,6.666666666666667,4,0,Percentage
The Situation,Karina Smirnoff,TV Personality,New York,United States,28,11,Eliminated Week 4,9,4,3,14.0,4.666666666666667,4,1,Percentage
The Situation,Karina Smirnoff,TV Personality,New York,United States,28,11,Eliminated Week 4,9,5,3,0.0,0.0,4,0,Percentage
The Situation,Karina Smirnoff,TV Personality,New York,United States,28,11,Eliminated Week 4,9,6,3,0.0,0.0,4,0,Percentage
The Situation,Karina Smirnoff,TV Personality,New York,United States,28,11,Eliminated Week 4,9,7,4,0.0,0.0,4,0,Percentage
The Situation,Karina Smirnoff,TV Personality,New York,United States,28,11,Eliminated Week 4,9,8,3,0.0,0.0,4,0,Percentage
The Situation,Karina Smirnoff,TV Personality,New York,United States,28,11,Eliminated Week 4,9,9,3,0.0,0.0,4,0,Percentage
The Situation,Karina Smirnoff,TV Personality,New York,United States,28,11,Eliminated Week 4,9,10,3,0.0,0.0,4,0,Percentage
Tinashe,Brandon Armstrong,Singer/Rapper,Kentucky,United States,25,27,Eliminated Week 4,10,1,3,23.0,7.666666666666667,4,0,Percentage
Tinashe,Brandon Armstrong,Singer/Rapper,Kentucky,United States,25,27,Eliminated Week 4,10,2,3,26.0,8.666666666666666,4,0,Percentage
Tinashe,Brandon Armstrong,Singer/Rapper,Kentucky,United States,25,27,Eliminated Week 4,10,3,3,27.0,9.0,4,0,Percentage
Tinashe,Brandon Armstrong,Singer/Rapper,Kentucky,United States,25,27,Eliminated Week 4,10,4,3,26.0,8.666666666666666,4,1,Percentage
Tinashe,Brandon Armstrong,Singer/Rapper,Kentucky,United States,25,27,Eliminated Week 4,10,5,3,0.0,0.0,4,0,Percentage
Tinashe,Brandon Armstrong,Singer/Rapper,Kentucky,United States,25,27,Eliminated Week 4,10,6,3,0.0,0.0,4,0,Percentage
Tinashe,Brandon Armstrong,Singer/Rapper,Kentucky,United States,25,27,Eliminated Week 4,10,7,3,0.0,0.0,4,0,Percentage
Tinashe,Brandon Armstrong,Singer/Rapper,Kentucky,United States,25,27,Eliminated Week 4,10,8,3,0.0,0.0,4,0,Percentage
Tinashe,Brandon Armstrong,Singer/Rapper,Kentucky,United States,25,27,Eliminated Week 4,10,9,3,0.0,0.0,4,0,Percentage
Tom DeLay,Cheryl Burke,Politician,Texas,United States,62,9,Withdrew,13,1,3,19.9999,6.666633333333333,99,0,Percentage
Tom DeLay,Cheryl Burke,Politician,Texas,United States,62,9,Withdrew,13,2,3,18.0,6.0,99,0,Percentage
Tom DeLay,Cheryl Burke,Politician,Texas,United States,62,9,Withdrew,13,3,3,15.0,5.0,99,0,Percentage
Tom DeLay,Cheryl Burke,Politician,Texas,United States,62,9,Withdrew,13,4,3,0.0,0.0,99,0,Percentage
Tom DeLay,Cheryl Burke,Politician,Texas,United States,62,9,Withdrew,13,5,3,0.0,0.0,99,0,Percentage
Tom DeLay,Cheryl Burke,Politician,Texas,United States,62,9,Withdrew,13,6,3,0.0,0.0,99,0,Percentage
Tom DeLay,Cheryl Burke,Politician,Texas,United States,62,9,Withdrew,13,7,3,0.0,0.0,99,0,Percentage
Tom DeLay,Cheryl Burke,Politician,Texas,United States,62,9,Withdrew,13,8,3,0.0,0.0,99,0,Percentage
Tom DeLay,Cheryl Burke,Politician,Texas,United States,62,9,Withdrew,13,9,3,0.0,0.0,99,0,Percentage
Tom DeLay,Cheryl Burke,Politician,Texas,United States,62,9,Withdrew,13,10,3,0.0,0.0,99,0,Percentage
Toni Braxton,Alec Mazo,Singer/Rapper,Maryland,United States,40,7,Eliminated Week 5,8,1,3,22.5,7.5,5,0,Percentage
Toni Braxton,Alec Mazo,Singer/Rapper,Maryland,United States,40,7,Eliminated Week 5,8,2,3,23.0,7.666666666666667,5,0,Percentage
Toni Braxton,Alec Mazo,Singer/Rapper,Maryland,United States,40,7,Eliminated Week 5,8,3,3,22.0,7.333333333333333,5,0,Percentage
Toni Braxton,Alec Mazo,Singer/Rapper,Maryland,United States,40,7,Eliminated Week 5,8,4,3,22.0,7.333333333333333,5,0,Percentage
Toni Braxton,Alec Mazo,Singer/Rapper,Maryland,United States,40,7,Eliminated Week 5,8,5,3,22.0,7.333333333333333,5,1,Percentage
Toni Braxton,Alec Mazo,Singer/Rapper,Maryland,United States,40,7,Eliminated Week 5,8,6,3,0.0,0.0,5,0,Percentage
Toni Braxton,Alec Mazo,Singer/Rapper,Maryland,United States,40,7,Eliminated Week 5,8,7,3,0.0,0.0,5,0,Percentage
Toni Braxton,Alec Mazo,Singer/Rapper,Maryland,United States,40,7,Eliminated Week 5,8,8,3,0.0,0.0,5,0,Percentage
Toni Braxton,Alec Mazo,Singer/Rapper,Maryland,United States,40,7,Eliminated Week 5,8,9,3,0.0,0.0,5,0,Percentage
Toni Braxton,Alec Mazo,Singer/Rapper,Maryland,United States,40,7,Eliminated Week 5,8,10,3,0.0,0.0,5,0,Percentage
Tonya Harding,Sasha Farber,Athlete,Oregon,United States,47,26,3rd Place,3,1,3,23.0,7.666666666666667,99,0,Percentage
Tonya Harding,Sasha Farber,Athlete,Oregon,United States,47,26,3rd Place,3,2,4,33.0,8.25,99,0,Percentage
Tonya Harding,Sasha Farber,Athlete,Oregon,United States,47,26,3rd Place,3,3,4,35.0,8.75,99,0,Percentage
Tonya Harding,Sasha Farber,Athlete,Oregon,United States,47,26,3rd Place,3,4,3,28.0,9.333333333333334,99,0,Percentage
Tucker Carlson,Elena Grinenko,TV Personality,California,United States,37,3,Eliminated Week 1,11,1,3,12.0,4.0,1,1,Percentage
Tucker Carlson,Elena Grinenko,TV Personality,California,United States,37,3,Eliminated Week 1,11,2,3,0.0,0.0,1,0,Percentage
Tucker Carlson,Elena Grinenko,TV Personality,California,United States,37,3,Eliminated Week 1,11,3,3,0.0,0.0,1,0,Percentage
Tucker Carlson,Elena Grinenko,TV Personality,California,United States,37,3,Eliminated Week 1,11,4,3,0.0,0.0,1,0,Percentage
Tucker Carlson,Elena Grinenko,TV Personality,California,United States,37,3,Eliminated Week 1,11,5,3,0.0,0.0,1,0,Percentage
Tucker Carlson,Elena Grinenko,TV Personality,California,United States,37,3,Eliminated Week 1,11,6,3,0.0,0.0,1,0,Percentage
Tucker Carlson,Elena Grinenko,TV Personality,California,United States,37,3,Eliminated Week 1,11,7,3,0.0,0.0,1,0,Percentage
Tucker Carlson,Elena Grinenko,TV Personality,California,United States,37,3,Eliminated Week 1,11,8,3,0.0,0.0,1,0,Percentage
Tucker Carlson,Elena Grinenko,TV Personality,California,United States,37,3,Eliminated Week 1,11,9,3,0.0,0.0,1,0,Percentage
Tucker Carlson,Elena Grinenko,TV Personality,California,United States,37,3,Eliminated Week 1,11,10,3,0.0,0.0,1,0,Percentage
Ty Murray,Chelsie Hightower,Athlete,Arizona,United States,39,8,Eliminated Week 10,4,1,3,14.0,4.666666666666667,10,0,Percentage
Ty Murray,Chelsie Hightower,Athlete,Arizona,United States,39,8,Eliminated Week 10,4,2,3,20.0,6.666666666666667,10,0,Percentage
Ty Murray,Chelsie Hightower,Athlete,Arizona,United States,39,8,Eliminated Week 10,4,3,3,23.0,7.666666666666667,10,0,Percentage
Ty Murray,Chelsie Hightower,Athlete,Arizona,United States,39,8,Eliminated Week 10,4,4,3,25.0,8.333333333333334,10,0,Percentage
Ty Murray,Chelsie Hightower,Athlete,Arizona,United States,39,8,Eliminated Week 10,4,5,3,21.0,7.0,10,0,Percentage
Ty Murray,Chelsie Hightower,Athlete,Arizona,United States,39,8,Eliminated Week 10,4,6,3,18.0,6.0,10,0,Percentage
Ty Murray,Chelsie Hightower,Athlete,Arizona,United States,39,8,Eliminated Week 10,4,7,3,24.0,8.0,10,0,Percentage
Ty Murray,Chelsie Hightower,Athlete,Arizona,United States,39,8,Eliminated Week 10,4,8,3,26.0,8.666666666666666,10,0,Percentage
Ty Murray,Chelsie Hightower,Athlete,Arizona,United States,39,8,Eliminated Week 10,4,9,3,23.0,7.666666666666667,10,0,Percentage
Ty Murray,Chelsie Hightower,Athlete,Arizona,United States,39,8,Eliminated Week 10,4,10,3,24.0,8.0,10,1,Percentage
Ty Murray,Chelsie Hightower,Athlete,Arizona,United States,39,8,Eliminated Week 10,4,11,3,0.0,0.0,10,0,Percentage
Valerie Harper,Tristan MacManus,Actor/Actress,New York,United States,74,17,Eliminated Week 4,10,1,3,21.0,7.0,4,0,Percentage
Valerie Harper,Tristan MacManus,Actor/Actress,New York,United States,74,17,Eliminated Week 4,10,2,3,19.0,6.333333333333333,4,0,Percentage
Valerie Harper,Tristan MacManus,Actor/Actress,New York,United States,74,17,Eliminated Week 4,10,3,3,16.0,5.333333333333333,4,0,Percentage
Valerie Harper,Tristan MacManus,Actor/Actress,New York,United States,74,17,Eliminated Week 4,10,4,3,18.0,6.0,4,1,Percentage
Valerie Harper,Tristan MacManus,Actor/Actress,New York,United States,74,17,Eliminated Week 4,10,5,3,0.0,0.0,4,0,Percentage
Valerie Harper,Tristan MacManus,Actor/Actress,New York,United States,74,17,Eliminated Week 4,10,6,3,0.0,0.0,4,0,Percentage
Valerie Harper,Tristan MacManus,Actor/Actress,New York,United States,74,17,Eliminated Week 4,10,7,3,0.0,0.0,4,0,Percentage
Valerie Harper,Tristan MacManus,Actor/Actress,New York,United States,74,17,Eliminated Week 4,10,8,3,0.0,0.0,4,0,Percentage
Valerie Harper,Tristan MacManus,Actor/Actress,New York,United States,74,17,Eliminated Week 4,10,9,3,0.0,0.0,4,0,Percentage
Valerie Harper,Tristan MacManus,Actor/Actress,New York,United States,74,17,Eliminated Week 4,10,10,4,0.0,0.0,4,0,Percentage
Valerie Harper,Tristan MacManus,Actor/Actress,New York,United States,74,17,Eliminated Week 4,10,11,3,0.0,0.0,4,0,Percentage
Vanilla Ice,Witney Carson,Singer/Rapper,Texas,United States,48,23,Eliminated Week 4,10,1,4,25.0,6.25,4,0,Percentage
Vanilla Ice,Witney Carson,Singer/Rapper,Texas,United States,48,23,Eliminated Week 4,10,2,4,26.0,6.5,4,0,Percentage
Vanilla Ice,Witney Carson,Singer/Rapper,Texas,United States,48,23,Eliminated Week 4,10,3,4,23.0,5.75,4,0,Percentage
Vanilla Ice,Witney Carson,Singer/Rapper,Texas,United States,48,23,Eliminated Week 4,10,4,3,23.0,7.666666666666667,4,1,Percentage
Vanilla Ice,Witney Carson,Singer/Rapper,Texas,United States,48,23,Eliminated Week 4,10,5,3,0.0,0.0,4,0,Percentage
Vanilla Ice,Witney Carson,Singer/Rapper,Texas,United States,48,23,Eliminated Week 4,10,6,4,0.0,0.0,4,0,Percentage
Vanilla Ice,Witney Carson,Singer/Rapper,Texas,United States,48,23,Eliminated Week 4,10,7,4,0.0,0.0,4,0,Percentage
Vanilla Ice,Witney Carson,Singer/Rapper,Texas,United States,48,23,Eliminated Week 4,10,8,3,0.0,0.0,4,0,Percentage
Vanilla Ice,Witney Carson,Singer/Rapper,Texas,United States,48,23,Eliminated Week 4,10,9,4,0.0,0.0,4,0,Percentage
Vanilla Ice,Witney Carson,Singer/Rapper,Texas,United States,48,23,Eliminated Week 4,10,10,3,0.0,0.0,4,0,Percentage
Vanilla Ice,Witney Carson,Singer/Rapper,Texas,United States,48,23,Eliminated Week 4,10,11,4,0.0,0.0,4,0,Percentage
Victor Ortiz,Lindsay Arnold,Athlete,Kansas,United States,26,16,Eliminated Week 6,8,1,3,18.0,6.0,6,0,Percentage
Victor Ortiz,Lindsay Arnold,Athlete,Kansas,United States,26,16,Eliminated Week 6,8,2,3,18.0,6.0,6,0,Percentage
Victor Ortiz,Lindsay Arnold,Athlete,Kansas,United States,26,16,Eliminated Week 6,8,3,3,23.0,7.666666666666667,6,0,Percentage
Victor Ortiz,Lindsay Arnold,Athlete,Kansas,United States,26,16,Eliminated Week 6,8,4,3,18.0,6.0,6,0,Percentage
Victor Ortiz,Lindsay Arnold,Athlete,Kansas,United States,26,16,Eliminated Week 6,8,5,3,21.0,7.0,6,0,Percentage
Victor Ortiz,Lindsay Arnold,Athlete,Kansas,United States,26,16,Eliminated Week 6,8,6,3,20.0,6.666666666666667,6,1,Percentage
Victor Ortiz,Lindsay Arnold,Athlete,Kansas,United States,26,16,Eliminated Week 6,8,7,3,0.0,0.0,6,0,Percentage
Victor Ortiz,Lindsay Arnold,Athlete,Kansas,United States,26,16,Eliminated Week 6,8,8,3,0.0,0.0,6,0,Percentage
Victor Ortiz,Lindsay Arnold,Athlete,Kansas,United States,26,16,Eliminated Week 6,8,9,3,0.0,0.0,6,0,Percentage
Victor Ortiz,Lindsay Arnold,Athlete,Kansas,United States,26,16,Eliminated Week 6,8,10,3,0.0,0.0,6,0,Percentage
Victoria Arlen,Valentin Chmerkovskiy,Athlete,New Hamshire,United States,22,25,Eliminated Week 9,5,1,3,19.0,6.333333333333333,9,0,Percentage
Victoria Arlen,Valentin Chmerkovskiy,Athlete,New Hamshire,United States,22,25,Eliminated Week 9,5,2,3,22.0,7.333333333333333,9,0,Percentage
Victoria Arlen,Valentin Chmerkovskiy,Athlete,New Hamshire,United States,22,25,Eliminated Week 9,5,3,3,22.0,7.333333333333333,9,0,Percentage
Victoria Arlen,Valentin Chmerkovskiy,Athlete,New Hamshire,United States,22,25,Eliminated Week 9,5,4,3,27.0,9.0,9,0,Percentage
Victoria Arlen,Valentin Chmerkovskiy,Athlete,New Hamshire,United States,22,25,Eliminated Week 9,5,5,3,27.0,9.0,9,0,Percentage
Victoria Arlen,Valentin Chmerkovskiy,Athlete,New Hamshire,United States,22,25,Eliminated Week 9,5,6,4,31.0,7.75,9,0,Percentage
Victoria Arlen,Valentin Chmerkovskiy,Athlete,New Hamshire,United States,22,25,Eliminated Week 9,5,7,3,28.5,9.5,9,0,Percentage
Victoria Arlen,Valentin Chmerkovskiy,Athlete,New Hamshire,United States,22,25,Eliminated Week 9,5,8,3,24.0,8.0,9,0,Percentage
Victoria Arlen,Valentin Chmerkovskiy,Athlete,New Hamshire,United States,22,25,Eliminated Week 9,5,9,3,28.0,9.333333333333334,9,1,Percentage
Victoria Arlen,Valentin Chmerkovskiy,Athlete,New Hamshire,United States,22,25,Eliminated Week 9,5,10,4,0.0,0.0,9,0,Percentage
Vivica A. Fox,Nick Kosovich,Actor/Actress,Indiana,United States,42,3,Eliminated Week 4,8,1,3,22.0,7.333333333333333,4,0,Percentage
Vivica A. Fox,Nick Kosovich,Actor/Actress,Indiana,United States,42,3,Eliminated Week 4,8,2,3,24.0,8.0,4,0,Percentage
Vivica A. Fox,Nick Kosovich,Actor/Actress,Indiana,United States,42,3,Eliminated Week 4,8,3,3,27.0,9.0,4,0,Percentage
Vivica A. Fox,Nick Kosovich,Actor/Actress,Indiana,United States,42,3,Eliminated Week 4,8,4,3,24.0,8.0,4,1,Percentage
Vivica A. Fox,Nick Kosovich,Actor/Actress,Indiana,United States,42,3,Eliminated Week 4,8,5,3,0.0,0.0,4,0,Percentage
Vivica A. Fox,Nick Kosovich,Actor/Actress,Indiana,United States,42,3,Eliminated Week 4,8,6,3,0.0,0.0,4,0,Percentage
Vivica A. Fox,Nick Kosovich,Actor/Actress,Indiana,United States,42,3,Eliminated Week 4,8,7,3,0.0,0.0,4,0,Percentage
Vivica A. Fox,Nick Kosovich,Actor/Actress,Indiana,United States,42,3,Eliminated Week 4,8,8,3,0.0,0.0,4,0,Percentage
Vivica A. Fox,Nick Kosovich,Actor/Actress,Indiana,United States,42,3,Eliminated Week 4,8,9,3,0.0,0.0,4,0,Percentage
Vivica A. Fox,Nick Kosovich,Actor/Actress,Indiana,United States,42,3,Eliminated Week 4,8,10,3,0.0,0.0,4,0,Percentage
Von Miller,Witney Carson,Athlete,Texas,United States,27,22,Eliminated Week 7,7,1,3,21.0,7.0,7,0,Percentage
Von Miller,Witney Carson,Athlete,Texas,United States,27,22,Eliminated Week 7,7,2,3,20.0,6.666666666666667,7,0,Percentage
Von Miller,Witney Carson,Athlete,Texas,United States,27,22,Eliminated Week 7,7,3,3,20.0,6.666666666666667,7,0,Percentage
Von Miller,Witney Carson,Athlete,Texas,United States,27,22,Eliminated Week 7,7,4,4,32.0,8.0,7,0,Percentage
Von Miller,Witney Carson,Athlete,Texas,United States,27,22,Eliminated Week 7,7,5,4,29.0,7.25,7,0,Percentage
Von Miller,Witney Carson,Athlete,Texas,United States,27,22,Eliminated Week 7,7,6,3,24.0,8.0,7,0,Percentage
Von Miller,Witney Carson,Athlete,Texas,United States,27,22,Eliminated Week 7,7,7,3,26.0,8.666666666666666,7,1,Percentage
Von Miller,Witney Carson,Athlete,Texas,United States,27,22,Eliminated Week 7,7,8,3,0.0,0.0,7,0,Percentage
Von Miller,Witney Carson,Athlete,Texas,United States,27,22,Eliminated Week 7,7,9,3,0.0,0.0,7,0,Percentage
Von Miller,Witney Carson,Athlete,Texas,United States,27,22,Eliminated Week 7,7,10,3,0.0,0.0,7,0,Percentage
Wanya Morris,Lindsay Arnold,Singer/Rapper,Pennsylvania,United States,42,22,Eliminated Week 9,4,1,3,23.0,7.666666666666667,9,0,Percentage
Wanya Morris,Lindsay Arnold,Singer/Rapper,Pennsylvania,United States,42,22,Eliminated Week 9,4,2,3,24.0,8.0,9,0,Percentage
Wanya Morris,Lindsay Arnold,Singer/Rapper,Pennsylvania,United States,42,22,Eliminated Week 9,4,3,3,24.0,8.0,9,0,Percentage
Wanya Morris,Lindsay Arnold,Singer/Rapper,Pennsylvania,United States,42,22,Eliminated Week 9,4,4,4,35.0,8.75,9,0,Percentage
Wanya Morris,Lindsay Arnold,Singer/Rapper,Pennsylvania,United States,42,22,Eliminated Week 9,4,5,4,30.0,7.5,9,0,Percentage
Wanya Morris,Lindsay Arnold,Singer/Rapper,Pennsylvania,United States,42,22,Eliminated Week 9,4,6,3,29.0,9.666666666666666,9,0,Percentage
Wanya Morris,Lindsay Arnold,Singer/Rapper,Pennsylvania,United States,42,22,Eliminated Week 9,4,7,3,27.5,9.166666666666666,9,0,Percentage
Wanya Morris,Lindsay Arnold,Singer/Rapper,Pennsylvania,United States,42,22,Eliminated Week 9,4,8,3,25.0,8.333333333333334,9,0,Percentage
Wanya Morris,Lindsay Arnold,Singer/Rapper,Pennsylvania,United States,42,22,Eliminated Week 9,4,9,3,30.0,10.0,9,1,Percentage
Wanya Morris,Lindsay Arnold,Singer/Rapper,Pennsylvania,United States,42,22,Eliminated Week 9,4,10,3,0.0,0.0,9,0,Percentage
Warren Sapp,Kym Johnson,Athlete,Florida,United States,35,7,2nd Place,2,1,3,21.5,7.166666666666667,99,0,Percentage
Warren Sapp,Kym Johnson,Athlete,Florida,United States,35,7,2nd Place,2,2,3,24.0,8.0,99,0,Percentage
Warren Sapp,Kym Johnson,Athlete,Florida,United States,35,7,2nd Place,2,3,3,25.0,8.333333333333334,99,0,Percentage
Warren Sapp,Kym Johnson,Athlete,Florida,United States,35,7,2nd Place,2,4,3,22.0,7.333333333333333,99,0,Percentage
Warren Sapp,Kym Johnson,Athlete,Florida,United States,35,7,2nd Place,2,5,3,25.0,8.333333333333334,99,0,Percentage
Warren Sapp,Kym Johnson,Athlete,Florida,United States,35,7,2nd Place,2,6,3,25.0,8.333333333333334,99,0,Percentage
Warren Sapp,Kym Johnson,Athlete,Florida,United States,35,7,2nd Place,2,7,3,21.0,7.0,99,0,Percentage
Warren Sapp,Kym Johnson,Athlete,Florida,United States,35,7,2nd Place,2,8,3,27.0,9.0,99,0,Percentage
Warren Sapp,Kym Johnson,Athlete,Florida,United States,35,7,2nd Place,2,9,3,24.5,8.166666666666666,99,0,Percentage
Warren Sapp,Kym Johnson,Athlete,Florida,United States,35,7,2nd Place,2,10,3,27.5,9.166666666666666,99,0,Percentage
Wayne Newton,Cheryl Burke,Singer/Rapper,Virginia,United States,65,5,Eliminated Week 3,10,1,3,19.0,6.333333333333333,3,0,Percentage
Wayne Newton,Cheryl Burke,Singer/Rapper,Virginia,United States,65,5,Eliminated Week 3,10,2,3,15.0,5.0,3,0,Percentage
Wayne Newton,Cheryl Burke,Singer/Rapper,Virginia,United States,65,5,Eliminated Week 3,10,3,3,18.0,6.0,3,1,Percentage
Wayne Newton,Cheryl Burke,Singer/Rapper,Virginia,United States,65,5,Eliminated Week 3,10,4,3,0.0,0.0,3,0,Percentage
Wayne Newton,Cheryl Burke,Singer/Rapper,Virginia,United States,65,5,Eliminated Week 3,10,5,3,0.0,0.0,3,0,Percentage
Wayne Newton,Cheryl Burke,Singer/Rapper,Virginia,United States,65,5,Eliminated Week 3,10,6,3,0.0,0.0,3,0,Percentage
Wayne Newton,Cheryl Burke,Singer/Rapper,Virginia,United States,65,5,Eliminated Week 3,10,7,3,0.0,0.0,3,0,Percentage
Wayne Newton,Cheryl Burke,Singer/Rapper,Virginia,United States,65,5,Eliminated Week 3,10,8,3,0.0,0.0,3,0,Percentage
Wayne Newton,Cheryl Burke,Singer/Rapper,Virginia,United States,65,5,Eliminated Week 3,10,9,3,0.0,0.0,3,0,Percentage
Wayne Newton,Cheryl Burke,Singer/Rapper,Virginia,United States,65,5,Eliminated Week 3,10,10,3,0.0,0.0,3,0,Percentage
Wendy Williams,Tony Dovolani,TV Personality,New Jersey,United States,46,12,Eliminated Week 3,10,1,3,14.0,4.666666666666667,3,0,Percentage
Wendy Williams,Tony Dovolani,TV Personality,New Jersey,United States,46,12,Eliminated Week 3,10,2,3,17.0,5.666666666666667,3,0,Percentage
Wendy Williams,Tony Dovolani,TV Personality,New Jersey,United States,46,12,Eliminated Week 3,10,3,3,15.0,5.0,3,1,Percentage
Wendy Williams,Tony Dovolani,TV Personality,New Jersey,United States,46,12,Eliminated Week 3,10,4,3,0.0,0.0,3,0,Percentage
Wendy Williams,Tony Dovolani,TV Personality,New Jersey,United States,46,12,Eliminated Week 3,10,5,3,0.0,0.0,3,0,Percentage
Wendy Williams,Tony Dovolani,TV Personality,New Jersey,United States,46,12,Eliminated Week 3,10,6,3,0.0,0.0,3,0,Percentage
Wendy Williams,Tony Dovolani,TV Personality,New Jersey,United States,46,12,Eliminated Week 3,10,7,4,0.0,0.0,3,0,Percentage
Wendy Williams,Tony Dovolani,TV Personality,New Jersey,United States,46,12,Eliminated Week 3,10,8,3,0.0,0.0,3,0,Percentage
Wendy Williams,Tony Dovolani,TV Personality,New Jersey,United States,46,12,Eliminated Week 3,10,9,3,0.0,0.0,3,0,Percentage
Wendy Williams,Tony Dovolani,TV Personality,New Jersey,United States,46,12,Eliminated Week 3,10,10,3,0.0,0.0,3,0,Percentage
Willa Ford,Maksim Chmerkoskiy,Singer/Rapper,Florida,United States,25,3,Eliminated Week 5,7,1,3,22.0,7.333333333333333,5,0,Percentage
Willa Ford,Maksim Chmerkoskiy,Singer/Rapper,Florida,United States,25,3,Eliminated Week 5,7,2,3,23.0,7.666666666666667,5,0,Percentage
Willa Ford,Maksim Chmerkoskiy,Singer/Rapper,Florida,United States,25,3,Eliminated Week 5,7,3,3,22.0,7.333333333333333,5,0,Percentage
Willa Ford,Maksim Chmerkoskiy,Singer/Rapper,Florida,United States,25,3,Eliminated Week 5,7,4,3,28.0,9.333333333333334,5,0,Percentage
Willa Ford,Maksim Chmerkoskiy,Singer/Rapper,Florida,United States,25,3,Eliminated Week 5,7,5,3,27.0,9.0,5,1,Percentage
Willa Ford,Maksim Chmerkoskiy,Singer/Rapper,Florida,United States,25,3,Eliminated Week 5,7,6,3,0.0,0.0,5,0,Percentage
Willa Ford,Maksim Chmerkoskiy,Singer/Rapper,Florida,United States,25,3,Eliminated Week 5,7,7,3,0.0,0.0,5,0,Percentage
Willa Ford,Maksim Chmerkoskiy,Singer/Rapper,Florida,United States,25,3,Eliminated Week 5,7,8,3,0.0,0.0,5,0,Percentage
Willa Ford,Maksim Chmerkoskiy,Singer/Rapper,Florida,United States,25,3,Eliminated Week 5,7,9,3,0.0,0.0,5,0,Percentage
Willa Ford,Maksim Chmerkoskiy,Singer/Rapper,Florida,United States,25,3,Eliminated Week 5,7,10,3,0.0,0.0,5,0,Percentage
Willow Shields,Mark Ballas,Actor/Actress,New Mexico,United States,14,20,Eliminated Week 7,7,1,4,25.0,6.25,7,0,Percentage
Willow Shields,Mark Ballas,Actor/Actress,New Mexico,United States,14,20,Eliminated Week 7,7,2,4,32.0,8.0,7,0,Percentage
Willow Shields,Mark Ballas,Actor/Actress,New Mexico,United States,14,20,Eliminated Week 7,7,3,4,32.0,8.0,7,0,Percentage
Willow Shields,Mark Ballas,Actor/Actress,New Mexico,United States,14,20,Eliminated Week 7,7,4,4,39.0,9.75,7,0,Percentage
Willow Shields,Mark Ballas,Actor/Actress,New Mexico,United States,14,20,Eliminated Week 7,7,5,4,34.0,8.5,7,0,Percentage
Willow Shields,Mark Ballas,Actor/Actress,New Mexico,United States,14,20,Eliminated Week 7,7,6,4,36.5,9.125,7,0,Percentage
Willow Shields,Mark Ballas,Actor/Actress,New Mexico,United States,14,20,Eliminated Week 7,7,7,4,39.0,9.75,7,1,Percentage
Willow Shields,Mark Ballas,Actor/Actress,New Mexico,United States,14,20,Eliminated Week 7,7,8,4,0.0,0.0,7,0,Percentage
Willow Shields,Mark Ballas,Actor/Actress,New Mexico,United States,14,20,Eliminated Week 7,7,9,4,0.0,0.0,7,0,Percentage
Willow Shields,Mark Ballas,Actor/Actress,New Mexico,United States,14,20,Eliminated Week 7,7,10,4,0.0,0.0,7,0,Percentage
Wynonna Judd,Tony Dovolani,Singer/Rapper,Kentucky,United States,48,16,Eliminated Week 3,11,1,3,18.0,6.0,3,0,Percentage
Wynonna Judd,Tony Dovolani,Singer/Rapper,Kentucky,United States,48,16,Eliminated Week 3,11,2,3,18.0,6.0,3,0,Percentage
Wynonna Judd,Tony Dovolani,Singer/Rapper,Kentucky,United States,48,16,Eliminated Week 3,11,3,3,15.0,5.0,3,1,Percentage
Wynonna Judd,Tony Dovolani,Singer/Rapper,Kentucky,United States,48,16,Eliminated Week 3,11,4,3,0.0,0.0,3,0,Percentage
Wynonna Judd,Tony Dovolani,Singer/Rapper,Kentucky,United States,48,16,Eliminated Week 3,11,5,3,0.0,0.0,3,0,Percentage
Wynonna Judd,Tony Dovolani,Singer/Rapper,Kentucky,United States,48,16,Eliminated Week 3,11,6,3,0.0,0.0,3,0,Percentage
Wynonna Judd,Tony Dovolani,Singer/Rapper,Kentucky,United States,48,16,Eliminated Week 3,11,7,3,0.0,0.0,3,0,Percentage
Wynonna Judd,Tony Dovolani,Singer/Rapper,Kentucky,United States,48,16,Eliminated Week 3,11,8,3,0.0,0.0,3,0,Percentage
Wynonna Judd,Tony Dovolani,Singer/Rapper,Kentucky,United States,48,16,Eliminated Week 3,11,9,3,0.0,0.0,3,0,Percentage
Wynonna Judd,Tony Dovolani,Singer/Rapper,Kentucky,United States,48,16,Eliminated Week 3,11,10,3,0.0,0.0,3,0,Percentage
Zendaya,Valentin Chmerkovskiy,Actor/Actress,California,United States,16,16,2nd Place,2,1,3,24.0,8.0,99,0,Percentage
Zendaya,Valentin Chmerkovskiy,Actor/Actress,California,United States,16,16,2nd Place,2,2,3,26.0,8.666666666666666,99,0,Percentage
Zendaya,Valentin Chmerkovskiy,Actor/Actress,California,United States,16,16,2nd Place,2,3,3,25.9998,8.6666,99,0,Percentage
Zendaya,Valentin Chmerkovskiy,Actor/Actress,California,United States,16,16,2nd Place,2,4,3,26.0,8.666666666666666,99,0,Percentage
Zendaya,Valentin Chmerkovskiy,Actor/Actress,California,United States,16,16,2nd Place,2,5,3,29.0,9.666666666666666,99,0,Percentage
Zendaya,Valentin Chmerkovskiy,Actor/Actress,California,United States,16,16,2nd Place,2,6,3,25.5,8.5,99,0,Percentage
Zendaya,Valentin Chmerkovskiy,Actor/Actress,California,United States,16,16,2nd Place,2,7,3,30.0,10.0,99,0,Percentage
Zendaya,Valentin Chmerkovskiy,Actor/Actress,California,United States,16,16,2nd Place,2,8,3,29.0,9.666666666666666,99,0,Percentage
Zendaya,Valentin Chmerkovskiy,Actor/Actress,California,United States,16,16,2nd Place,2,9,3,27.5,9.166666666666666,99,0,Percentage
Zendaya,Valentin Chmerkovskiy,Actor/Actress,California,United States,16,16,2nd Place,2,10,3,30.0,10.0,99,0,Percentage
