celebrity_name,ballroom_partner,celebrity_industry,celebrity_age_during_season,season,week,avg_judge_score,std_judge_score,fan_metric,std_fan_score,age_inv,industry_encoded
Evander Holyfield,Edyta Sliwinska,Athlete,42,1,1,6.0,0.0698,3.0,0.5,0.0238,0.0515
Joey McIntyre,Ashly DelGrosso,Singer/Rapper,32,1,1,6.6667,0.7683,3.0,0.5,0.0312,0.1573
John O'Hurley,Charlotte Jorgensen,Actor/Actress,50,1,1,6.6667,0.7683,3.0,0.5,0.02,0.0606
Kelly Monaco,Alec Mazo,Actor/Actress,29,1,1,4.3333,-1.6762,3.0,0.5,0.0345,0.0606
Trista Sutter,Louis van Amstel,TV Personality,32,1,1,6.0,0.0698,3.0,0.5,0.0312,-0.1547
Evander Holyfield,Edyta Sliwinska,Athlete,42,1,2,4.6667,-1.1985,4.0033,1.0,0.0238,0.0515
Joey McIntyre,Ashly DelGrosso,Singer/Rapper,32,1,2,7.0,0.3551,3.0,0.5008,0.0312,0.1573
John O'Hurley,Charlotte Jorgensen,Actor/Actress,50,1,2,8.6667,1.4649,3.0,0.5008,0.02,0.0606
Kelly Monaco,Alec Mazo,Actor/Actress,29,1,2,5.6667,-0.5327,3.0033,0.5025,0.0345,0.0606
Trista Sutter,Louis van Amstel,TV Personality,32,1,2,6.3333,-0.0888,1.9933,0.0,0.0312,-0.1547
Evander Holyfield,Edyta Sliwinska,Athlete,42,1,3,4.3333,-1.4491,2.495,0.0,0.0238,0.0515
Joey McIntyre,Ashly DelGrosso,Singer/Rapper,32,1,3,7.3333,0.414,3.0,1.0,0.0312,0.1573
John O'Hurley,Charlotte Jorgensen,Actor/Actress,50,1,3,8.0,0.8281,3.0,1.0,0.02,0.0606
Kelly Monaco,Alec Mazo,Actor/Actress,29,1,3,7.0,0.207,3.0,1.0,0.0345,0.0606
Joey McIntyre,Ashly DelGrosso,Singer/Rapper,32,1,4,6.6667,-0.7259,3.0,0.5,0.0312,0.1573
John O'Hurley,Charlotte Jorgensen,Actor/Actress,50,1,4,7.0,-0.4148,3.0,0.5,0.02,0.0606
Kelly Monaco,Alec Mazo,Actor/Actress,29,1,4,8.6667,1.1406,3.0,0.5,0.0345,0.0606
Joey McIntyre,Ashly DelGrosso,Singer/Rapper,32,1,5,7.5,-0.7759,3.0,0.5,0.0312,0.1573
John O'Hurley,Charlotte Jorgensen,Actor/Actress,50,1,5,9.0,1.1286,3.0,0.5,0.02,0.0606
Kelly Monaco,Alec Mazo,Actor/Actress,29,1,5,7.8333,-0.3527,3.0,0.5,0.0345,0.0606
John O'Hurley,Charlotte Jorgensen,Actor/Actress,50,1,6,9.0,-0.7071,3.0,0.5,0.02,0.0606
Kelly Monaco,Alec Mazo,Actor/Actress,29,1,6,9.1667,0.7071,3.0,0.5,0.0345,0.0606
Drew Lachey,Cheryl Burke,Singer/Rapper,29,2,1,8.0,1.165,5.0,0.5,0.0345,0.1573
George Hamilton,Edyta Sliwinska,Actor/Actress,66,2,1,6.0,-0.2648,5.0,0.5,0.0152,0.0606
Jerry Rice,Anna Trebunskaya,Athlete,43,2,1,7.0,0.4501,5.0,0.5,0.0233,0.0515
Kenny Mayne,Andrea Hale,Sports Broadcaster,46,2,1,4.3333,-1.4562,4.495,0.0,0.0217,0.0164
Lisa Rinna,Louis van Amstel,Actor/Actress,42,2,1,6.3333,-0.0265,5.0,0.5,0.0238,0.0606
Master P,Ashly DelGrosso,Singer/Rapper,35,2,1,4.0,-1.6945,5.505,1.0,0.0286,0.1573
Stacy Keibler,Tony Dovolani,Athlete,26,2,1,7.3333,0.6884,5.0,0.5,0.0385,0.0515
Tatum O'Neal,Nick Kosovich,Actor/Actress,42,2,1,7.6667,0.9267,5.0,0.5,0.0238,0.0606
Tia Carrere,Maksim Chmerkoskiy,Actor/Actress,39,2,1,6.6667,0.2118,5.0,0.5,0.0256,0.0606
Drew Lachey,Cheryl Burke,Singer/Rapper,29,2,2,9.0,1.118,5.0,0.9967,0.0345,0.1573
George Hamilton,Edyta Sliwinska,Actor/Actress,66,2,2,7.3333,0.0,5.0,0.9967,0.0152,0.0606
Jerry Rice,Anna Trebunskaya,Athlete,43,2,2,7.6667,0.2236,5.0,0.9967,0.0233,0.0515
Lisa Rinna,Louis van Amstel,Actor/Actress,42,2,2,6.6667,-0.4472,5.0,0.9967,0.0238,0.0606
Master P,Ashly DelGrosso,Singer/Rapper,35,2,2,5.3333,-1.3416,5.0033,1.0,0.0286,0.1573
Stacy Keibler,Tony Dovolani,Athlete,26,2,2,9.6667,1.5652,5.0,0.9967,0.0385,0.0515
Tatum O'Neal,Nick Kosovich,Actor/Actress,42,2,2,5.6667,-1.118,3.9933,0.0,0.0238,0.0606
Tia Carrere,Maksim Chmerkoskiy,Actor/Actress,39,2,2,7.3333,0.0,5.0,0.9967,0.0256,0.0606
Drew Lachey,Cheryl Burke,Singer/Rapper,29,2,3,9.0,0.849,5.0,0.5,0.0345,0.1573
George Hamilton,Edyta Sliwinska,Actor/Actress,66,2,3,7.3333,-0.1757,5.0,0.5,0.0152,0.0606
Jerry Rice,Anna Trebunskaya,Athlete,43,2,3,6.3333,-0.7905,5.0,0.5,0.0233,0.0515
Lisa Rinna,Louis van Amstel,Actor/Actress,42,2,3,8.3333,0.4392,5.0,0.5,0.0238,0.0606
Master P,Ashly DelGrosso,Singer/Rapper,35,2,3,4.6667,-1.8152,5.0,0.5,0.0286,0.1573
Stacy Keibler,Tony Dovolani,Athlete,26,2,3,9.0,0.849,5.0,0.5,0.0385,0.0515
Tia Carrere,Maksim Chmerkoskiy,Actor/Actress,39,2,3,8.6667,0.6441,5.0,0.5,0.0256,0.0606
Drew Lachey,Cheryl Burke,Singer/Rapper,29,2,4,9.3333,0.8008,5.0,1.0,0.0345,0.1573
George Hamilton,Edyta Sliwinska,Actor/Actress,66,2,4,7.0,-0.2318,5.0,1.0,0.0152,0.0606
Jerry Rice,Anna Trebunskaya,Athlete,43,2,4,8.0,0.2107,5.0,1.0,0.0233,0.0515
Lisa Rinna,Louis van Amstel,Actor/Actress,42,2,4,8.6667,0.5058,5.0,1.0,0.0238,0.0606
Master P,Ashly DelGrosso,Singer/Rapper,35,2,4,2.6667,-2.1496,3.66,0.0,0.0286,0.1573
Stacy Keibler,Tony Dovolani,Athlete,26,2,4,8.6667,0.5058,5.0,1.0,0.0385,0.0515
Tia Carrere,Maksim Chmerkoskiy,Actor/Actress,39,2,4,8.3333,0.3583,5.0,1.0,0.0256,0.0606
Drew Lachey,Cheryl Burke,Singer/Rapper,29,2,5,9.0,0.6264,5.0,1.0,0.0345,0.1573
George Hamilton,Edyta Sliwinska,Actor/Actress,66,2,5,8.0,-0.3986,5.0,1.0,0.0152,0.0606
Jerry Rice,Anna Trebunskaya,Athlete,43,2,5,7.6667,-0.7403,5.0,1.0,0.0233,0.0515
Lisa Rinna,Louis van Amstel,Actor/Actress,42,2,5,8.3333,-0.0569,5.0,1.0,0.0238,0.0606
Stacy Keibler,Tony Dovolani,Athlete,26,2,5,10.0,1.6514,5.0,1.0,0.0385,0.0515
Tia Carrere,Maksim Chmerkoskiy,Actor/Actress,39,2,5,7.3333,-1.0819,2.7425,0.0,0.0256,0.0606
Drew Lachey,Cheryl Burke,Singer/Rapper,29,2,6,10.0,0.9695,5.0,1.0,0.0345,0.1573
George Hamilton,Edyta Sliwinska,Actor/Actress,66,2,6,7.6667,-1.0265,1.792,0.0,0.0152,0.0606
Jerry Rice,Anna Trebunskaya,Athlete,43,2,6,7.6667,-1.0265,5.0,1.0,0.0233,0.0515
Lisa Rinna,Louis van Amstel,Actor/Actress,42,2,6,9.0,0.1141,5.0,1.0,0.0238,0.0606
Stacy Keibler,Tony Dovolani,Athlete,26,2,6,10.0,0.9695,5.0,1.0,0.0385,0.0515
Drew Lachey,Cheryl Burke,Singer/Rapper,29,2,7,9.1667,0.5941,2.9833,1.0,0.0345,0.1573
Jerry Rice,Anna Trebunskaya,Athlete,43,2,7,6.8333,-1.4852,2.9833,1.0,0.0233,0.0515
Lisa Rinna,Louis van Amstel,Actor/Actress,42,2,7,8.8333,0.297,1.0,0.0,0.0238,0.0606
Stacy Keibler,Tony Dovolani,Athlete,26,2,7,9.1667,0.5941,2.9833,1.0,0.0385,0.0515
Drew Lachey,Cheryl Burke,Singer/Rapper,29,2,8,9.6666,0.7044,5.0,0.5,0.0345,0.1573
Jerry Rice,Anna Trebunskaya,Athlete,43,2,8,8.8889,-1.1446,5.0,0.5,0.0233,0.0515
Stacy Keibler,Tony Dovolani,Athlete,26,2,8,9.5555,0.4402,5.0,0.5,0.0385,0.0515
Emmitt Smith,Cheryl Burke,Athlete,37,3,1,8.0,1.0358,0.1,0.5,0.027,0.0515
Harry Hamlin,Ashly DelGrosso,Actor/Actress,54,3,1,5.6667,-0.6121,0.1,0.5,0.0185,0.0606
Joey Lawrence,Edyta Sliwinska,Actor/Actress,30,3,1,7.0,0.3296,0.1,0.5,0.0333,0.0606
Mario Lopez,Karina Smirnoff,Actor/Actress,32,3,1,8.6667,1.5066,0.1,0.5,0.0312,0.0606
Monique Coleman,Louis van Amstel,Actor/Actress,25,3,1,6.3333,-0.1412,0.1,0.5,0.04,0.0606
Sara Evans,Tony Dovolani,Singer/Rapper,35,3,1,5.0,-1.0829,0.1,0.5,0.0286,0.1573
Shanna Moakler,Jesse DeSoto,Model,31,3,1,6.0,-0.3767,0.1,0.5,0.0323,-0.1784
Tucker Carlson,Elena Grinenko,TV Personality,37,3,1,4.0,-1.7891,0.1,0.5,0.027,-0.1547
Vivica A. Fox,Nick Kosovich,Actor/Actress,42,3,1,7.3333,0.565,0.1,0.5,0.0238,0.0606
Willa Ford,Maksim Chmerkoskiy,Singer/Rapper,25,3,1,7.3333,0.565,0.1,0.5,0.04,0.1573
Emmitt Smith,Cheryl Burke,Athlete,37,3,2,8.0,0.2059,0.1,1.0,0.027,0.0515
Harry Hamlin,Ashly DelGrosso,Actor/Actress,54,3,2,7.0,-0.9061,0.1,1.0,0.0185,0.0606
Joey Lawrence,Edyta Sliwinska,Actor/Actress,30,3,2,9.6667,2.0593,0.1,1.0,0.0333,0.0606
Mario Lopez,Karina Smirnoff,Actor/Actress,32,3,2,7.0,-0.9061,0.1,1.0,0.0312,0.0606
Monique Coleman,Louis van Amstel,Actor/Actress,25,3,2,8.6667,0.9473,0.1,1.0,0.04,0.0606
Sara Evans,Tony Dovolani,Singer/Rapper,35,3,2,7.0,-0.9061,0.1,1.0,0.0286,0.1573
Shanna Moakler,Jesse DeSoto,Model,31,3,2,7.3333,-0.5354,0.0478,0.0,0.0323,-0.1784
Vivica A. Fox,Nick Kosovich,Actor/Actress,42,3,2,8.0,0.2059,0.1,1.0,0.0238,0.0606
Willa Ford,Maksim Chmerkoskiy,Singer/Rapper,25,3,2,7.6667,-0.1647,0.1,1.0,0.04,0.1573
Emmitt Smith,Cheryl Burke,Athlete,37,3,3,6.3333,-1.5094,0.1,1.0,0.027,0.0515
Harry Hamlin,Ashly DelGrosso,Actor/Actress,54,3,3,7.3333,-0.4439,0.0211,0.0,0.0185,0.0606
Joey Lawrence,Edyta Sliwinska,Actor/Actress,30,3,3,7.3333,-0.4439,0.1,1.0,0.0333,0.0606
Mario Lopez,Karina Smirnoff,Actor/Actress,32,3,3,7.3333,-0.4439,0.1,1.0,0.0312,0.0606
Monique Coleman,Louis van Amstel,Actor/Actress,25,3,3,9.0,1.3318,0.1,1.0,0.04,0.0606
Sara Evans,Tony Dovolani,Singer/Rapper,35,3,3,8.3333,0.6215,0.1,1.0,0.0286,0.1573
Vivica A. Fox,Nick Kosovich,Actor/Actress,42,3,3,9.0,1.3318,0.1,1.0,0.0238,0.0606
Willa Ford,Maksim Chmerkoskiy,Singer/Rapper,25,3,3,7.3333,-0.4439,0.1,1.0,0.04,0.1573
Emmitt Smith,Cheryl Burke,Athlete,37,3,4,8.0,-0.3713,0.0984,1.0,0.027,0.0515
Joey Lawrence,Edyta Sliwinska,Actor/Actress,30,3,4,9.0,0.6033,0.0984,1.0,0.0333,0.0606
Mario Lopez,Karina Smirnoff,Actor/Actress,32,3,4,9.6667,1.253,0.0984,1.0,0.0312,0.0606
Monique Coleman,Louis van Amstel,Actor/Actress,25,3,4,8.0,-0.3713,0.0984,1.0,0.04,0.0606
Sara Evans,Tony Dovolani,Singer/Rapper,35,3,4,6.6667,-1.6707,0.0984,1.0,0.0286,0.1573
Vivica A. Fox,Nick Kosovich,Actor/Actress,42,3,4,8.0,-0.3713,-0.0,0.0,0.0238,0.0606
Willa Ford,Maksim Chmerkoskiy,Singer/Rapper,25,3,4,9.3333,0.9281,0.0984,1.0,0.04,0.1573
Emmitt Smith,Cheryl Burke,Athlete,37,3,5,9.0,0.627,0.0623,1.0,0.027,0.0515
Joey Lawrence,Edyta Sliwinska,Actor/Actress,30,3,5,8.3333,-0.8777,0.0623,1.0,0.0333,0.0606
Mario Lopez,Karina Smirnoff,Actor/Actress,32,3,5,9.0,0.627,0.0623,1.0,0.0312,0.0606
Monique Coleman,Louis van Amstel,Actor/Actress,25,3,5,9.0,0.627,0.0623,1.0,0.04,0.0606
Sara Evans,Tony Dovolani,Singer/Rapper,35,3,5,8.0,-1.6301,0.0623,1.0,0.0286,0.1573
Willa Ford,Maksim Chmerkoskiy,Singer/Rapper,25,3,5,9.0,0.627,-0.0,0.0,0.04,0.1573
Emmitt Smith,Cheryl Burke,Athlete,37,3,6,8.3333,0.0,0.1,0.5,0.027,0.0515
Joey Lawrence,Edyta Sliwinska,Actor/Actress,30,3,6,8.0,-0.4629,0.1,0.5,0.0333,0.0606
Mario Lopez,Karina Smirnoff,Actor/Actress,32,3,6,9.3333,1.3887,0.1,0.5,0.0312,0.0606
Monique Coleman,Louis van Amstel,Actor/Actress,25,3,6,7.6667,-0.9258,0.1,0.5,0.04,0.0606
Emmitt Smith,Cheryl Burke,Athlete,37,3,7,9.5,0.7071,0.1,0.5,0.027,0.0515
Joey Lawrence,Edyta Sliwinska,Actor/Actress,30,3,7,9.5,0.7071,0.1,0.5,0.0333,0.0606
Mario Lopez,Karina Smirnoff,Actor/Actress,32,3,7,9.3333,0.0,0.1,0.5,0.0312,0.0606
Monique Coleman,Louis van Amstel,Actor/Actress,25,3,7,9.0,-1.4142,0.1,0.5,0.04,0.0606
Emmitt Smith,Cheryl Burke,Athlete,37,3,8,9.0,-0.2887,0.1,0.5,0.027,0.0515
Joey Lawrence,Edyta Sliwinska,Actor/Actress,30,3,8,9.0,-0.2887,0.1,0.5,0.0333,0.0606
Mario Lopez,Karina Smirnoff,Actor/Actress,32,3,8,9.5,1.4434,0.1,0.5,0.0312,0.0606
Monique Coleman,Louis van Amstel,Actor/Actress,25,3,8,8.8333,-0.866,0.1,0.5,0.04,0.0606
Emmitt Smith,Cheryl Burke,Athlete,37,3,9,9.8333,0.0,0.1,0.5,0.027,0.0515
Joey Lawrence,Edyta Sliwinska,Actor/Actress,30,3,9,9.8333,0.0,0.1,0.5,0.0333,0.0606
Mario Lopez,Karina Smirnoff,Actor/Actress,32,3,9,9.8333,0.0,0.1,0.5,0.0312,0.0606
Emmitt Smith,Cheryl Burke,Athlete,37,3,10,9.8889,0.0,0.1,0.5,0.027,0.0515
Mario Lopez,Karina Smirnoff,Actor/Actress,32,3,10,9.8889,0.0,0.1,0.5,0.0312,0.0606
Apolo Anton Ohno,Julianne Hough,Athlete,24,4,1,7.0,0.5898,0.1111,0.5,0.0417,0.0515
Billy Ray Cyrus,Karina Smirnoff,Singer/Rapper,45,4,1,4.3333,-1.5336,0.1111,0.5,0.0222,0.1573
Clyde Drexler,Elena Grinenko,Athlete,44,4,1,5.3333,-0.7373,0.1111,0.5,0.0227,0.0515
Ian Ziering,Cheryl Burke,Actor/Actress,42,4,1,7.0,0.5898,0.1111,0.5,0.0238,0.0606
Joey Fatone,Kym Johnson,Singer/Rapper,30,4,1,8.0,1.3861,0.1111,0.5,0.0333,0.1573
John Ratzenberger,Edyta Sliwinska,Actor/Actress,59,4,1,5.6667,-0.4719,0.1111,0.5,0.0169,0.0606
Laila Ali,Maksim Chmerkoskiy,Athlete,29,4,1,7.6667,1.1207,0.1111,0.5,0.0345,0.0515
Leeza Gibbons,Tony Dovolani,TV Personality,50,4,1,5.0,-1.0027,0.1111,0.5,0.02,-0.1547
Shandi Finnessey,Brian Fortuna,Beauty Pagent,28,4,1,6.3333,0.059,0.1111,0.5,0.0357,-0.3064
Apolo Anton Ohno,Julianne Hough,Athlete,24,4,2,8.6667,1.3,0.1111,0.5,0.0417,0.0515
Billy Ray Cyrus,Karina Smirnoff,Singer/Rapper,45,4,2,7.0,-0.4206,0.1111,0.5,0.0222,0.1573
Clyde Drexler,Elena Grinenko,Athlete,44,4,2,6.0,-1.453,0.1111,0.5,0.0227,0.0515
Ian Ziering,Cheryl Burke,Actor/Actress,42,4,2,7.3333,-0.0765,0.1111,0.5,0.0238,0.0606
Joey Fatone,Kym Johnson,Singer/Rapper,30,4,2,8.0,0.6118,0.1111,0.5,0.0333,0.1573
John Ratzenberger,Edyta Sliwinska,Actor/Actress,59,4,2,7.0,-0.4206,0.1111,0.5,0.0169,0.0606
Laila Ali,Maksim Chmerkoskiy,Athlete,29,4,2,9.0,1.6441,0.1111,0.5,0.0345,0.0515
Leeza Gibbons,Tony Dovolani,TV Personality,50,4,2,7.0,-0.4206,0.1111,0.5,0.02,-0.1547
Shandi Finnessey,Brian Fortuna,Beauty Pagent,28,4,2,6.6667,-0.7647,0.1111,0.5,0.0357,-0.3064
Apolo Anton Ohno,Julianne Hough,Athlete,24,4,3,7.6667,0.5548,0.1111,0.5,0.0417,0.0515
Billy Ray Cyrus,Karina Smirnoff,Singer/Rapper,45,4,3,7.0,-0.2134,0.1111,0.5,0.0222,0.1573
Clyde Drexler,Elena Grinenko,Athlete,44,4,3,5.3333,-2.1339,0.124,1.0,0.0227,0.0515
Ian Ziering,Cheryl Burke,Actor/Actress,42,4,3,8.0,0.9389,0.1111,0.5,0.0238,0.0606
Joey Fatone,Kym Johnson,Singer/Rapper,30,4,3,8.0,0.9389,0.1111,0.5,0.0333,0.1573
John Ratzenberger,Edyta Sliwinska,Actor/Actress,59,4,3,6.6667,-0.5975,0.1111,0.5,0.0169,0.0606
Laila Ali,Maksim Chmerkoskiy,Athlete,29,4,3,7.0,-0.2134,0.1111,0.5,0.0345,0.0515
Leeza Gibbons,Tony Dovolani,TV Personality,50,4,3,8.0,0.9389,0.1111,0.5,0.02,-0.1547
Shandi Finnessey,Brian Fortuna,Beauty Pagent,28,4,3,7.0,-0.2134,0.0982,0.0,0.0357,-0.3064
Apolo Anton Ohno,Julianne Hough,Athlete,24,4,4,8.6667,1.0434,0.1111,1.0,0.0417,0.0515
Billy Ray Cyrus,Karina Smirnoff,Singer/Rapper,45,4,4,7.0,0.0254,0.1111,1.0,0.0222,0.1573
Clyde Drexler,Elena Grinenko,Athlete,44,4,4,5.0,-1.1961,0.1111,1.0,0.0227,0.0515
Ian Ziering,Cheryl Burke,Actor/Actress,42,4,4,8.0,0.6362,0.1111,1.0,0.0238,0.0606
Joey Fatone,Kym Johnson,Singer/Rapper,30,4,4,9.3333,1.4506,0.1111,1.0,0.0333,0.1573
John Ratzenberger,Edyta Sliwinska,Actor/Actress,59,4,4,5.3333,-0.9925,0.1111,1.0,0.0169,0.0606
Laila Ali,Maksim Chmerkoskiy,Athlete,29,4,4,7.0,0.0254,0.1111,1.0,0.0345,0.0515
Leeza Gibbons,Tony Dovolani,TV Personality,50,4,4,5.3333,-0.9925,0.0632,0.0,0.02,-0.1547
Apolo Anton Ohno,Julianne Hough,Athlete,24,4,5,10.0,1.2559,0.1111,1.0,0.0417,0.0515
Billy Ray Cyrus,Karina Smirnoff,Singer/Rapper,45,4,5,5.6667,-0.822,0.1111,1.0,0.0222,0.1573
Clyde Drexler,Elena Grinenko,Athlete,44,4,5,4.3333,-1.4614,0.0551,0.0,0.0227,0.0515
Ian Ziering,Cheryl Burke,Actor/Actress,42,4,5,8.0,0.2968,0.1111,1.0,0.0238,0.0606
Joey Fatone,Kym Johnson,Singer/Rapper,30,4,5,8.3333,0.4567,0.1111,1.0,0.0333,0.1573
John Ratzenberger,Edyta Sliwinska,Actor/Actress,59,4,5,6.0,-0.6622,0.1111,1.0,0.0169,0.0606
Laila Ali,Maksim Chmerkoskiy,Athlete,29,4,5,9.3333,0.9362,0.1111,1.0,0.0345,0.0515
Apolo Anton Ohno,Julianne Hough,Athlete,24,4,6,9.3333,0.9129,0.1111,0.5,0.0417,0.0515
Billy Ray Cyrus,Karina Smirnoff,Singer/Rapper,45,4,6,7.0,-0.9129,0.1111,0.5,0.0222,0.1573
Ian Ziering,Cheryl Burke,Actor/Actress,42,4,6,8.0,-0.1304,0.1111,0.5,0.0238,0.0606
Joey Fatone,Kym Johnson,Singer/Rapper,30,4,6,9.0,0.6521,0.1111,0.5,0.0333,0.1573
John Ratzenberger,Edyta Sliwinska,Actor/Actress,59,4,6,6.3333,-1.4345,0.1111,0.5,0.0169,0.0606
Laila Ali,Maksim Chmerkoskiy,Athlete,29,4,6,9.3333,0.9129,0.1111,0.5,0.0345,0.0515
Apolo Anton Ohno,Julianne Hough,Athlete,24,4,7,9.0,0.299,0.1111,1.0,0.0417,0.0515
Billy Ray Cyrus,Karina Smirnoff,Singer/Rapper,45,4,7,6.3333,-1.6147,0.1111,1.0,0.0222,0.1573
Ian Ziering,Cheryl Burke,Actor/Actress,42,4,7,9.0,0.299,0.1111,1.0,0.0238,0.0606
Joey Fatone,Kym Johnson,Singer/Rapper,30,4,7,9.8333,0.8971,0.1111,1.0,0.0333,0.1573
John Ratzenberger,Edyta Sliwinska,Actor/Actress,59,4,7,7.5,-0.7775,0.0018,0.0,0.0169,0.0606
Laila Ali,Maksim Chmerkoskiy,Athlete,29,4,7,9.8333,0.8971,0.1111,1.0,0.0345,0.0515
Apolo Anton Ohno,Julianne Hough,Athlete,24,4,8,9.6667,0.9851,0.0985,1.0,0.0417,0.0515
Billy Ray Cyrus,Karina Smirnoff,Singer/Rapper,45,4,8,6.3333,-1.5407,-0.0,0.0,0.0222,0.1573
Ian Ziering,Cheryl Burke,Actor/Actress,42,4,8,7.8333,-0.4041,0.0985,1.0,0.0238,0.0606
Joey Fatone,Kym Johnson,Singer/Rapper,30,4,8,9.1667,0.6062,0.0985,1.0,0.0333,0.1573
Laila Ali,Maksim Chmerkoskiy,Athlete,29,4,8,8.8333,0.3536,0.0985,1.0,0.0345,0.0515
Apolo Anton Ohno,Julianne Hough,Athlete,24,4,9,9.8333,-0.2611,0.1111,0.5,0.0417,0.0515
Ian Ziering,Cheryl Burke,Actor/Actress,42,4,9,9.6667,-1.3056,0.1111,0.5,0.0238,0.0606
Joey Fatone,Kym Johnson,Singer/Rapper,30,4,9,10.0,0.7833,0.1111,0.5,0.0333,0.1573
Laila Ali,Maksim Chmerkoskiy,Athlete,29,4,9,10.0,0.7833,0.1111,0.5,0.0345,0.0515
Apolo Anton Ohno,Julianne Hough,Athlete,24,4,10,9.7777,1.0911,0.1111,0.5,0.0417,0.0515
Joey Fatone,Kym Johnson,Singer/Rapper,30,4,10,9.5555,-0.2183,0.1111,0.5,0.0333,0.1573
Laila Ali,Maksim Chmerkoskiy,Athlete,29,4,10,9.4444,-0.8728,0.1111,0.5,0.0345,0.0515
Albert Reed,Anna Trebunskaya,Model,22,5,1,7.0,0.2137,0.125,0.5,0.0455,-0.1784
Floyd Mayweather Jr. ,Karina Smirnoff,Athlete,30,5,1,6.0,-0.8121,0.125,0.5,0.0333,0.0515
Jennie Garth,Derek Hough,Actor/Actress,35,5,1,7.0,0.2137,0.125,0.5,0.0286,0.0606
Josie Maran,Alec Mazo,Model,29,5,1,5.3333,-1.4959,0.125,0.5,0.0345,-0.1784
Marie Osmond,Jonathan Roberts,Singer/Rapper,47,5,1,7.0,0.2137,0.125,0.5,0.0213,0.1573
Mark Cuban,Kym Johnson,TV Personality,49,5,1,7.0,0.2137,0.125,0.5,0.0204,-0.1547
Sabrina Bryan,Mark Ballas,Actor/Actress,23,5,1,8.6667,1.9233,0.125,0.5,0.0435,0.0606
Wayne Newton,Cheryl Burke,Singer/Rapper,65,5,1,6.3333,-0.4701,0.125,0.5,0.0154,0.1573
Albert Reed,Anna Trebunskaya,Model,22,5,2,7.0,0.0394,0.053,0.0,0.0455,-0.1784
Floyd Mayweather Jr. ,Karina Smirnoff,Athlete,30,5,2,7.0,0.0394,0.125,1.0,0.0333,0.0515
Jennie Garth,Derek Hough,Actor/Actress,35,5,2,7.0,0.0394,0.125,1.0,0.0286,0.0606
Marie Osmond,Jonathan Roberts,Singer/Rapper,47,5,2,8.0,0.8669,0.125,1.0,0.0213,0.1573
Mark Cuban,Kym Johnson,TV Personality,49,5,2,6.0,-0.7881,0.125,1.0,0.0204,-0.1547
Sabrina Bryan,Mark Ballas,Actor/Actress,23,5,2,8.6667,1.4186,0.125,1.0,0.0435,0.0606
Wayne Newton,Cheryl Burke,Singer/Rapper,65,5,2,5.0,-1.6156,0.125,1.0,0.0154,0.1573
Floyd Mayweather Jr. ,Karina Smirnoff,Athlete,30,5,3,7.0,-0.527,0.125,1.0,0.0333,0.0515
Jennie Garth,Derek Hough,Actor/Actress,35,5,3,8.6667,0.7906,0.125,1.0,0.0286,0.0606
Marie Osmond,Jonathan Roberts,Singer/Rapper,47,5,3,8.6667,0.7906,0.125,1.0,0.0213,0.1573
Mark Cuban,Kym Johnson,TV Personality,49,5,3,6.6667,-0.7906,0.125,1.0,0.0204,-0.1547
Sabrina Bryan,Mark Ballas,Actor/Actress,23,5,3,9.0,1.0541,0.125,1.0,0.0435,0.0606
Wayne Newton,Cheryl Burke,Singer/Rapper,65,5,3,6.0,-1.3176,0.038,0.0,0.0154,0.1573
Floyd Mayweather Jr. ,Karina Smirnoff,Athlete,30,5,4,7.6667,-0.8101,-0.0,0.0,0.0333,0.0515
Jennie Garth,Derek Hough,Actor/Actress,35,5,4,9.0,0.4362,0.1152,1.0,0.0286,0.0606
Marie Osmond,Jonathan Roberts,Singer/Rapper,47,5,4,8.6667,0.1246,0.1152,1.0,0.0213,0.1573
Mark Cuban,Kym Johnson,TV Personality,49,5,4,7.3333,-1.1217,0.1152,1.0,0.0204,-0.1547
Sabrina Bryan,Mark Ballas,Actor/Actress,23,5,4,10.0,1.371,0.1152,1.0,0.0435,0.0606
Jennie Garth,Derek Hough,Actor/Actress,35,5,5,8.3333,0.3673,0.0385,1.0,0.0286,0.0606
Marie Osmond,Jonathan Roberts,Singer/Rapper,47,5,5,7.0,-0.808,0.0385,1.0,0.0213,0.1573
Mark Cuban,Kym Johnson,TV Personality,49,5,5,7.0,-0.808,-0.0,0.0,0.0204,-0.1547
Sabrina Bryan,Mark Ballas,Actor/Actress,23,5,5,9.3333,1.2487,0.0385,1.0,0.0435,0.0606
Jennie Garth,Derek Hough,Actor/Actress,35,5,6,9.0,1.0,0.125,0.5,0.0286,0.0606
Marie Osmond,Jonathan Roberts,Singer/Rapper,47,5,6,7.6667,-1.0,0.125,0.5,0.0213,0.1573
Sabrina Bryan,Mark Ballas,Actor/Actress,23,5,6,8.3333,0.0,0.125,0.5,0.0435,0.0606
Jennie Garth,Derek Hough,Actor/Actress,35,5,7,8.8333,0.7071,0.125,0.5,0.0286,0.0606
Marie Osmond,Jonathan Roberts,Singer/Rapper,47,5,7,8.6667,-0.7071,0.125,0.5,0.0213,0.1573
Jennie Garth,Derek Hough,Actor/Actress,35,5,8,8.3333,0.7071,0.125,0.5,0.0286,0.0606
Marie Osmond,Jonathan Roberts,Singer/Rapper,47,5,8,8.1667,-0.7071,0.125,0.5,0.0213,0.1573
Jennie Garth,Derek Hough,Actor/Actress,35,5,9,9.6667,0.7071,0.125,0.5,0.0286,0.0606
Marie Osmond,Jonathan Roberts,Singer/Rapper,47,5,9,9.3333,-0.7071,0.125,0.5,0.0213,0.1573
Marie Osmond,Jonathan Roberts,Singer/Rapper,47,5,10,7.6667,0.0,0.125,0.5,0.0213,0.1573
Adam Carolla,Julianne Hough,Radio Personality,43,6,1,5.0,-1.4767,0.1,0.5,0.0233,-0.7504
Jason Taylor,Edyta Sliwinska,Athlete,33,6,1,7.3333,0.3368,0.1,0.5,0.0303,0.0515
Kristi Yamaguchi,Mark Ballas,Athlete,36,6,1,9.0,1.6321,0.1,0.5,0.0278,0.0515
Mario,Karina Smirnoff,Singer/Rapper,21,6,1,8.0,0.8549,0.1,0.5,0.0476,0.1573
Marissa Jaret Winokur,Tony Dovolani,Actor/Actress,35,6,1,6.0,-0.6995,0.1,0.5,0.0286,0.0606
Marlee Matlin,Fabian Sanchez,Actor/Actress,42,6,1,7.3333,0.3368,0.1,0.5,0.0238,0.0606
Penn Jillette,Kym Johnson,Magician,53,6,1,5.3333,-1.2176,0.1,0.5,0.0189,-1.2552
Priscilla Presley,Louis van Amstel,Actor/Actress,62,6,1,8.0,0.8549,0.1,0.5,0.0161,0.0606
Shannon Elizabeth,Derek Hough,Actor/Actress,34,6,1,7.0,0.0777,0.1,0.5,0.0294,0.0606
Steve Guttenberg,Anna Trebunskaya,Actor/Actress,49,6,1,6.0,-0.6995,0.1,0.5,0.0204,0.0606
Adam Carolla,Julianne Hough,Radio Personality,43,6,2,6.3333,-0.7956,0.1,0.5,0.0233,-0.7504
Jason Taylor,Edyta Sliwinska,Athlete,33,6,2,9.0,1.1934,0.1,0.5,0.0303,0.0515
Kristi Yamaguchi,Mark Ballas,Athlete,36,6,2,9.0,1.1934,0.1,0.5,0.0278,0.0515
Mario,Karina Smirnoff,Singer/Rapper,21,6,2,8.6667,0.9448,0.1,0.5,0.0476,0.1573
Marissa Jaret Winokur,Tony Dovolani,Actor/Actress,35,6,2,7.0,-0.2983,0.1,0.5,0.0286,0.0606
Marlee Matlin,Fabian Sanchez,Actor/Actress,42,6,2,8.0,0.4475,0.1,0.5,0.0238,0.0606
Penn Jillette,Kym Johnson,Magician,53,6,2,5.6667,-1.2928,0.0977,0.0,0.0189,-1.2552
Priscilla Presley,Louis van Amstel,Actor/Actress,62,6,2,7.0,-0.2983,0.1,0.5,0.0161,0.0606
Shannon Elizabeth,Derek Hough,Actor/Actress,34,6,2,8.0,0.4475,0.1,0.5,0.0294,0.0606
Steve Guttenberg,Anna Trebunskaya,Actor/Actress,49,6,2,5.3333,-1.5415,0.1023,1.0,0.0204,0.0606
Adam Carolla,Julianne Hough,Radio Personality,43,6,3,7.0,-0.5868,0.1,1.0,0.0233,-0.7504
Jason Taylor,Edyta Sliwinska,Athlete,33,6,3,7.6667,0.1677,0.1,1.0,0.0303,0.0515
Kristi Yamaguchi,Mark Ballas,Athlete,36,6,3,9.0,1.6765,0.1,1.0,0.0278,0.0515
Mario,Karina Smirnoff,Singer/Rapper,21,6,3,7.0,-0.5868,0.1,1.0,0.0476,0.1573
Marissa Jaret Winokur,Tony Dovolani,Actor/Actress,35,6,3,6.3333,-1.3412,0.1,1.0,0.0286,0.0606
Marlee Matlin,Fabian Sanchez,Actor/Actress,42,6,3,7.0,-0.5868,0.1,1.0,0.0238,0.0606
Priscilla Presley,Louis van Amstel,Actor/Actress,62,6,3,8.6667,1.2993,0.1,1.0,0.0161,0.0606
Shannon Elizabeth,Derek Hough,Actor/Actress,34,6,3,8.0,0.5449,0.1,1.0,0.0294,0.0606
Steve Guttenberg,Anna Trebunskaya,Actor/Actress,49,6,3,7.0,-0.5868,0.0482,0.0,0.0204,0.0606
Adam Carolla,Julianne Hough,Radio Personality,43,6,4,6.3333,-1.6488,0.0363,0.0,0.0233,-0.7504
Jason Taylor,Edyta Sliwinska,Athlete,33,6,4,9.6667,1.1577,0.1,1.0,0.0303,0.0515
Kristi Yamaguchi,Mark Ballas,Athlete,36,6,4,9.6667,1.1577,0.1,1.0,0.0278,0.0515
Mario,Karina Smirnoff,Singer/Rapper,21,6,4,8.0,-0.2456,0.1,1.0,0.0476,0.1573
Marissa Jaret Winokur,Tony Dovolani,Actor/Actress,35,6,4,8.0,-0.2456,0.1,1.0,0.0286,0.0606
Marlee Matlin,Fabian Sanchez,Actor/Actress,42,6,4,8.0,-0.2456,0.1,1.0,0.0238,0.0606
Priscilla Presley,Louis van Amstel,Actor/Actress,62,6,4,7.3333,-0.8069,0.1,1.0,0.0161,0.0606
Shannon Elizabeth,Derek Hough,Actor/Actress,34,6,4,9.3333,0.877,0.1,1.0,0.0294,0.0606
Jason Taylor,Edyta Sliwinska,Athlete,33,6,5,9.0,0.766,0.1,1.0,0.0303,0.0515
Kristi Yamaguchi,Mark Ballas,Athlete,36,6,5,9.6667,1.4362,0.1,1.0,0.0278,0.0515
Mario,Karina Smirnoff,Singer/Rapper,21,6,5,9.0,0.766,0.1,1.0,0.0476,0.1573
Marissa Jaret Winokur,Tony Dovolani,Actor/Actress,35,6,5,8.0,-0.2394,0.1,1.0,0.0286,0.0606
Marlee Matlin,Fabian Sanchez,Actor/Actress,42,6,5,7.3333,-0.9096,0.1,1.0,0.0238,0.0606
Priscilla Presley,Louis van Amstel,Actor/Actress,62,6,5,7.0,-1.2447,0.0089,0.0,0.0161,0.0606
Shannon Elizabeth,Derek Hough,Actor/Actress,34,6,5,7.6667,-0.5745,0.1,1.0,0.0294,0.0606
Jason Taylor,Edyta Sliwinska,Athlete,33,6,6,8.0,-0.4674,0.0901,1.0,0.0303,0.0515
Kristi Yamaguchi,Mark Ballas,Athlete,36,6,6,10.0,1.4021,0.0901,1.0,0.0278,0.0515
Mario,Karina Smirnoff,Singer/Rapper,21,6,6,9.3333,0.779,0.0901,1.0,0.0476,0.1573
Marissa Jaret Winokur,Tony Dovolani,Actor/Actress,35,6,6,8.6667,0.1558,0.0901,1.0,0.0286,0.0606
Marlee Matlin,Fabian Sanchez,Actor/Actress,42,6,6,7.0,-1.4021,-0.0,0.0,0.0238,0.0606
Shannon Elizabeth,Derek Hough,Actor/Actress,34,6,6,8.0,-0.4674,0.0901,1.0,0.0294,0.0606
Jason Taylor,Edyta Sliwinska,Athlete,33,6,7,9.1667,1.3212,0.0075,1.0,0.0303,0.0515
Kristi Yamaguchi,Mark Ballas,Athlete,36,6,7,9.0,0.7707,0.0075,1.0,0.0278,0.0515
Mario,Karina Smirnoff,Singer/Rapper,21,6,7,8.5,-0.8808,0.0075,1.0,0.0476,0.1573
Marissa Jaret Winokur,Tony Dovolani,Actor/Actress,35,6,7,8.6667,-0.3303,0.0075,1.0,0.0286,0.0606
Shannon Elizabeth,Derek Hough,Actor/Actress,34,6,7,8.5,-0.8808,-0.0,0.0,0.0294,0.0606
Jason Taylor,Edyta Sliwinska,Athlete,33,6,8,8.6667,-0.2402,0.1,0.5,0.0303,0.0515
Kristi Yamaguchi,Mark Ballas,Athlete,36,6,8,9.1667,1.201,0.1,0.5,0.0278,0.0515
Mario,Karina Smirnoff,Singer/Rapper,21,6,8,8.8333,0.2402,0.1,0.5,0.0476,0.1573
Marissa Jaret Winokur,Tony Dovolani,Actor/Actress,35,6,8,8.3333,-1.201,0.1,0.5,0.0286,0.0606
Jason Taylor,Edyta Sliwinska,Athlete,33,6,9,9.1667,0.1325,0.1,0.5,0.0303,0.0515
Kristi Yamaguchi,Mark Ballas,Athlete,36,6,9,9.5,0.9272,0.1,0.5,0.0278,0.0515
Marissa Jaret Winokur,Tony Dovolani,Actor/Actress,35,6,9,8.6667,-1.0596,0.1,0.5,0.0286,0.0606
Jason Taylor,Edyta Sliwinska,Athlete,33,6,10,9.5,-0.7071,0.1,0.5,0.0303,0.0515
Kristi Yamaguchi,Mark Ballas,Athlete,36,6,10,10.0,0.7071,0.1,0.5,0.0278,0.0515
Brooke Burke,Derek Hough,TV Personality,37,7,1,8.1667,1.6138,0.0769,0.5,0.027,-0.1547
Cloris Leachman,Corky Ballas,Actor/Actress,82,7,1,5.3333,-1.0677,0.0769,0.5,0.0122,0.0606
Cody Linley,Julianne Hough,Actor/Actress,18,7,1,6.8333,0.3519,0.0769,0.5,0.0556,0.0606
Jeffrey Ross,Edyta Sliwinska,Comedian,43,7,1,4.0,-2.3296,0.0769,0.5,0.0233,-0.8619
Kim Kardashian,Mark Ballas,TV Personality,27,7,1,6.1667,-0.2791,0.0769,0.5,0.037,-0.1547
Lance Bass,Lacey Schwimmer,Singer/Rapper,29,7,1,7.1667,0.6673,0.0769,0.5,0.0345,0.1573
Maurice Greene,Cheryl Burke,Athlete,34,7,1,6.5,0.0364,0.0769,0.5,0.0294,0.0515
Misty May-Treanor,Maksim Chmerkoskiy,Athlete,31,7,1,7.0,0.5096,0.0769,0.5,0.0323,0.0515
Rocco DiSpirito,Karina Smirnoff,TV Personality,41,7,1,5.8333,-0.5945,0.0769,0.5,0.0244,-0.1547
Susan Lucci,Tony Dovolani,Actor/Actress,61,7,1,6.1667,-0.2791,0.0769,0.5,0.0164,0.0606
Ted McGinley,Inna Brayer,Actor/Actress,50,7,1,6.1667,-0.2791,0.0769,0.5,0.02,0.0606
Toni Braxton,Alec Mazo,Singer/Rapper,40,7,1,7.5,0.9828,0.0769,0.5,0.025,0.1573
Warren Sapp,Kym Johnson,Athlete,35,7,1,7.1667,0.6673,0.0769,0.5,0.0286,0.0515
Brooke Burke,Derek Hough,TV Personality,37,7,2,8.0,1.2689,0.0769,1.0,0.027,-0.1547
Cloris Leachman,Corky Ballas,Actor/Actress,82,7,2,5.0,-1.6525,0.0769,1.0,0.0122,0.0606
Cody Linley,Julianne Hough,Actor/Actress,18,7,2,7.0,0.2951,0.0769,1.0,0.0556,0.0606
Kim Kardashian,Mark Ballas,TV Personality,27,7,2,5.6667,-1.0033,0.0256,0.0,0.037,-0.1547
Lance Bass,Lacey Schwimmer,Singer/Rapper,29,7,2,6.6667,-0.0295,0.0769,1.0,0.0345,0.1573
Maurice Greene,Cheryl Burke,Athlete,34,7,2,6.3333,-0.3541,0.0769,1.0,0.0294,0.0515
Misty May-Treanor,Maksim Chmerkoskiy,Athlete,31,7,2,7.0,0.2951,0.0769,1.0,0.0323,0.0515
Rocco DiSpirito,Karina Smirnoff,TV Personality,41,7,2,5.3333,-1.3279,0.0769,1.0,0.0244,-0.1547
Susan Lucci,Tony Dovolani,Actor/Actress,61,7,2,7.0,0.2951,0.0769,1.0,0.0164,0.0606
Toni Braxton,Alec Mazo,Singer/Rapper,40,7,2,7.6667,0.9443,0.0769,1.0,0.025,0.1573
Warren Sapp,Kym Johnson,Athlete,35,7,2,8.0,1.2689,0.0769,1.0,0.0286,0.0515
Brooke Burke,Derek Hough,TV Personality,37,7,3,9.3333,1.7471,0.0769,0.5,0.027,-0.1547
Cloris Leachman,Corky Ballas,Actor/Actress,82,7,3,5.3333,-1.813,0.0769,0.5,0.0122,0.0606
Cody Linley,Julianne Hough,Actor/Actress,18,7,3,7.0,-0.3296,0.0769,0.5,0.0556,0.0606
Lance Bass,Lacey Schwimmer,Singer/Rapper,29,7,3,7.3333,-0.033,0.0769,0.5,0.0345,0.1573
Maurice Greene,Cheryl Burke,Athlete,34,7,3,8.0,0.5604,0.0769,0.5,0.0294,0.0515
Rocco DiSpirito,Karina Smirnoff,TV Personality,41,7,3,6.6667,-0.6263,0.0769,0.5,0.0244,-0.1547
Susan Lucci,Tony Dovolani,Actor/Actress,61,7,3,7.0,-0.3296,0.0769,0.5,0.0164,0.0606
Toni Braxton,Alec Mazo,Singer/Rapper,40,7,3,7.3333,-0.033,0.0769,0.5,0.025,0.1573
Warren Sapp,Kym Johnson,Athlete,35,7,3,8.3333,0.8571,0.0769,0.5,0.0286,0.0515
Brooke Burke,Derek Hough,TV Personality,37,7,4,8.6667,1.323,0.0769,1.0,0.027,-0.1547
Cloris Leachman,Corky Ballas,Actor/Actress,82,7,4,7.3333,-0.2134,0.0769,1.0,0.0122,0.0606
Cody Linley,Julianne Hough,Actor/Actress,18,7,4,7.6667,0.1707,0.0769,1.0,0.0556,0.0606
Lance Bass,Lacey Schwimmer,Singer/Rapper,29,7,4,8.6667,1.323,0.0769,1.0,0.0345,0.1573
Maurice Greene,Cheryl Burke,Athlete,34,7,4,6.6667,-0.9816,0.0769,1.0,0.0294,0.0515
Rocco DiSpirito,Karina Smirnoff,TV Personality,41,7,4,6.0,-1.7498,0.0059,0.0,0.0244,-0.1547
Susan Lucci,Tony Dovolani,Actor/Actress,61,7,4,8.0,0.5548,0.0769,1.0,0.0164,0.0606
Toni Braxton,Alec Mazo,Singer/Rapper,40,7,4,7.3333,-0.2134,0.0769,1.0,0.025,0.1573
Warren Sapp,Kym Johnson,Athlete,35,7,4,7.3333,-0.2134,0.0769,1.0,0.0286,0.0515
Brooke Burke,Derek Hough,TV Personality,37,7,5,9.6667,1.4048,0.0622,1.0,0.027,-0.1547
Cloris Leachman,Corky Ballas,Actor/Actress,82,7,5,7.0,-1.0251,0.0622,1.0,0.0122,0.0606
Cody Linley,Julianne Hough,Actor/Actress,18,7,5,9.3333,1.1011,0.0622,1.0,0.0556,0.0606
Lance Bass,Lacey Schwimmer,Singer/Rapper,29,7,5,7.0,-1.0251,0.0622,1.0,0.0345,0.1573
Maurice Greene,Cheryl Burke,Athlete,34,7,5,9.0,0.7973,0.0622,1.0,0.0294,0.0515
Susan Lucci,Tony Dovolani,Actor/Actress,61,7,5,7.3333,-0.7214,0.0622,1.0,0.0164,0.0606
Toni Braxton,Alec Mazo,Singer/Rapper,40,7,5,7.3333,-0.7214,-0.0,0.0,0.025,0.1573
Warren Sapp,Kym Johnson,Athlete,35,7,5,8.3333,0.1898,0.0622,1.0,0.0286,0.0515
Brooke Burke,Derek Hough,TV Personality,37,7,6,8.6667,0.7822,0.0728,1.0,0.027,-0.1547
Cloris Leachman,Corky Ballas,Actor/Actress,82,7,6,5.0,-1.9556,-0.0,0.0,0.0122,0.0606
Cody Linley,Julianne Hough,Actor/Actress,18,7,6,7.6667,0.0356,0.0728,1.0,0.0556,0.0606
Lance Bass,Lacey Schwimmer,Singer/Rapper,29,7,6,9.0,1.0311,0.0728,1.0,0.0345,0.1573
Maurice Greene,Cheryl Burke,Athlete,34,7,6,7.0,-0.4622,0.0728,1.0,0.0294,0.0515
Susan Lucci,Tony Dovolani,Actor/Actress,61,7,6,7.6667,0.0356,0.0728,1.0,0.0164,0.0606
Warren Sapp,Kym Johnson,Athlete,35,7,6,8.3333,0.5333,0.0728,1.0,0.0286,0.0515
Brooke Burke,Derek Hough,TV Personality,37,7,7,10.0,1.748,0.0769,0.5,0.027,-0.1547
Cody Linley,Julianne Hough,Actor/Actress,18,7,7,7.3333,-0.7946,0.0769,0.5,0.0556,0.0606
Lance Bass,Lacey Schwimmer,Singer/Rapper,29,7,7,8.3333,0.1589,0.0769,0.5,0.0345,0.1573
Maurice Greene,Cheryl Burke,Athlete,34,7,7,8.3333,0.1589,0.0769,0.5,0.0294,0.0515
Susan Lucci,Tony Dovolani,Actor/Actress,61,7,7,8.0,-0.1589,0.0769,0.5,0.0164,0.0606
Warren Sapp,Kym Johnson,Athlete,35,7,7,7.0,-1.1124,0.0769,0.5,0.0286,0.0515
Brooke Burke,Derek Hough,TV Personality,37,7,8,9.1667,1.206,0.0769,0.5,0.027,-0.1547
Cody Linley,Julianne Hough,Actor/Actress,18,7,8,8.0,-0.9045,0.0769,0.5,0.0556,0.0606
Lance Bass,Lacey Schwimmer,Singer/Rapper,29,7,8,8.3333,-0.3015,0.0769,0.5,0.0345,0.1573
Maurice Greene,Cheryl Burke,Athlete,34,7,8,8.0,-0.9045,0.0769,0.5,0.0294,0.0515
Warren Sapp,Kym Johnson,Athlete,35,7,8,9.0,0.9045,0.0769,0.5,0.0286,0.0515
Brooke Burke,Derek Hough,TV Personality,37,7,9,8.1667,-0.265,0.0769,0.5,0.027,-0.1547
Cody Linley,Julianne Hough,Actor/Actress,18,7,9,7.6667,-0.901,0.0769,0.5,0.0556,0.0606
Lance Bass,Lacey Schwimmer,Singer/Rapper,29,7,9,9.5,1.431,0.0769,0.5,0.0345,0.1573
Warren Sapp,Kym Johnson,Athlete,35,7,9,8.1667,-0.265,0.0769,0.5,0.0286,0.0515
Brooke Burke,Derek Hough,TV Personality,37,7,10,10.0,1.1547,0.0769,0.5,0.027,-0.1547
Lance Bass,Lacey Schwimmer,Singer/Rapper,29,7,10,9.1667,-0.5774,0.0769,0.5,0.0345,0.1573
Warren Sapp,Kym Johnson,Athlete,35,7,10,9.1667,-0.5774,0.0769,0.5,0.0286,0.0515
Belinda Carlisle,Jonathan Roberts,Singer/Rapper,50,8,1,5.6667,-0.4139,0.0909,0.5,0.02,0.1573
Chuck Wicks,Julianne Hough,Singer/Rapper,29,8,1,6.6667,0.4967,0.0909,0.5,0.0345,0.1573
David Alan Grier,Kym Johnson,Actor/Actress,52,8,1,6.3333,0.1932,0.0909,0.5,0.0192,0.0606
Denise Richards,Maksim Chmerkoskiy,Actor/Actress,38,8,1,6.0,-0.1104,0.0909,0.5,0.0263,0.0606
Holly Madison,Dmitry Chaplin,TV Personality,30,8,1,6.0,-0.1104,0.0909,0.5,0.0333,-0.1547
Lawrence Taylor,Edyta Sliwinska,Athlete,50,8,1,5.3333,-0.7174,0.0909,0.5,0.02,0.0515
Lil' Kim,Derek Hough,Singer/Rapper,34,8,1,7.0,0.8002,0.0909,0.5,0.0294,0.1573
Melissa Rycroft,Tony Dovolani,TV Personality,26,8,1,7.6667,1.4073,0.0909,0.5,0.0385,-0.1547
Shawn Johnson,Mark Ballas,Athlete,17,8,1,7.6667,1.4073,0.0909,0.5,0.0588,0.0515
Steve Wozniak,Karina Smirnoff,Entrepreneur,58,8,1,4.3333,-1.628,0.0909,0.5,0.0172,-0.9836
Ty Murray,Chelsie Hightower,Athlete,39,8,1,4.6667,-1.3245,0.0909,0.5,0.0256,0.0515
Belinda Carlisle,Jonathan Roberts,Singer/Rapper,50,8,2,6.0,-0.8034,0.0879,0.0,0.02,0.1573
Chuck Wicks,Julianne Hough,Singer/Rapper,29,8,2,6.6667,-0.1236,0.0909,0.6667,0.0345,0.1573
David Alan Grier,Kym Johnson,Actor/Actress,52,8,2,5.6667,-1.1434,0.0924,1.0,0.0192,0.0606
Denise Richards,Maksim Chmerkoskiy,Actor/Actress,38,8,2,7.0,0.2163,0.0909,0.6667,0.0263,0.0606
Holly Madison,Dmitry Chaplin,TV Personality,30,8,2,6.0,-0.8034,0.0909,0.6667,0.0333,-0.1547
Lawrence Taylor,Edyta Sliwinska,Athlete,50,8,2,6.6667,-0.1236,0.0909,0.6667,0.02,0.0515
Lil' Kim,Derek Hough,Singer/Rapper,34,8,2,7.6667,0.8962,0.0909,0.6667,0.0294,0.1573
Melissa Rycroft,Tony Dovolani,TV Personality,26,8,2,8.6667,1.9159,0.0909,0.6667,0.0385,-0.1547
Shawn Johnson,Mark Ballas,Athlete,17,8,2,8.0,1.2361,0.0909,0.6667,0.0588,0.0515
Steve Wozniak,Karina Smirnoff,Entrepreneur,58,8,2,5.6667,-1.1434,0.0924,1.0,0.0172,-0.9836
Ty Murray,Chelsie Hightower,Athlete,39,8,2,6.6667,-0.1236,0.0909,0.6667,0.0256,0.0515
Chuck Wicks,Julianne Hough,Singer/Rapper,29,8,3,7.6667,0.3301,0.0909,1.0,0.0345,0.1573
David Alan Grier,Kym Johnson,Actor/Actress,52,8,3,8.0,0.5135,0.0909,1.0,0.0192,0.0606
Denise Richards,Maksim Chmerkoskiy,Actor/Actress,38,8,3,5.3333,-0.9536,0.0531,0.0,0.0263,0.0606
Holly Madison,Dmitry Chaplin,TV Personality,30,8,3,5.6667,-0.7702,0.0909,1.0,0.0333,-0.1547
Lawrence Taylor,Edyta Sliwinska,Athlete,50,8,3,6.6667,-0.2201,0.0909,1.0,0.02,0.0515
Lil' Kim,Derek Hough,Singer/Rapper,34,8,3,8.3333,0.6969,0.0909,1.0,0.0294,0.1573
Melissa Rycroft,Tony Dovolani,TV Personality,26,8,3,9.0,1.0637,0.0909,1.0,0.0385,-0.1547
Shawn Johnson,Mark Ballas,Athlete,17,8,3,9.0,1.0637,0.0909,1.0,0.0588,0.0515
Steve Wozniak,Karina Smirnoff,Entrepreneur,58,8,3,3.3333,-2.054,0.0909,1.0,0.0172,-0.9836
Ty Murray,Chelsie Hightower,Athlete,39,8,3,7.6667,0.3301,0.0909,1.0,0.0256,0.0515
Chuck Wicks,Julianne Hough,Singer/Rapper,29,8,4,7.3333,0.0204,0.0909,1.0,0.0345,0.1573
David Alan Grier,Kym Johnson,Actor/Actress,52,8,4,7.3333,0.0204,0.0909,1.0,0.0192,0.0606
Holly Madison,Dmitry Chaplin,TV Personality,30,8,4,5.3333,-1.0822,0.0367,0.0,0.0333,-0.1547
Lawrence Taylor,Edyta Sliwinska,Athlete,50,8,4,6.3333,-0.5309,0.0909,1.0,0.02,0.0515
Lil' Kim,Derek Hough,Singer/Rapper,34,8,4,9.0,0.9393,0.0909,1.0,0.0294,0.1573
Melissa Rycroft,Tony Dovolani,TV Personality,26,8,4,9.6667,1.3068,0.0909,1.0,0.0385,-0.1547
Shawn Johnson,Mark Ballas,Athlete,17,8,4,8.3333,0.5717,0.0909,1.0,0.0588,0.0515
Steve Wozniak,Karina Smirnoff,Entrepreneur,58,8,4,4.0,-1.8173,0.0909,1.0,0.0172,-0.9836
Ty Murray,Chelsie Hightower,Athlete,39,8,4,8.3333,0.5717,0.0909,1.0,0.0256,0.0515
Chuck Wicks,Julianne Hough,Singer/Rapper,29,8,5,7.6667,-0.1176,0.0766,1.0,0.0345,0.1573
David Alan Grier,Kym Johnson,Actor/Actress,52,8,5,7.3333,-0.5291,-0.0,0.0,0.0192,0.0606
Lawrence Taylor,Edyta Sliwinska,Athlete,50,8,5,6.6667,-1.3522,0.0766,1.0,0.02,0.0515
Lil' Kim,Derek Hough,Singer/Rapper,34,8,5,8.6667,1.117,0.0766,1.0,0.0294,0.1573
Melissa Rycroft,Tony Dovolani,TV Personality,26,8,5,8.3333,0.7055,0.0766,1.0,0.0385,-0.1547
Shawn Johnson,Mark Ballas,Athlete,17,8,5,8.6667,1.117,0.0766,1.0,0.0588,0.0515
Ty Murray,Chelsie Hightower,Athlete,39,8,5,7.0,-0.9406,0.0766,1.0,0.0256,0.0515
Chuck Wicks,Julianne Hough,Singer/Rapper,29,8,6,7.6667,-0.2673,0.0909,0.5,0.0345,0.1573
Lawrence Taylor,Edyta Sliwinska,Athlete,50,8,6,7.3333,-0.5345,0.0909,0.5,0.02,0.0515
Lil' Kim,Derek Hough,Singer/Rapper,34,8,6,9.3333,1.069,0.0909,0.5,0.0294,0.1573
Melissa Rycroft,Tony Dovolani,TV Personality,26,8,6,9.0,0.8018,0.0909,0.5,0.0385,-0.1547
Shawn Johnson,Mark Ballas,Athlete,17,8,6,8.6667,0.5345,0.0909,0.5,0.0588,0.0515
Ty Murray,Chelsie Hightower,Athlete,39,8,6,6.0,-1.6036,0.0909,0.5,0.0256,0.0515
Chuck Wicks,Julianne Hough,Singer/Rapper,29,8,7,9.0,0.3986,0.0644,1.0,0.0345,0.1573
Lawrence Taylor,Edyta Sliwinska,Athlete,50,8,7,7.0,-1.6514,-0.0,0.0,0.02,0.0515
Lil' Kim,Derek Hough,Singer/Rapper,34,8,7,8.6667,0.0569,0.0644,1.0,0.0294,0.1573
Melissa Rycroft,Tony Dovolani,TV Personality,26,8,7,9.6667,1.0819,0.0644,1.0,0.0385,-0.1547
Shawn Johnson,Mark Ballas,Athlete,17,8,7,9.3333,0.7403,0.0644,1.0,0.0588,0.0515
Ty Murray,Chelsie Hightower,Athlete,39,8,7,8.0,-0.6264,0.0644,1.0,0.0256,0.0515
Chuck Wicks,Julianne Hough,Singer/Rapper,29,8,8,8.5,-0.1118,0.0909,0.5,0.0345,0.1573
Lil' Kim,Derek Hough,Singer/Rapper,34,8,8,9.3333,1.2857,0.0909,0.5,0.0294,0.1573
Melissa Rycroft,Tony Dovolani,TV Personality,26,8,8,7.6667,-1.5093,0.0909,0.5,0.0385,-0.1547
Shawn Johnson,Mark Ballas,Athlete,17,8,8,8.6667,0.1677,0.0909,0.5,0.0588,0.0515
Ty Murray,Chelsie Hightower,Athlete,39,8,8,8.6667,0.1677,0.0909,0.5,0.0256,0.0515
Lil' Kim,Derek Hough,Singer/Rapper,34,8,9,8.6667,-0.1503,0.0909,0.5,0.0294,0.1573
Melissa Rycroft,Tony Dovolani,TV Personality,26,8,9,9.5,0.8514,0.0909,0.5,0.0385,-0.1547
Shawn Johnson,Mark Ballas,Athlete,17,8,9,9.3333,0.6511,0.0909,0.5,0.0588,0.0515
Ty Murray,Chelsie Hightower,Athlete,39,8,9,7.6667,-1.3523,0.0909,0.5,0.0256,0.0515
Melissa Rycroft,Tony Dovolani,TV Personality,26,8,10,9.1667,0.4588,0.0909,0.5,0.0385,-0.1547
Shawn Johnson,Mark Ballas,Athlete,17,8,10,9.3333,0.6882,0.0909,0.5,0.0588,0.0515
Ty Murray,Chelsie Hightower,Athlete,39,8,10,8.0,-1.1471,0.0909,0.5,0.0256,0.0515
Melissa Rycroft,Tony Dovolani,TV Personality,26,8,11,9.5,-0.7071,0.0909,0.5,0.0385,-0.1547
Shawn Johnson,Mark Ballas,Athlete,17,8,11,10.0,0.7071,0.0909,0.5,0.0588,0.0515
Aaron Carter,Karina Smirnoff,Singer/Rapper,21,9,1,10.6666,1.5773,0.0714,0.6657,0.0476,0.1573
Ashley Hamiliton,Edyta Sliwinska,Actor/Actress,34,9,1,6.3333,-1.1056,0.0714,0.0,0.0294,0.0606
Chuck Liddell,Anna Trebunskaya,Athlete,39,9,1,7.3333,-0.4865,0.0714,0.6657,0.0256,0.0515
Debi Mazar,Maksim Chmerkoskiy,Actor/Actress,45,9,1,7.3333,-0.4865,0.0714,0.6657,0.0222,0.0606
Donny Osmond,Kym Johnson,Singer/Rapper,51,9,1,10.0,1.1646,0.0714,0.6657,0.0196,0.1573
Kathy Ireland,Tony Dovolani,Model,46,9,1,6.6666,-0.8992,0.0714,0.6657,0.0217,-0.1784
Louie Vito,Chelsie Hightower,Athlete,21,9,1,8.9999,0.5454,0.0714,0.6657,0.0476,0.0515
Macy Gray,Jonathan Roberts,Singer/Rapper,42,9,1,6.3333,-1.1056,0.0715,1.0,0.0238,0.1573
Mark Dacascos,Lacey Schwimmer,Actor/Actress,45,9,1,9.6666,0.9582,0.0714,0.6657,0.0222,0.0606
Melissa Joan Hart,Mark Ballas,Actor/Actress,33,9,1,8.0,-0.0737,0.0714,0.6657,0.0303,0.0606
Michael Irvin,Anna Demidova,Athlete,43,9,1,6.3333,-1.1056,0.0715,0.9971,0.0233,0.0515
Mya,Dmitry Chaplin,Singer/Rapper,29,9,1,10.3333,1.371,0.0714,0.6657,0.0345,0.1573
Natalie Coughlin,Alec Mazo,Athlete,27,9,1,8.9999,0.5454,0.0714,0.6657,0.037,0.0515
Tom DeLay,Cheryl Burke,Politician,62,9,1,6.6666,-0.8992,0.0714,0.6657,0.0161,-1.4762
Aaron Carter,Karina Smirnoff,Singer/Rapper,21,9,2,9.0,1.7537,0.0714,1.0,0.0476,0.1573
Chuck Liddell,Anna Trebunskaya,Athlete,39,9,2,6.3333,-0.6862,0.0714,1.0,0.0256,0.0515
Debi Mazar,Maksim Chmerkoskiy,Actor/Actress,45,9,2,7.0,-0.0762,0.0714,1.0,0.0222,0.0606
Donny Osmond,Kym Johnson,Singer/Rapper,51,9,2,8.3333,1.1437,0.0714,1.0,0.0196,0.1573
Kathy Ireland,Tony Dovolani,Model,46,9,2,6.0,-0.9912,0.0243,0.0,0.0217,-0.1784
Louie Vito,Chelsie Hightower,Athlete,21,9,2,6.3333,-0.6862,0.0714,1.0,0.0476,0.0515
Mark Dacascos,Lacey Schwimmer,Actor/Actress,45,9,2,7.0,-0.0762,0.0714,1.0,0.0222,0.0606
Melissa Joan Hart,Mark Ballas,Actor/Actress,33,9,2,6.3333,-0.6862,0.0714,1.0,0.0303,0.0606
Michael Irvin,Anna Demidova,Athlete,43,9,2,6.6667,-0.3812,0.0714,1.0,0.0233,0.0515
Mya,Dmitry Chaplin,Singer/Rapper,29,9,2,9.0,1.7537,0.0714,1.0,0.0345,0.1573
Natalie Coughlin,Alec Mazo,Athlete,27,9,2,7.0,-0.0762,0.0714,1.0,0.037,0.0515
Tom DeLay,Cheryl Burke,Politician,62,9,2,6.0,-0.9912,0.0714,1.0,0.0161,-1.4762
Aaron Carter,Karina Smirnoff,Singer/Rapper,21,9,3,7.0,0.3541,0.0714,1.0,0.0476,0.1573
Chuck Liddell,Anna Trebunskaya,Athlete,39,9,3,5.6667,-0.6197,0.0714,1.0,0.0256,0.0515
Debi Mazar,Maksim Chmerkoskiy,Actor/Actress,45,9,3,5.6667,-0.6197,0.0121,0.0,0.0222,0.0606
Donny Osmond,Kym Johnson,Singer/Rapper,51,9,3,7.0,0.3541,0.0714,1.0,0.0196,0.1573
Louie Vito,Chelsie Hightower,Athlete,21,9,3,6.6667,0.1107,0.0714,1.0,0.0476,0.0515
Mark Dacascos,Lacey Schwimmer,Actor/Actress,45,9,3,6.0,-0.3762,0.0714,1.0,0.0222,0.0606
Melissa Joan Hart,Mark Ballas,Actor/Actress,33,9,3,6.3333,-0.1328,0.0714,1.0,0.0303,0.0606
Michael Irvin,Anna Demidova,Athlete,43,9,3,4.6667,-1.35,0.0714,1.0,0.0233,0.0515
Mya,Dmitry Chaplin,Singer/Rapper,29,9,3,9.0,1.8148,0.0714,1.0,0.0345,0.1573
Natalie Coughlin,Alec Mazo,Athlete,27,9,3,8.6667,1.5714,0.0714,1.0,0.037,0.0515
Tom DeLay,Cheryl Burke,Politician,62,9,3,5.0,-1.1066,0.0714,1.0,0.0161,-1.4762
Aaron Carter,Karina Smirnoff,Singer/Rapper,21,9,4,6.0,-0.7064,0.0699,1.0,0.0476,0.1573
Chuck Liddell,Anna Trebunskaya,Athlete,39,9,4,5.6667,-0.9114,-0.0,0.0,0.0256,0.0515
Donny Osmond,Kym Johnson,Singer/Rapper,51,9,4,8.0,0.5241,0.0699,1.0,0.0196,0.1573
Louie Vito,Chelsie Hightower,Athlete,21,9,4,5.3333,-1.1165,0.0699,1.0,0.0476,0.0515
Mark Dacascos,Lacey Schwimmer,Actor/Actress,45,9,4,7.3333,0.1139,0.0699,1.0,0.0222,0.0606
Melissa Joan Hart,Mark Ballas,Actor/Actress,33,9,4,9.3333,1.3444,0.0699,1.0,0.0303,0.0606
Michael Irvin,Anna Demidova,Athlete,43,9,4,5.3333,-1.1165,0.0699,1.0,0.0233,0.0515
Mya,Dmitry Chaplin,Singer/Rapper,29,9,4,9.3333,1.3444,0.0699,1.0,0.0345,0.1573
Natalie Coughlin,Alec Mazo,Athlete,27,9,4,8.0,0.5241,0.0699,1.0,0.037,0.0515
Aaron Carter,Karina Smirnoff,Singer/Rapper,21,9,5,8.0,-0.0888,0.0456,1.0,0.0476,0.1573
Donny Osmond,Kym Johnson,Singer/Rapper,51,9,5,9.6667,1.6869,0.0456,1.0,0.0196,0.1573
Louie Vito,Chelsie Hightower,Athlete,21,9,5,7.3333,-0.7991,0.0456,1.0,0.0476,0.0515
Mark Dacascos,Lacey Schwimmer,Actor/Actress,45,9,5,8.6667,0.6215,0.0456,1.0,0.0222,0.0606
Melissa Joan Hart,Mark Ballas,Actor/Actress,33,9,5,7.6667,-0.4439,0.0456,1.0,0.0303,0.0606
Michael Irvin,Anna Demidova,Athlete,43,9,5,7.0,-1.1542,0.0456,1.0,0.0233,0.0515
Mya,Dmitry Chaplin,Singer/Rapper,29,9,5,9.0,0.9766,0.0456,1.0,0.0345,0.1573
Natalie Coughlin,Alec Mazo,Athlete,27,9,5,7.3333,-0.7991,-0.0,0.0,0.037,0.0515
Aaron Carter,Karina Smirnoff,Singer/Rapper,21,9,6,10.9999,0.9406,0.0258,1.0,0.0476,0.1573
Donny Osmond,Kym Johnson,Singer/Rapper,51,9,6,10.3333,0.5291,0.0258,1.0,0.0196,0.1573
Louie Vito,Chelsie Hightower,Athlete,21,9,6,8.0,-0.9112,-0.0,0.0,0.0476,0.0515
Mark Dacascos,Lacey Schwimmer,Actor/Actress,45,9,6,10.6667,0.7349,0.0258,1.0,0.0222,0.0606
Melissa Joan Hart,Mark Ballas,Actor/Actress,33,9,6,8.0,-0.9112,0.0258,1.0,0.0303,0.0606
Michael Irvin,Anna Demidova,Athlete,43,9,6,7.3333,-1.3228,0.0258,1.0,0.0233,0.0515
Mya,Dmitry Chaplin,Singer/Rapper,29,9,6,11.0,0.9406,0.0258,1.0,0.0345,0.1573
Aaron Carter,Karina Smirnoff,Singer/Rapper,21,9,7,8.8333,1.0435,0.0714,0.5,0.0476,0.1573
Donny Osmond,Kym Johnson,Singer/Rapper,51,9,7,8.6667,0.795,0.0714,0.5,0.0196,0.1573
Mark Dacascos,Lacey Schwimmer,Actor/Actress,45,9,7,7.1667,-1.441,0.0714,0.5,0.0222,0.0606
Michael Irvin,Anna Demidova,Athlete,43,9,7,7.8333,-0.4472,0.0714,0.5,0.0233,0.0515
Mya,Dmitry Chaplin,Singer/Rapper,29,9,7,8.1667,0.0497,0.0714,0.5,0.0345,0.1573
Aaron Carter,Karina Smirnoff,Singer/Rapper,21,9,8,8.3333,-0.5774,0.0714,0.5,0.0476,0.1573
Donny Osmond,Kym Johnson,Singer/Rapper,51,9,8,8.3333,-0.5774,0.0714,0.5,0.0196,0.1573
Mya,Dmitry Chaplin,Singer/Rapper,29,9,8,9.8333,1.1547,0.0714,0.5,0.0345,0.1573
Donny Osmond,Kym Johnson,Singer/Rapper,51,9,9,8.2222,-0.7071,0.0714,0.5,0.0196,0.1573
Mya,Dmitry Chaplin,Singer/Rapper,29,9,9,9.6666,0.7071,0.0714,0.5,0.0345,0.1573
Donny Osmond,Kym Johnson,Singer/Rapper,51,9,10,9.6666,0.7071,0.0714,0.5,0.0196,0.1573
Mya,Dmitry Chaplin,Singer/Rapper,29,9,10,9.4444,-0.7071,0.0714,0.5,0.0345,0.1573
Buzz Aldrin,Ashly DelGrosso,Astronaut,80,10,1,4.6667,-1.5271,0.1111,0.5,0.0125,-1.6037
Chad Ochocinco,Cheryl Burke,Athlete,32,10,1,6.0,-0.3574,0.1111,0.5,0.0312,0.0515
Erin Andrews,Maksim Chmerkoskiy,Sports Broadcaster,32,10,1,7.0,0.5199,0.1111,0.5,0.0312,0.0164
Evan Lysacek,Anna Trebunskaya,Athlete,24,10,1,7.6667,1.1047,0.1111,0.5,0.0417,0.0515
Jake Pavelka,Chelsie Hightower,TV Personality,32,10,1,6.6667,0.2274,0.1111,0.5,0.0312,-0.1547
Kate Gosselin,Tony Dovolani,TV Personality,35,10,1,5.3333,-0.9422,0.1111,0.5,0.0286,-0.1547
Nicole Scherzinger,Derek Hough,Singer/Rapper,31,10,1,8.3333,1.6895,0.1111,0.5,0.0323,0.1573
Niecy Nash,Louis van Amstel,Actor/Actress,40,10,1,6.0,-0.3574,0.1111,0.5,0.025,0.0606
Shannen Doherty,Mark Ballas,Actor/Actress,38,10,1,6.0,-0.3574,0.1111,0.5,0.0263,0.0606
Buzz Aldrin,Ashly DelGrosso,Astronaut,80,10,2,4.0,-1.5983,0.1316,1.0,0.0125,-1.6037
Chad Ochocinco,Cheryl Burke,Athlete,32,10,2,5.3333,-0.7879,0.1111,0.5419,0.0312,0.0515
Erin Andrews,Maksim Chmerkoskiy,Sports Broadcaster,32,10,2,7.6667,0.6303,0.1111,0.5419,0.0312,0.0164
Evan Lysacek,Anna Trebunskaya,Athlete,24,10,2,8.0,0.8329,0.1111,0.5419,0.0417,0.0515
Jake Pavelka,Chelsie Hightower,TV Personality,32,10,2,6.6667,0.0225,0.1111,0.5419,0.0312,-0.1547
Kate Gosselin,Tony Dovolani,TV Personality,35,10,2,5.0,-0.9905,0.1149,0.6258,0.0286,-0.1547
Nicole Scherzinger,Derek Hough,Singer/Rapper,31,10,2,9.3333,1.6434,0.1111,0.5419,0.0323,0.1573
Niecy Nash,Louis van Amstel,Actor/Actress,40,10,2,7.0,0.2251,0.1111,0.5419,0.025,0.0606
Shannen Doherty,Mark Ballas,Actor/Actress,38,10,2,6.6667,0.0225,0.0868,0.0,0.0263,0.0606
Buzz Aldrin,Ashly DelGrosso,Astronaut,80,10,3,4.3333,-1.6856,0.0709,0.0,0.0125,-1.6037
Chad Ochocinco,Cheryl Burke,Athlete,32,10,3,6.6667,-0.0581,0.1111,1.0,0.0312,0.0515
Erin Andrews,Maksim Chmerkoskiy,Sports Broadcaster,32,10,3,7.6667,0.6394,0.1111,1.0,0.0312,0.0164
Evan Lysacek,Anna Trebunskaya,Athlete,24,10,3,8.6667,1.3368,0.1111,1.0,0.0417,0.0515
Jake Pavelka,Chelsie Hightower,TV Personality,32,10,3,7.0,0.1744,0.1111,1.0,0.0312,-0.1547
Kate Gosselin,Tony Dovolani,TV Personality,35,10,3,5.0,-1.2206,0.1111,1.0,0.0286,-0.1547
Nicole Scherzinger,Derek Hough,Singer/Rapper,31,10,3,7.6667,0.6394,0.1111,1.0,0.0323,0.1573
Niecy Nash,Louis van Amstel,Actor/Actress,40,10,3,7.0,0.1744,0.1111,1.0,0.025,0.0606
Chad Ochocinco,Cheryl Burke,Athlete,32,10,4,7.3333,0.3286,0.1111,0.5,0.0312,0.0515
Erin Andrews,Maksim Chmerkoskiy,Sports Broadcaster,32,10,4,6.5,-0.3479,0.1111,0.5,0.0312,0.0164
Evan Lysacek,Anna Trebunskaya,Athlete,24,10,4,8.6667,1.4111,0.1111,0.5,0.0417,0.0515
Jake Pavelka,Chelsie Hightower,TV Personality,32,10,4,6.3333,-0.4832,0.1111,0.5,0.0312,-0.1547
Kate Gosselin,Tony Dovolani,TV Personality,35,10,4,5.3333,-1.2951,0.1111,0.5,0.0286,-0.1547
Nicole Scherzinger,Derek Hough,Singer/Rapper,31,10,4,8.3333,1.1405,0.1111,0.5,0.0323,0.1573
Niecy Nash,Louis van Amstel,Actor/Actress,40,10,4,6.0,-0.7539,0.1111,0.5,0.025,0.0606
Chad Ochocinco,Cheryl Burke,Athlete,32,10,5,6.0,-0.7298,0.1111,1.0,0.0312,0.0515
Erin Andrews,Maksim Chmerkoskiy,Sports Broadcaster,32,10,5,7.3333,0.0561,0.1111,1.0,0.0312,0.0164
Evan Lysacek,Anna Trebunskaya,Athlete,24,10,5,9.0,1.0385,0.1111,1.0,0.0417,0.0515
Jake Pavelka,Chelsie Hightower,TV Personality,32,10,5,7.6667,0.2526,0.1111,1.0,0.0312,-0.1547
Kate Gosselin,Tony Dovolani,TV Personality,35,10,5,5.0,-1.3192,0.0453,0.0,0.0286,-0.1547
Nicole Scherzinger,Derek Hough,Singer/Rapper,31,10,5,9.6667,1.4315,0.1111,1.0,0.0323,0.1573
Niecy Nash,Louis van Amstel,Actor/Actress,40,10,5,6.0,-0.7298,0.1111,1.0,0.025,0.0606
Chad Ochocinco,Cheryl Burke,Athlete,32,10,6,10.3333,0.2573,0.1111,1.0,0.0312,0.0515
Erin Andrews,Maksim Chmerkoskiy,Sports Broadcaster,32,10,6,11.3333,0.9188,0.1111,1.0,0.0312,0.0164
Evan Lysacek,Anna Trebunskaya,Athlete,24,10,6,9.0,-0.6247,0.1111,1.0,0.0417,0.0515
Jake Pavelka,Chelsie Hightower,TV Personality,32,10,6,8.3333,-1.0658,0.0063,0.0,0.0312,-0.1547
Nicole Scherzinger,Derek Hough,Singer/Rapper,31,10,6,12.0,1.3598,0.1111,1.0,0.0323,0.1573
Niecy Nash,Louis van Amstel,Actor/Actress,40,10,6,8.6666,-0.8453,0.1111,1.0,0.025,0.0606
Chad Ochocinco,Cheryl Burke,Athlete,32,10,7,8.6667,0.0,0.1111,0.5,0.0312,0.0515
Erin Andrews,Maksim Chmerkoskiy,Sports Broadcaster,32,10,7,8.5,-0.4714,0.1111,0.5,0.0312,0.0164
Evan Lysacek,Anna Trebunskaya,Athlete,24,10,7,9.0,0.9428,0.1111,0.5,0.0417,0.0515
Nicole Scherzinger,Derek Hough,Singer/Rapper,31,10,7,9.0,0.9428,0.1111,0.5,0.0323,0.1573
Niecy Nash,Louis van Amstel,Actor/Actress,40,10,7,8.1667,-1.4142,0.1111,0.5,0.025,0.0606
Chad Ochocinco,Cheryl Burke,Athlete,32,10,8,7.5,-0.856,0.0799,1.0,0.0312,0.0515
Erin Andrews,Maksim Chmerkoskiy,Sports Broadcaster,32,10,8,8.8333,0.3669,0.0799,1.0,0.0312,0.0164
Evan Lysacek,Anna Trebunskaya,Athlete,24,10,8,8.8333,0.3669,0.0799,1.0,0.0417,0.0515
Nicole Scherzinger,Derek Hough,Singer/Rapper,31,10,8,9.8333,1.284,0.0799,1.0,0.0323,0.1573
Niecy Nash,Louis van Amstel,Actor/Actress,40,10,8,7.1667,-1.1617,-0.0,0.0,0.025,0.0606
Chad Ochocinco,Cheryl Burke,Athlete,32,10,9,8.6667,-1.3568,0.1111,0.5,0.0312,0.0515
Erin Andrews,Maksim Chmerkoskiy,Sports Broadcaster,32,10,9,9.3333,-0.1508,0.1111,0.5,0.0312,0.0164
Evan Lysacek,Anna Trebunskaya,Athlete,24,10,9,9.8333,0.7538,0.1111,0.5,0.0417,0.0515
Nicole Scherzinger,Derek Hough,Singer/Rapper,31,10,9,9.8333,0.7538,0.1111,0.5,0.0323,0.1573
Erin Andrews,Maksim Chmerkoskiy,Sports Broadcaster,32,10,10,8.9999,-0.5242,0.1111,0.5,0.0312,0.0164
Evan Lysacek,Anna Trebunskaya,Athlete,24,10,10,8.9629,-0.629,0.1111,0.5,0.0417,0.0515
Nicole Scherzinger,Derek Hough,Singer/Rapper,31,10,10,9.5926,1.1531,0.1111,0.5,0.0323,0.1573
Audrina Patridge,Tony Dovolani,TV Personality,25,11,1,6.3333,0.1074,0.0909,0.6667,0.04,-0.1547
Brandy,Maksim Chmerkoskiy,Singer/Rapper,31,11,1,7.6667,1.2893,0.0909,0.6667,0.0323,0.1573
Bristol Palin,Mark Ballas,TV Personality,19,11,1,6.0,-0.188,0.0909,0.6667,0.0526,-0.1547
David Hasselhoff,Kym Johnson,Actor/Actress,58,11,1,5.0,-1.0744,0.0908,0.0,0.0172,0.0606
Florence Henderson,Corky Ballas,Actor/Actress,76,11,1,6.0,-0.188,0.0909,0.6667,0.0132,0.0606
Jennifer Grey,Derek Hough,Actor/Actress,50,11,1,8.0,1.5848,0.0909,0.6667,0.02,0.0606
Kurt Warner,Anna Trebunskaya,Athlete,39,11,1,6.3333,0.1074,0.0909,0.6667,0.0256,0.0515
Kyle Massey,Lacey Schwimmer,Actor/Actress,19,11,1,7.6667,1.2893,0.0909,0.6667,0.0526,0.0606
Margaret Cho,Louis van Amstel,Comedian,41,11,1,5.0,-1.0744,0.0909,1.0,0.0244,-0.8619
Michael Bolton,Chelsie Hightower,Singer/Rapper,57,11,1,5.3333,-0.779,0.0909,0.6667,0.0175,0.1573
The Situation,Karina Smirnoff,TV Personality,28,11,1,5.0,-1.0744,0.0909,1.0,0.0357,-0.1547
Audrina Patridge,Tony Dovolani,TV Personality,25,11,2,7.6667,0.866,0.0909,1.0,0.04,-0.1547
Brandy,Maksim Chmerkoskiy,Singer/Rapper,31,11,2,7.0,0.2887,0.0909,1.0,0.0323,0.1573
Bristol Palin,Mark Ballas,TV Personality,19,11,2,7.3333,0.5774,0.0909,1.0,0.0526,-0.1547
Florence Henderson,Corky Ballas,Actor/Actress,76,11,2,6.3333,-0.2887,0.0909,1.0,0.0132,0.0606
Jennifer Grey,Derek Hough,Actor/Actress,50,11,2,8.0,1.1547,0.0909,1.0,0.02,0.0606
Kurt Warner,Anna Trebunskaya,Athlete,39,11,2,7.0,0.2887,0.0909,1.0,0.0256,0.0515
Kyle Massey,Lacey Schwimmer,Actor/Actress,19,11,2,7.3333,0.5774,0.0909,1.0,0.0526,0.0606
Margaret Cho,Louis van Amstel,Comedian,41,11,2,6.0,-0.5774,0.0909,1.0,0.0244,-0.8619
Michael Bolton,Chelsie Hightower,Singer/Rapper,57,11,2,4.0,-2.3094,0.0609,0.0,0.0175,0.1573
The Situation,Karina Smirnoff,TV Personality,28,11,2,6.0,-0.5774,0.0909,1.0,0.0357,-0.1547
Audrina Patridge,Tony Dovolani,TV Personality,25,11,3,8.6667,1.5153,0.0909,1.0,0.04,-0.1547
Brandy,Maksim Chmerkoskiy,Singer/Rapper,31,11,3,8.0,0.7781,0.0909,1.0,0.0323,0.1573
Bristol Palin,Mark Ballas,TV Personality,19,11,3,6.3333,-1.0648,0.0909,1.0,0.0526,-0.1547
Florence Henderson,Corky Ballas,Actor/Actress,76,11,3,6.6667,-0.6962,0.0909,1.0,0.0132,0.0606
Jennifer Grey,Derek Hough,Actor/Actress,50,11,3,8.0,0.7781,0.0909,1.0,0.02,0.0606
Kurt Warner,Anna Trebunskaya,Athlete,39,11,3,7.6667,0.4095,0.0909,1.0,0.0256,0.0515
Kyle Massey,Lacey Schwimmer,Actor/Actress,19,11,3,7.6667,0.4095,0.0909,1.0,0.0526,0.0606
Margaret Cho,Louis van Amstel,Comedian,41,11,3,6.0,-1.4334,0.0299,0.0,0.0244,-0.8619
The Situation,Karina Smirnoff,TV Personality,28,11,3,6.6667,-0.6962,0.0909,1.0,0.0357,-0.1547
Audrina Patridge,Tony Dovolani,TV Personality,25,11,4,7.6667,0.6483,0.0909,1.0,0.04,-0.1547
Brandy,Maksim Chmerkoskiy,Singer/Rapper,31,11,4,8.0,0.86,0.0909,1.0,0.0323,0.1573
Bristol Palin,Mark Ballas,TV Personality,19,11,4,5.3333,-0.8335,0.0909,1.0,0.0526,-0.1547
Florence Henderson,Corky Ballas,Actor/Actress,76,11,4,5.8333,-0.516,0.0909,1.0,0.0132,0.0606
Jennifer Grey,Derek Hough,Actor/Actress,50,11,4,9.3333,1.7067,0.0909,1.0,0.02,0.0606
Kurt Warner,Anna Trebunskaya,Athlete,39,11,4,5.6667,-0.6218,0.0909,1.0,0.0256,0.0515
Kyle Massey,Lacey Schwimmer,Actor/Actress,19,11,4,6.6667,0.0132,0.0909,1.0,0.0526,0.0606
The Situation,Karina Smirnoff,TV Personality,28,11,4,4.6667,-1.2569,0.025,0.0,0.0357,-0.1547
Audrina Patridge,Tony Dovolani,TV Personality,25,11,5,7.6667,0.1382,0.078,1.0,0.04,-0.1547
Brandy,Maksim Chmerkoskiy,Singer/Rapper,31,11,5,9.0,1.4279,0.078,1.0,0.0323,0.1573
Bristol Palin,Mark Ballas,TV Personality,19,11,5,6.0,-1.474,0.078,1.0,0.0526,-0.1547
Florence Henderson,Corky Ballas,Actor/Actress,76,11,5,7.0,-0.5067,-0.0,0.0,0.0132,0.0606
Jennifer Grey,Derek Hough,Actor/Actress,50,11,5,8.3333,0.783,0.078,1.0,0.02,0.0606
Kurt Warner,Anna Trebunskaya,Athlete,39,11,5,8.0,0.4606,0.078,1.0,0.0256,0.0515
Kyle Massey,Lacey Schwimmer,Actor/Actress,19,11,5,6.6667,-0.8291,0.078,1.0,0.0526,0.0606
Audrina Patridge,Tony Dovolani,TV Personality,25,11,6,10.6666,0.5391,0.0909,0.5,0.04,-0.1547
Brandy,Maksim Chmerkoskiy,Singer/Rapper,31,11,6,12.0,1.4018,0.0909,0.5,0.0323,0.1573
Bristol Palin,Mark Ballas,TV Personality,19,11,6,9.3333,-0.3235,0.0909,0.5,0.0526,-0.1547
Jennifer Grey,Derek Hough,Actor/Actress,50,11,6,9.6667,-0.1078,0.0909,0.5,0.02,0.0606
Kurt Warner,Anna Trebunskaya,Athlete,39,11,6,7.3333,-1.6175,0.0909,0.5,0.0256,0.0515
Kyle Massey,Lacey Schwimmer,Actor/Actress,19,11,6,10.0,0.1078,0.0909,0.5,0.0526,0.0606
Brandy,Maksim Chmerkoskiy,Singer/Rapper,31,11,7,9.125,0.9503,0.0909,0.5,0.0323,0.1573
Bristol Palin,Mark Ballas,TV Personality,19,11,7,8.125,-1.2857,0.0909,0.5,0.0526,-0.1547
Jennifer Grey,Derek Hough,Actor/Actress,50,11,7,9.125,0.9503,0.0909,0.5,0.02,0.0606
Kurt Warner,Anna Trebunskaya,Athlete,39,11,7,8.75,0.1118,0.0909,0.5,0.0256,0.0515
Kyle Massey,Lacey Schwimmer,Actor/Actress,19,11,7,8.375,-0.7267,0.0909,0.5,0.0526,0.0606
Brandy,Maksim Chmerkoskiy,Singer/Rapper,31,11,8,9.5,0.7921,0.0909,0.5,0.0323,0.1573
Bristol Palin,Mark Ballas,TV Personality,19,11,8,7.8333,-1.1882,0.0909,0.5,0.0526,-0.1547
Jennifer Grey,Derek Hough,Actor/Actress,50,11,8,9.5,0.7921,0.0909,0.5,0.02,0.0606
Kurt Warner,Anna Trebunskaya,Athlete,39,11,8,8.0,-0.9901,0.0909,0.5,0.0256,0.0515
Kyle Massey,Lacey Schwimmer,Actor/Actress,19,11,8,9.3333,0.5941,0.0909,0.5,0.0526,0.0606
Brandy,Maksim Chmerkoskiy,Singer/Rapper,31,11,9,9.5,0.0,0.0909,0.5,0.0323,0.1573
Bristol Palin,Mark Ballas,TV Personality,19,11,9,8.8333,-1.3587,0.0909,0.5,0.0526,-0.1547
Jennifer Grey,Derek Hough,Actor/Actress,50,11,9,10.0,1.019,0.0909,0.5,0.02,0.0606
Kyle Massey,Lacey Schwimmer,Actor/Actress,19,11,9,9.6667,0.3397,0.0909,0.5,0.0526,0.0606
Bristol Palin,Mark Ballas,TV Personality,19,11,10,8.5555,-0.915,0.0909,0.5,0.0526,-0.1547
Jennifer Grey,Derek Hough,Actor/Actress,50,11,10,10.0,1.0675,0.0909,0.5,0.02,0.0606
Kyle Massey,Lacey Schwimmer,Actor/Actress,19,11,10,9.1111,-0.1525,0.0909,0.5,0.0526,0.0606
Chelsea Kane,Mark Ballas,Actor/Actress,22,12,1,7.0,0.6293,0.1111,0.5,0.0455,0.0606
Chris Jericho,Cheryl Burke,Athlete,40,12,1,6.3333,0.0899,0.1111,0.5,0.025,0.0515
Kendra Wilkinson,Louis van Amstel,TV Personality,25,12,1,6.0,-0.1798,0.1111,0.5,0.04,-0.1547
Kirstie Alley,Maksim Chmerkoskiy,Actor/Actress,60,12,1,7.6667,1.1686,0.1111,0.5,0.0167,0.0606
Mike Catherwood,Lacey Schwimmer,Radio Personality,32,12,1,4.3333,-1.5282,0.1111,0.5,0.0312,-0.7504
Ralph Macchio,Karina Smirnoff,Actor/Actress,49,12,1,8.0,1.4383,0.1111,0.5,0.0204,0.0606
Romeo,Chelsie Hightower,Singer/Rapper,21,12,1,6.3333,0.0899,0.1111,0.5,0.0476,0.1573
Sugar Ray Leonard,Anna Trebunskaya,Athlete,54,12,1,5.6667,-0.4495,0.1111,0.5,0.0185,0.0515
Wendy Williams,Tony Dovolani,TV Personality,46,12,1,4.6667,-1.2585,0.1111,0.5,0.0217,-0.1547
Chelsea Kane,Mark Ballas,Actor/Actress,22,12,2,6.0,-0.5883,0.1111,0.6667,0.0455,0.0606
Chris Jericho,Cheryl Burke,Athlete,40,12,2,7.6667,1.4482,0.1111,0.6667,0.025,0.0515
Kendra Wilkinson,Louis van Amstel,TV Personality,25,12,2,6.3333,-0.181,0.1111,0.6667,0.04,-0.1547
Kirstie Alley,Maksim Chmerkoskiy,Actor/Actress,60,12,2,6.6667,0.2263,0.1111,0.6667,0.0167,0.0606
Mike Catherwood,Lacey Schwimmer,Radio Personality,32,12,2,5.6667,-0.9956,0.111,0.0,0.0312,-0.7504
Ralph Macchio,Karina Smirnoff,Actor/Actress,49,12,2,7.0,0.6336,0.1111,0.6667,0.0204,0.0606
Romeo,Chelsie Hightower,Singer/Rapper,21,12,2,7.6667,1.4482,0.1111,0.6667,0.0476,0.1573
Sugar Ray Leonard,Anna Trebunskaya,Athlete,54,12,2,5.6667,-0.9956,0.1111,1.0,0.0185,0.0515
Wendy Williams,Tony Dovolani,TV Personality,46,12,2,5.6667,-0.9956,0.1111,1.0,0.0217,-0.1547
Chelsea Kane,Mark Ballas,Actor/Actress,22,12,3,7.6667,0.9972,0.1111,1.0,0.0455,0.0606
Chris Jericho,Cheryl Burke,Athlete,40,12,3,7.0,0.1994,0.1111,1.0,0.025,0.0515
Kendra Wilkinson,Louis van Amstel,TV Personality,25,12,3,7.6667,0.9972,0.1111,1.0,0.04,-0.1547
Kirstie Alley,Maksim Chmerkoskiy,Actor/Actress,60,12,3,7.0,0.1994,0.1111,1.0,0.0167,0.0606
Ralph Macchio,Karina Smirnoff,Actor/Actress,49,12,3,7.0,0.1994,0.1111,1.0,0.0204,0.0606
Romeo,Chelsie Hightower,Singer/Rapper,21,12,3,6.6667,-0.1994,0.1111,1.0,0.0476,0.1573
Sugar Ray Leonard,Anna Trebunskaya,Athlete,54,12,3,6.6667,-0.1994,0.1111,1.0,0.0185,0.0515
Wendy Williams,Tony Dovolani,TV Personality,46,12,3,5.0,-2.1937,0.0653,0.0,0.0217,-0.1547
Chelsea Kane,Mark Ballas,Actor/Actress,22,12,4,8.6667,1.3003,0.1111,1.0,0.0455,0.0606
Chris Jericho,Cheryl Burke,Athlete,40,12,4,7.6667,0.1625,0.1111,1.0,0.025,0.0515
Kendra Wilkinson,Louis van Amstel,TV Personality,25,12,4,6.0,-1.7337,0.1111,1.0,0.04,-0.1547
Kirstie Alley,Maksim Chmerkoskiy,Actor/Actress,60,12,4,7.3333,-0.2167,0.1111,1.0,0.0167,0.0606
Ralph Macchio,Karina Smirnoff,Actor/Actress,49,12,4,8.3333,0.9211,0.1111,1.0,0.0204,0.0606
Romeo,Chelsie Hightower,Singer/Rapper,21,12,4,7.6667,0.1625,0.1111,1.0,0.0476,0.1573
Sugar Ray Leonard,Anna Trebunskaya,Athlete,54,12,4,7.0,-0.596,0.0224,0.0,0.0185,0.0515
Chelsea Kane,Mark Ballas,Actor/Actress,22,12,5,8.6667,0.8981,0.1111,0.5,0.0455,0.0606
Chris Jericho,Cheryl Burke,Athlete,40,12,5,8.6667,0.8981,0.1111,0.5,0.025,0.0515
Kendra Wilkinson,Louis van Amstel,TV Personality,25,12,5,7.3333,-1.0614,0.1111,0.5,0.04,-0.1547
Kirstie Alley,Maksim Chmerkoskiy,Actor/Actress,60,12,5,7.6667,-0.5715,0.1111,0.5,0.0167,0.0606
Ralph Macchio,Karina Smirnoff,Actor/Actress,49,12,5,7.3333,-1.0614,0.1111,0.5,0.0204,0.0606
Romeo,Chelsie Hightower,Singer/Rapper,21,12,5,8.6667,0.8981,0.1111,0.5,0.0476,0.1573
Chelsea Kane,Mark Ballas,Actor/Actress,22,12,6,9.3333,1.066,0.1111,1.0,0.0455,0.0606
Chris Jericho,Cheryl Burke,Athlete,40,12,6,7.3333,-1.4924,0.0032,0.0,0.025,0.0515
Kendra Wilkinson,Louis van Amstel,TV Personality,25,12,6,8.3333,-0.2132,0.1111,1.0,0.04,-0.1547
Kirstie Alley,Maksim Chmerkoskiy,Actor/Actress,60,12,6,8.6667,0.2132,0.1111,1.0,0.0167,0.0606
Ralph Macchio,Karina Smirnoff,Actor/Actress,49,12,6,8.0,-0.6396,0.1111,1.0,0.0204,0.0606
Romeo,Chelsie Hightower,Singer/Rapper,21,12,6,9.3333,1.066,0.1111,1.0,0.0476,0.1573
Chelsea Kane,Mark Ballas,Actor/Actress,22,12,7,8.0,0.6708,0.0538,1.0,0.0455,0.0606
Kendra Wilkinson,Louis van Amstel,TV Personality,25,12,7,7.625,-0.4472,-0.0,0.0,0.04,-0.1547
Kirstie Alley,Maksim Chmerkoskiy,Actor/Actress,60,12,7,7.5,-0.8199,0.0538,1.0,0.0167,0.0606
Ralph Macchio,Karina Smirnoff,Actor/Actress,49,12,7,8.25,1.4162,0.0538,1.0,0.0204,0.0606
Romeo,Chelsie Hightower,Singer/Rapper,21,12,7,7.5,-0.8199,0.0538,1.0,0.0476,0.1573
Chelsea Kane,Mark Ballas,Actor/Actress,22,12,8,9.1667,0.9037,0.1111,0.5,0.0455,0.0606
Kirstie Alley,Maksim Chmerkoskiy,Actor/Actress,60,12,8,8.8333,0.3873,0.1111,0.5,0.0167,0.0606
Ralph Macchio,Karina Smirnoff,Actor/Actress,49,12,8,7.6667,-1.4201,0.1111,0.5,0.0204,0.0606
Romeo,Chelsie Hightower,Singer/Rapper,21,12,8,8.6667,0.1291,0.1111,0.5,0.0476,0.1573
Chelsea Kane,Mark Ballas,Actor/Actress,22,12,9,12.1667,1.1238,0.1111,0.5,0.0455,0.0606
Kirstie Alley,Maksim Chmerkoskiy,Actor/Actress,60,12,9,9.0,-0.332,0.1111,0.5,0.0167,0.0606
Ralph Macchio,Karina Smirnoff,Actor/Actress,49,12,9,8.0,-0.7918,0.1111,0.5,0.0204,0.0606
Chelsea Kane,Mark Ballas,Actor/Actress,22,12,10,9.8889,0.7071,0.1111,0.5,0.0455,0.0606
Kirstie Alley,Maksim Chmerkoskiy,Actor/Actress,60,12,10,9.3333,-0.7071,0.1111,0.5,0.0167,0.0606
Carson Kressley,Anna Trebunskaya,TV Personality,41,13,1,5.6667,-0.5134,0.0909,0.5,0.0244,-0.1547
Chaz Bono,Lacey Schwimmer,TV Personality,42,13,1,5.6667,-0.5134,0.0909,0.5,0.0238,-0.1547
Chynna Phillips,Tony Dovolani,Singer/Rapper,43,13,1,7.3333,1.3691,0.0909,0.5,0.0233,0.1573
David Arquette,Kym Johnson,Actor/Actress,40,13,1,6.0,-0.1369,0.0909,0.5,0.025,0.0606
Hope Solo,Maksim Chmerkoskiy,Athlete,30,13,1,7.0,0.9926,0.0909,0.5,0.0333,0.0515
J.R. Martinez,Karina Smirnoff,Actor/Actress,28,13,1,7.3333,1.3691,0.0909,0.5,0.0357,0.0606
Kristin Cavallari,Mark Ballas,TV Personality,24,13,1,6.3333,0.2396,0.0909,0.5,0.0417,-0.1547
Metta World Peace (Ron),Peta Murgatroyd,Athlete,31,13,1,4.6667,-1.6429,0.0909,0.5,0.0323,0.0515
Nancy Grace,Tristan MacManus,TV Personality,51,13,1,5.3333,-0.8899,0.0909,0.5,0.0196,-0.1547
Ricki Lake,Derek Hough,Actor/Actress,42,13,1,6.6667,0.6161,0.0909,0.5,0.0238,0.0606
Rob Kardashian,Cheryl Burke,TV Personality,24,13,1,5.3333,-0.8899,0.0909,0.5,0.0417,-0.1547
Carson Kressley,Anna Trebunskaya,TV Personality,41,13,2,6.0,-1.0763,0.0909,0.5,0.0244,-0.1547
Chaz Bono,Lacey Schwimmer,TV Personality,42,13,2,5.6667,-1.5656,0.0909,0.5,0.0238,-0.1547
Chynna Phillips,Tony Dovolani,Singer/Rapper,43,13,2,7.0,0.3914,0.0909,0.5,0.0233,0.1573
David Arquette,Kym Johnson,Actor/Actress,40,13,2,6.0,-1.0763,0.0909,0.5,0.025,0.0606
Hope Solo,Maksim Chmerkoskiy,Athlete,30,13,2,6.3333,-0.5871,0.0909,0.5,0.0333,0.0515
J.R. Martinez,Karina Smirnoff,Actor/Actress,28,13,2,7.3333,0.8806,0.0909,0.5,0.0357,0.0606
Kristin Cavallari,Mark Ballas,TV Personality,24,13,2,7.3333,0.8806,0.0909,0.5,0.0417,-0.1547
Nancy Grace,Tristan MacManus,TV Personality,51,13,2,7.0,0.3914,0.0909,0.5,0.0196,-0.1547
Ricki Lake,Derek Hough,Actor/Actress,42,13,2,7.6667,1.3699,0.0909,0.5,0.0238,0.0606
Rob Kardashian,Cheryl Burke,TV Personality,24,13,2,7.0,0.3914,0.0909,0.5,0.0417,-0.1547
Carson Kressley,Anna Trebunskaya,TV Personality,41,13,3,7.6667,-0.2665,0.0909,1.0,0.0244,-0.1547
Chaz Bono,Lacey Schwimmer,TV Personality,42,13,3,6.0,-2.17,0.0909,1.0,0.0238,-0.1547
Chynna Phillips,Tony Dovolani,Singer/Rapper,43,13,3,8.6667,0.8756,0.0909,1.0,0.0233,0.1573
David Arquette,Kym Johnson,Actor/Actress,40,13,3,8.0,0.1142,0.0909,1.0,0.025,0.0606
Hope Solo,Maksim Chmerkoskiy,Athlete,30,13,3,8.0,0.1142,0.0909,1.0,0.0333,0.0515
J.R. Martinez,Karina Smirnoff,Actor/Actress,28,13,3,8.6667,0.8756,0.0909,1.0,0.0357,0.0606
Kristin Cavallari,Mark Ballas,TV Personality,24,13,3,8.0,0.1142,0.0402,0.0,0.0417,-0.1547
Nancy Grace,Tristan MacManus,TV Personality,51,13,3,7.0,-1.0279,0.0909,1.0,0.0196,-0.1547
Ricki Lake,Derek Hough,Actor/Actress,42,13,3,9.0,1.2563,0.0909,1.0,0.0238,0.0606
Rob Kardashian,Cheryl Burke,TV Personality,24,13,3,8.0,0.1142,0.0909,1.0,0.0417,-0.1547
Carson Kressley,Anna Trebunskaya,TV Personality,41,13,4,6.6667,-1.1088,0.0909,1.0,0.0244,-0.1547
Chaz Bono,Lacey Schwimmer,TV Personality,42,13,4,7.0,-0.7647,0.0909,1.0,0.0238,-0.1547
Chynna Phillips,Tony Dovolani,Singer/Rapper,43,13,4,7.0,-0.7647,0.0239,0.0,0.0233,0.1573
David Arquette,Kym Johnson,Actor/Actress,40,13,4,7.6667,-0.0765,0.0909,1.0,0.025,0.0606
Hope Solo,Maksim Chmerkoskiy,Athlete,30,13,4,8.0,0.2677,0.0909,1.0,0.0333,0.0515
J.R. Martinez,Karina Smirnoff,Actor/Actress,28,13,4,8.6667,0.9559,0.0909,1.0,0.0357,0.0606
Nancy Grace,Tristan MacManus,TV Personality,51,13,4,7.0,-0.7647,0.0909,1.0,0.0196,-0.1547
Ricki Lake,Derek Hough,Actor/Actress,42,13,4,9.6667,1.9883,0.0909,1.0,0.0238,0.0606
Rob Kardashian,Cheryl Burke,TV Personality,24,13,4,8.0,0.2677,0.0909,1.0,0.0417,-0.1547
Carson Kressley,Anna Trebunskaya,TV Personality,41,13,5,6.3333,-1.6202,0.015,0.0,0.0244,-0.1547
Chaz Bono,Lacey Schwimmer,TV Personality,42,13,5,7.0,-0.9001,0.0909,1.0,0.0238,-0.1547
David Arquette,Kym Johnson,Actor/Actress,40,13,5,8.3333,0.5401,0.0909,1.0,0.025,0.0606
Hope Solo,Maksim Chmerkoskiy,Athlete,30,13,5,8.0,0.18,0.0909,1.0,0.0333,0.0515
J.R. Martinez,Karina Smirnoff,Actor/Actress,28,13,5,9.3333,1.6202,0.0909,1.0,0.0357,0.0606
Nancy Grace,Tristan MacManus,TV Personality,51,13,5,7.3333,-0.5401,0.0909,1.0,0.0196,-0.1547
Ricki Lake,Derek Hough,Actor/Actress,42,13,5,8.0,0.18,0.0909,1.0,0.0238,0.0606
Rob Kardashian,Cheryl Burke,TV Personality,24,13,5,8.3333,0.5401,0.0909,1.0,0.0417,-0.1547
Chaz Bono,Lacey Schwimmer,TV Personality,42,13,6,6.3333,-1.1821,-0.0,0.0,0.0238,-0.1547
David Arquette,Kym Johnson,Actor/Actress,40,13,6,7.6667,-0.1791,0.0903,1.0,0.025,0.0606
Hope Solo,Maksim Chmerkoskiy,Athlete,30,13,6,6.6667,-0.9313,0.0903,1.0,0.0333,0.0515
J.R. Martinez,Karina Smirnoff,Actor/Actress,28,13,6,9.6667,1.3254,0.0903,1.0,0.0357,0.0606
Nancy Grace,Tristan MacManus,TV Personality,51,13,6,8.0,0.0716,0.0903,1.0,0.0196,-0.1547
Ricki Lake,Derek Hough,Actor/Actress,42,13,6,9.6667,1.3254,0.0903,1.0,0.0238,0.0606
Rob Kardashian,Cheryl Burke,TV Personality,24,13,6,7.3333,-0.4299,0.0903,1.0,0.0417,-0.1547
David Arquette,Kym Johnson,Actor/Actress,40,13,7,7.8333,-0.575,-0.0,0.0,0.025,0.0606
Hope Solo,Maksim Chmerkoskiy,Athlete,30,13,7,8.3333,0.3659,0.0395,1.0,0.0333,0.0515
J.R. Martinez,Karina Smirnoff,Actor/Actress,28,13,7,8.0,-0.2614,0.0395,1.0,0.0357,0.0606
Nancy Grace,Tristan MacManus,TV Personality,51,13,7,7.3333,-1.5159,0.0395,1.0,0.0196,-0.1547
Ricki Lake,Derek Hough,Actor/Actress,42,13,7,8.8333,1.3068,0.0395,1.0,0.0238,0.0606
Rob Kardashian,Cheryl Burke,TV Personality,24,13,7,8.5,0.6795,0.0395,1.0,0.0417,-0.1547
Hope Solo,Maksim Chmerkoskiy,Athlete,30,13,8,8.6667,0.0352,0.0909,0.5,0.0333,0.0515
J.R. Martinez,Karina Smirnoff,Actor/Actress,28,13,8,10.0,1.4451,0.0909,0.5,0.0357,0.0606
Nancy Grace,Tristan MacManus,TV Personality,51,13,8,7.3333,-1.3746,0.0909,0.5,0.0196,-0.1547
Ricki Lake,Derek Hough,Actor/Actress,42,13,8,8.6667,0.0352,0.0909,0.5,0.0238,0.0606
Rob Kardashian,Cheryl Burke,TV Personality,24,13,8,8.5,-0.141,0.0909,0.5,0.0417,-0.1547
Hope Solo,Maksim Chmerkoskiy,Athlete,30,13,9,8.1666,-1.2288,0.0909,0.5,0.0333,0.0515
J.R. Martinez,Karina Smirnoff,Actor/Actress,28,13,9,9.3333,-0.3896,0.0909,0.5,0.0357,0.0606
Ricki Lake,Derek Hough,Actor/Actress,42,13,9,11.1666,0.9291,0.0909,0.5,0.0238,0.0606
Rob Kardashian,Cheryl Burke,TV Personality,24,13,9,10.8333,0.6893,0.0909,0.5,0.0417,-0.1547
J.R. Martinez,Karina Smirnoff,Actor/Actress,28,13,10,9.3888,-0.0002,0.0909,0.5,0.0357,0.0606
Ricki Lake,Derek Hough,Actor/Actress,42,13,10,9.3333,-0.9999,0.0909,0.5,0.0238,0.0606
Rob Kardashian,Cheryl Burke,TV Personality,24,13,10,9.4444,1.0001,0.0909,0.5,0.0417,-0.1547
Donald Driver,Peta Murgatroyd,Athlete,37,14,1,7.0,-0.6359,0.1111,0.5,0.027,0.0515
Gavin DeGraw,Karina Smirnoff,Singer/Rapper,35,14,1,6.6667,-1.1561,0.1111,0.5,0.0286,0.1573
Gladys Knight,Tristan MacManus,Singer/Rapper,67,14,1,7.6667,0.4047,0.1111,0.5,0.0149,0.1573
Jack Wagner,Anna Trebunskaya,Actor/Actress,52,14,1,7.6667,0.4047,0.1111,0.5,0.0192,0.0606
Jaleel White,Kym Johnson,Actor/Actress,35,14,1,8.6667,1.9654,0.1111,0.5,0.0286,0.0606
Maria Menounos,Derek Hough,TV Personality,33,14,1,7.0,-0.6359,0.1111,0.5,0.0303,-0.1547
Melissa Gilbert,Maksim Chmerkoskiy,Actor/Actress,47,14,1,6.6667,-1.1561,0.1111,0.5,0.0213,0.0606
Roshon Fegan,Chelsie Hightower,Actor/Actress,20,14,1,7.6667,0.4047,0.1111,0.5,0.05,0.0606
Sherri Sheperd,Valentin Chmerkovskiy,Actor/Actress,44,14,1,7.6667,0.4047,0.1111,0.5,0.0227,0.0606
Donald Driver,Peta Murgatroyd,Athlete,37,14,2,8.0,0.7107,0.1111,0.5,0.027,0.0515
Gavin DeGraw,Karina Smirnoff,Singer/Rapper,35,14,2,7.0,-0.5685,0.1111,0.5,0.0286,0.1573
Gladys Knight,Tristan MacManus,Singer/Rapper,67,14,2,6.3333,-1.4213,0.1111,0.5,0.0149,0.1573
Jack Wagner,Anna Trebunskaya,Actor/Actress,52,14,2,7.0,-0.5685,0.1111,0.5,0.0192,0.0606
Jaleel White,Kym Johnson,Actor/Actress,35,14,2,7.3333,-0.1421,0.1111,0.5,0.0286,0.0606
Maria Menounos,Derek Hough,TV Personality,33,14,2,8.3333,1.1371,0.1111,0.5,0.0303,-0.1547
Melissa Gilbert,Maksim Chmerkoskiy,Actor/Actress,47,14,2,6.6667,-0.9949,0.1111,0.5,0.0213,0.0606
Roshon Fegan,Chelsie Hightower,Actor/Actress,20,14,2,8.6667,1.5635,0.1111,0.5,0.05,0.0606
Sherri Sheperd,Valentin Chmerkovskiy,Actor/Actress,44,14,2,7.6667,0.2843,0.1111,0.5,0.0227,0.0606
Donald Driver,Peta Murgatroyd,Athlete,37,14,3,8.6667,1.1183,0.1111,0.8,0.027,0.0515
Gavin DeGraw,Karina Smirnoff,Singer/Rapper,35,14,3,8.0,-0.7117,0.1111,1.0,0.0286,0.1573
Gladys Knight,Tristan MacManus,Singer/Rapper,67,14,3,8.0,-0.7117,0.1111,1.0,0.0149,0.1573
Jack Wagner,Anna Trebunskaya,Actor/Actress,52,14,3,8.0,-0.7117,0.111,0.0,0.0192,0.0606
Jaleel White,Kym Johnson,Actor/Actress,35,14,3,8.3333,0.2033,0.1111,0.8,0.0286,0.0606
Maria Menounos,Derek Hough,TV Personality,33,14,3,9.0,2.0333,0.1111,0.8,0.0303,-0.1547
Melissa Gilbert,Maksim Chmerkoskiy,Actor/Actress,47,14,3,8.0,-0.7117,0.1111,1.0,0.0213,0.0606
Roshon Fegan,Chelsie Hightower,Actor/Actress,20,14,3,8.3333,0.2033,0.1111,0.8,0.05,0.0606
Sherri Sheperd,Valentin Chmerkovskiy,Actor/Actress,44,14,3,8.0,-0.7117,0.1111,1.0,0.0227,0.0606
Donald Driver,Peta Murgatroyd,Athlete,37,14,4,9.0,1.3861,0.1111,1.0,0.027,0.0515
Gavin DeGraw,Karina Smirnoff,Singer/Rapper,35,14,4,7.6667,-0.1434,0.1111,1.0,0.0286,0.1573
Gladys Knight,Tristan MacManus,Singer/Rapper,67,14,4,6.6667,-1.2905,0.1111,1.0,0.0149,0.1573
Jaleel White,Kym Johnson,Actor/Actress,35,14,4,7.3333,-0.5258,0.1111,1.0,0.0286,0.0606
Maria Menounos,Derek Hough,TV Personality,33,14,4,8.6667,1.0037,0.1111,1.0,0.0303,-0.1547
Melissa Gilbert,Maksim Chmerkoskiy,Actor/Actress,47,14,4,7.3333,-0.5258,0.1111,1.0,0.0213,0.0606
Roshon Fegan,Chelsie Hightower,Actor/Actress,20,14,4,8.6667,1.0037,0.1111,1.0,0.05,0.0606
Sherri Sheperd,Valentin Chmerkovskiy,Actor/Actress,44,14,4,7.0,-0.9082,0.0549,0.0,0.0227,0.0606
Donald Driver,Peta Murgatroyd,Athlete,37,14,5,9.0,1.044,0.1111,1.0,0.027,0.0515
Gavin DeGraw,Karina Smirnoff,Singer/Rapper,35,14,5,6.3333,-1.4979,0.0347,0.0,0.0286,0.1573
Gladys Knight,Tristan MacManus,Singer/Rapper,67,14,5,7.3333,-0.5447,0.1111,1.0,0.0149,0.1573
Jaleel White,Kym Johnson,Actor/Actress,35,14,5,8.0,0.0908,0.1111,1.0,0.0286,0.0606
Maria Menounos,Derek Hough,TV Personality,33,14,5,9.0,1.044,0.1111,1.0,0.0303,-0.1547
Melissa Gilbert,Maksim Chmerkoskiy,Actor/Actress,47,14,5,7.0,-0.8624,0.1111,1.0,0.0213,0.0606
Roshon Fegan,Chelsie Hightower,Actor/Actress,20,14,5,8.6667,0.7263,0.1111,1.0,0.05,0.0606
Donald Driver,Peta Murgatroyd,Athlete,37,14,6,11.3333,0.7693,0.1111,1.0,0.027,0.0515
Gladys Knight,Tristan MacManus,Singer/Rapper,67,14,6,8.0,-1.4287,0.0127,0.0,0.0149,0.1573
Jaleel White,Kym Johnson,Actor/Actress,35,14,6,12.3333,1.4287,0.1111,1.0,0.0286,0.0606
Maria Menounos,Derek Hough,TV Personality,33,14,6,10.0,-0.1099,0.1111,1.0,0.0303,-0.1547
Melissa Gilbert,Maksim Chmerkoskiy,Actor/Actress,47,14,6,10.0,-0.1099,0.1111,1.0,0.0213,0.0606
Roshon Fegan,Chelsie Hightower,Actor/Actress,20,14,6,9.3333,-0.5495,0.1111,1.0,0.05,0.0606
Donald Driver,Peta Murgatroyd,Athlete,37,14,7,8.8333,0.2774,0.0537,1.0,0.027,0.0515
Jaleel White,Kym Johnson,Actor/Actress,35,14,7,8.5,-0.2774,-0.0,0.0,0.0286,0.0606
Maria Menounos,Derek Hough,TV Personality,33,14,7,9.5,1.3868,0.0537,1.0,0.0303,-0.1547
Melissa Gilbert,Maksim Chmerkoskiy,Actor/Actress,47,14,7,7.8333,-1.3868,0.0537,1.0,0.0213,0.0606
Roshon Fegan,Chelsie Hightower,Actor/Actress,20,14,7,8.6667,-0.0,0.0537,1.0,0.05,0.0606
Donald Driver,Peta Murgatroyd,Athlete,37,14,8,9.1667,0.5637,0.1111,0.5,0.027,0.0515
Maria Menounos,Derek Hough,TV Personality,33,14,8,8.8333,-0.3382,0.1111,0.5,0.0303,-0.1547
Melissa Gilbert,Maksim Chmerkoskiy,Actor/Actress,47,14,8,8.5,-1.2402,0.1111,0.5,0.0213,0.0606
Roshon Fegan,Chelsie Hightower,Actor/Actress,20,14,8,9.3333,1.0147,0.1111,0.5,0.05,0.0606
Donald Driver,Peta Murgatroyd,Athlete,37,14,9,9.5,-0.7071,0.1111,0.5,0.027,0.0515
Maria Menounos,Derek Hough,TV Personality,33,14,9,9.8333,0.7071,0.1111,0.5,0.0303,-0.1547
Donald Driver,Peta Murgatroyd,Athlete,37,14,10,9.8889,0.0,0.1111,0.5,0.027,0.0515
Apolo Anton Ohno,Karina Smirnoff,Athlete,30,15,1,7.3333,0.3846,0.1,0.5,0.0333,0.0515
Bristol Palin,Mark Ballas,TV Personality,21,15,1,6.5,-1.218,0.1,0.5,0.0476,-0.1547
Drew Lachey,Anna Trebunskaya,Singer/Rapper,36,15,1,7.1667,0.0641,0.1,0.5,0.0278,0.1573
Emmitt Smith,Cheryl Burke,Athlete,43,15,1,8.1667,1.9873,0.1,0.5,0.0233,0.0515
Joey Fatone,Kym Johnson,Singer/Rapper,35,15,1,6.8333,-0.577,0.1,0.5,0.0286,0.1573
Kelly Monaco,Valentin Chmerkovskiy,Actor/Actress,36,15,1,7.1667,0.0641,0.1,0.5,0.0278,0.0606
Kirstie Alley,Maksim Chmerkoskiy,Actor/Actress,61,15,1,6.3333,-1.5385,0.1,0.5,0.0164,0.0606
Melissa Rycroft,Tony Dovolani,TV Personality,29,15,1,7.0,-0.2564,0.1,0.5,0.0345,-0.1547
Sabrina Bryan,Louis van Amstel,Actor/Actress,28,15,1,7.5,0.7052,0.1,0.5,0.0357,0.0606
Shawn Johnson,Derek Hough,Athlete,20,15,1,7.3333,0.3846,0.1,0.5,0.05,0.0515
Apolo Anton Ohno,Karina Smirnoff,Athlete,30,15,2,8.1667,0.7772,0.1,0.5,0.0333,0.0515
Bristol Palin,Mark Ballas,TV Personality,21,15,2,6.0,-2.1097,0.1099,1.0,0.0476,-0.1547
Drew Lachey,Anna Trebunskaya,Singer/Rapper,36,15,2,7.5,-0.111,0.1,0.5,0.0278,0.1573
Emmitt Smith,Cheryl Burke,Athlete,43,15,2,7.5,-0.111,0.1,0.5,0.0233,0.0515
Joey Fatone,Kym Johnson,Singer/Rapper,35,15,2,7.5,-0.111,0.0901,0.0,0.0286,0.1573
Kelly Monaco,Valentin Chmerkovskiy,Actor/Actress,36,15,2,7.3333,-0.3331,0.1,0.5,0.0278,0.0606
Kirstie Alley,Maksim Chmerkoskiy,Actor/Actress,61,15,2,7.0,-0.7772,0.1,0.5,0.0164,0.0606
Melissa Rycroft,Tony Dovolani,TV Personality,29,15,2,7.8333,0.3331,0.1,0.5,0.0345,-0.1547
Sabrina Bryan,Louis van Amstel,Actor/Actress,28,15,2,8.6667,1.4435,0.1,0.5,0.0357,0.0606
Shawn Johnson,Derek Hough,Athlete,20,15,2,8.3333,0.9993,0.1,0.5,0.05,0.0515
Apolo Anton Ohno,Karina Smirnoff,Athlete,30,15,3,8.5,0.1824,0.1,1.0,0.0333,0.0515
Bristol Palin,Mark Ballas,TV Personality,21,15,3,7.5,-1.7874,0.1,1.0,0.0476,-0.1547
Drew Lachey,Anna Trebunskaya,Singer/Rapper,36,15,3,8.0,-0.8025,0.0471,0.0,0.0278,0.1573
Emmitt Smith,Cheryl Burke,Athlete,43,15,3,8.3333,-0.1459,0.1,1.0,0.0233,0.0515
Kelly Monaco,Valentin Chmerkovskiy,Actor/Actress,36,15,3,9.0,1.1673,0.1,1.0,0.0278,0.0606
Kirstie Alley,Maksim Chmerkoskiy,Actor/Actress,61,15,3,8.0,-0.8025,0.1,1.0,0.0164,0.0606
Melissa Rycroft,Tony Dovolani,TV Personality,29,15,3,9.0,1.1673,0.1,1.0,0.0345,-0.1547
Sabrina Bryan,Louis van Amstel,Actor/Actress,28,15,3,8.5,0.1824,0.1,1.0,0.0357,0.0606
Shawn Johnson,Derek Hough,Athlete,20,15,3,8.8333,0.839,0.1,1.0,0.05,0.0515
Apolo Anton Ohno,Karina Smirnoff,Athlete,30,15,4,8.625,-0.2452,0.1,1.0,0.0333,0.0515
Bristol Palin,Mark Ballas,TV Personality,21,15,4,8.0,-1.0625,0.0243,0.0,0.0476,-0.1547
Emmitt Smith,Cheryl Burke,Athlete,43,15,4,9.0,0.2452,0.1,1.0,0.0233,0.0515
Kelly Monaco,Valentin Chmerkovskiy,Actor/Actress,36,15,4,9.375,0.7355,0.1,1.0,0.0278,0.0606
Kirstie Alley,Maksim Chmerkoskiy,Actor/Actress,61,15,4,7.5,-1.7163,0.1,1.0,0.0164,0.0606
Melissa Rycroft,Tony Dovolani,TV Personality,29,15,4,9.25,0.5721,0.1,1.0,0.0345,-0.1547
Sabrina Bryan,Louis van Amstel,Actor/Actress,28,15,4,8.875,0.0817,0.1,1.0,0.0357,0.0606
Shawn Johnson,Derek Hough,Athlete,20,15,4,9.875,1.3894,0.1,1.0,0.05,0.0515
Apolo Anton Ohno,Karina Smirnoff,Athlete,30,15,5,9.4167,0.4302,0.1,0.5,0.0333,0.0515
Emmitt Smith,Cheryl Burke,Athlete,43,15,5,9.3333,0.2294,0.1,0.5,0.0233,0.0515
Kelly Monaco,Valentin Chmerkovskiy,Actor/Actress,36,15,5,8.5833,-1.5774,0.1,0.5,0.0278,0.0606
Kirstie Alley,Maksim Chmerkoskiy,Actor/Actress,61,15,5,8.75,-1.1759,0.1,0.5,0.0164,0.0606
Melissa Rycroft,Tony Dovolani,TV Personality,29,15,5,9.4167,0.4302,0.1,0.5,0.0345,-0.1547
Sabrina Bryan,Louis van Amstel,Actor/Actress,28,15,5,9.75,1.2333,0.1,0.5,0.0357,0.0606
Shawn Johnson,Derek Hough,Athlete,20,15,5,9.4167,0.4302,0.1,0.5,0.05,0.0515
Apolo Anton Ohno,Karina Smirnoff,Athlete,30,15,6,10.0,1.1223,0.091,1.0,0.0333,0.0515
Emmitt Smith,Cheryl Burke,Athlete,43,15,6,8.8333,-1.2687,0.091,1.0,0.0233,0.0515
Kelly Monaco,Valentin Chmerkovskiy,Actor/Actress,36,15,6,9.0,-0.9271,0.091,1.0,0.0278,0.0606
Kirstie Alley,Maksim Chmerkoskiy,Actor/Actress,61,15,6,9.1667,-0.5855,0.091,1.0,0.0164,0.0606
Melissa Rycroft,Tony Dovolani,TV Personality,29,15,6,9.8333,0.7807,0.091,1.0,0.0345,-0.1547
Sabrina Bryan,Louis van Amstel,Actor/Actress,28,15,6,10.0,1.1223,-0.0,0.0,0.0357,0.0606
Shawn Johnson,Derek Hough,Athlete,20,15,6,9.3333,-0.244,0.091,1.0,0.05,0.0515
Apolo Anton Ohno,Karina Smirnoff,Athlete,30,15,7,11.0,-0.4406,0.1,0.5,0.0333,0.0515
Emmitt Smith,Cheryl Burke,Athlete,43,15,7,11.5,-0.0629,0.1,0.5,0.0233,0.0515
Kelly Monaco,Valentin Chmerkovskiy,Actor/Actress,36,15,7,12.0,0.3147,0.1,0.5,0.0278,0.0606
Kirstie Alley,Maksim Chmerkoskiy,Actor/Actress,61,15,7,9.3333,-1.6995,0.1,0.5,0.0164,0.0606
Melissa Rycroft,Tony Dovolani,TV Personality,29,15,7,13.0,1.0701,0.1,0.5,0.0345,-0.1547
Shawn Johnson,Derek Hough,Athlete,20,15,7,12.6666,0.8182,0.1,0.5,0.05,0.0515
Apolo Anton Ohno,Karina Smirnoff,Athlete,30,15,8,9.7592,0.598,0.0799,1.0,0.0333,0.0515
Emmitt Smith,Cheryl Burke,Athlete,43,15,8,9.6851,0.4573,0.0799,1.0,0.0233,0.0515
Kelly Monaco,Valentin Chmerkovskiy,Actor/Actress,36,15,8,9.4444,0.0,0.0799,1.0,0.0278,0.0606
Kirstie Alley,Maksim Chmerkoskiy,Actor/Actress,61,15,8,8.5,-1.7942,-0.0,0.0,0.0164,0.0606
Melissa Rycroft,Tony Dovolani,TV Personality,29,15,8,10.0,1.0554,0.0799,1.0,0.0345,-0.1547
Shawn Johnson,Derek Hough,Athlete,20,15,8,9.2778,-0.3166,0.0799,1.0,0.05,0.0515
Apolo Anton Ohno,Karina Smirnoff,Athlete,30,15,9,9.537,0.3745,0.1,0.5,0.0333,0.0515
Emmitt Smith,Cheryl Burke,Athlete,43,15,9,9.0,-1.0933,0.1,0.5,0.0233,0.0515
Kelly Monaco,Valentin Chmerkovskiy,Actor/Actress,36,15,9,9.037,-0.9921,0.1,0.5,0.0278,0.0606
Melissa Rycroft,Tony Dovolani,TV Personality,29,15,9,9.5926,0.5264,0.1,0.5,0.0345,-0.1547
Shawn Johnson,Derek Hough,Athlete,20,15,9,9.8333,1.1845,0.1,0.5,0.05,0.0515
Kelly Monaco,Valentin Chmerkovskiy,Actor/Actress,36,15,10,9.7036,-0.095,0.1,0.5,0.0278,0.0606
Melissa Rycroft,Tony Dovolani,TV Personality,29,15,10,9.7777,1.0441,0.1,0.5,0.0345,-0.1547
Shawn Johnson,Derek Hough,Athlete,20,15,10,9.6481,-0.9491,0.1,0.5,0.05,0.0515
Alexandra Raisman,Mark Ballas,Athlete,18,16,1,7.0,0.5914,0.1,0.5,0.0556,0.0515
Andy Dick,Sharna Burgess,Comedian,47,16,1,5.6667,-0.6536,0.1,0.5,0.0213,-0.8619
D. L. Hughley,Cheryl Burke,Comedian,50,16,1,4.0,-2.2099,0.1,0.5,0.02,-0.8619
Dorothy Hamill,Tristan MacManus,Athlete,56,16,1,7.0,0.5914,0.1,0.5,0.0179,0.0515
Jacoby Jones,Karina Smirnoff,Athlete,28,16,1,6.6667,0.2801,0.1,0.5,0.0357,0.0515
Kellie Pickler,Derek Hough,Singer/Rapper,26,16,1,7.0,0.5914,0.1,0.5,0.0385,0.1573
Sean Lowe,Peta Murgatroyd,TV Personality,29,16,1,6.3333,-0.0311,0.1,0.5,0.0345,-0.1547
Victor Ortiz,Lindsay Arnold,Athlete,26,16,1,6.0,-0.3424,0.1,0.5,0.0385,0.0515
Wynonna Judd,Tony Dovolani,Singer/Rapper,48,16,1,6.0,-0.3424,0.1,0.5,0.0208,0.1573
Zendaya,Valentin Chmerkovskiy,Actor/Actress,16,16,1,8.0,1.5251,0.1,0.5,0.0625,0.0606
Alexandra Raisman,Mark Ballas,Athlete,18,16,2,8.0,0.8548,0.1,0.5,0.0556,0.0515
Andy Dick,Sharna Burgess,Comedian,47,16,2,6.6667,-0.1508,0.1,0.5,0.0213,-0.8619
D. L. Hughley,Cheryl Burke,Comedian,50,16,2,5.3333,-1.1564,0.1,0.5,0.02,-0.8619
Dorothy Hamill,Tristan MacManus,Athlete,56,16,2,5.0,-1.4078,0.1,0.5,0.0179,0.0515
Jacoby Jones,Karina Smirnoff,Athlete,28,16,2,7.6667,0.6034,0.1,0.5,0.0357,0.0515
Kellie Pickler,Derek Hough,Singer/Rapper,26,16,2,8.6667,1.3576,0.1,0.5,0.0385,0.1573
Sean Lowe,Peta Murgatroyd,TV Personality,29,16,2,6.6667,-0.1508,0.1,0.5,0.0345,-0.1547
Victor Ortiz,Lindsay Arnold,Athlete,26,16,2,6.0,-0.6536,0.1,0.5,0.0385,0.0515
Wynonna Judd,Tony Dovolani,Singer/Rapper,48,16,2,6.0,-0.6536,0.1,0.5,0.0208,0.1573
Zendaya,Valentin Chmerkovskiy,Actor/Actress,16,16,2,8.6667,1.3576,0.1,0.5,0.0625,0.0606
Alexandra Raisman,Mark Ballas,Athlete,18,16,3,7.6667,0.3689,0.1,1.0,0.0556,0.0515
Andy Dick,Sharna Burgess,Comedian,47,16,3,6.0,-0.8169,0.1,1.0,0.0213,-0.8619
D. L. Hughley,Cheryl Burke,Comedian,50,16,3,5.3333,-1.2913,0.1,1.0,0.02,-0.8619
Jacoby Jones,Karina Smirnoff,Athlete,28,16,3,8.6666,1.0804,0.1,1.0,0.0357,0.0515
Kellie Pickler,Derek Hough,Singer/Rapper,26,16,3,8.3333,0.8433,0.1,1.0,0.0385,0.1573
Sean Lowe,Peta Murgatroyd,TV Personality,29,16,3,7.0,-0.1054,0.1,1.0,0.0345,-0.1547
Victor Ortiz,Lindsay Arnold,Athlete,26,16,3,7.6667,0.3689,0.1,1.0,0.0385,0.0515
Wynonna Judd,Tony Dovolani,Singer/Rapper,48,16,3,5.0,-1.5284,0.0611,0.0,0.0208,0.1573
Zendaya,Valentin Chmerkovskiy,Actor/Actress,16,16,3,8.6666,1.0804,0.1,1.0,0.0625,0.0606
Alexandra Raisman,Mark Ballas,Athlete,18,16,4,9.0,1.2447,0.1,0.5,0.0556,0.0515
Andy Dick,Sharna Burgess,Comedian,47,16,4,7.0,-0.5658,0.1,0.5,0.0213,-0.8619
D. L. Hughley,Cheryl Burke,Comedian,50,16,4,7.0,-0.5658,0.1,0.5,0.02,-0.8619
Jacoby Jones,Karina Smirnoff,Athlete,28,16,4,8.0,0.3395,0.1,0.5,0.0357,0.0515
Kellie Pickler,Derek Hough,Singer/Rapper,26,16,4,8.6667,0.943,0.1,0.5,0.0385,0.1573
Sean Lowe,Peta Murgatroyd,TV Personality,29,16,4,6.6667,-0.8675,0.1,0.5,0.0345,-0.1547
Victor Ortiz,Lindsay Arnold,Athlete,26,16,4,6.0,-1.4711,0.1,0.5,0.0385,0.0515
Zendaya,Valentin Chmerkovskiy,Actor/Actress,16,16,4,8.6667,0.943,0.1,0.5,0.0625,0.0606
Alexandra Raisman,Mark Ballas,Athlete,18,16,5,8.3333,0.3653,0.1,1.0,0.0556,0.0515
Andy Dick,Sharna Burgess,Comedian,47,16,5,6.0,-1.3396,0.1,1.0,0.0213,-0.8619
D. L. Hughley,Cheryl Burke,Comedian,50,16,5,6.0,-1.3396,0.0361,0.0,0.02,-0.8619
Jacoby Jones,Karina Smirnoff,Athlete,28,16,5,8.6667,0.6089,0.1,1.0,0.0357,0.0515
Kellie Pickler,Derek Hough,Singer/Rapper,26,16,5,9.0,0.8525,0.1,1.0,0.0385,0.1573
Sean Lowe,Peta Murgatroyd,TV Personality,29,16,5,8.0,0.1218,0.1,1.0,0.0345,-0.1547
Victor Ortiz,Lindsay Arnold,Athlete,26,16,5,7.0,-0.6089,0.1,1.0,0.0385,0.0515
Zendaya,Valentin Chmerkovskiy,Actor/Actress,16,16,5,9.6667,1.3396,0.1,1.0,0.0625,0.0606
Alexandra Raisman,Mark Ballas,Athlete,18,16,6,8.6667,0.9146,0.1,1.0,0.0556,0.0515
Andy Dick,Sharna Burgess,Comedian,47,16,6,7.1667,-0.8314,0.1,1.0,0.0213,-0.8619
Jacoby Jones,Karina Smirnoff,Athlete,28,16,6,7.5,-0.4434,0.1,1.0,0.0357,0.0515
Kellie Pickler,Derek Hough,Singer/Rapper,26,16,6,9.0,1.3025,0.1,1.0,0.0385,0.1573
Sean Lowe,Peta Murgatroyd,TV Personality,29,16,6,7.6667,-0.2494,0.1,1.0,0.0345,-0.1547
Victor Ortiz,Lindsay Arnold,Athlete,26,16,6,6.6667,-1.4134,0.0093,0.0,0.0385,0.0515
Zendaya,Valentin Chmerkovskiy,Actor/Actress,16,16,6,8.5,0.7206,0.1,1.0,0.0625,0.0606
Alexandra Raisman,Mark Ballas,Athlete,18,16,7,10.6667,1.0196,0.1,1.0,0.0556,0.0515
Andy Dick,Sharna Burgess,Comedian,47,16,7,5.6667,-1.7611,0.0144,0.0,0.0213,-0.8619
Jacoby Jones,Karina Smirnoff,Athlete,28,16,7,9.0,0.0927,0.1,1.0,0.0357,0.0515
Kellie Pickler,Derek Hough,Singer/Rapper,26,16,7,9.6667,0.4634,0.1,1.0,0.0385,0.1573
Sean Lowe,Peta Murgatroyd,TV Personality,29,16,7,8.0,-0.4634,0.1,1.0,0.0345,-0.1547
Zendaya,Valentin Chmerkovskiy,Actor/Actress,16,16,7,10.0,0.6488,0.1,1.0,0.0625,0.0606
Alexandra Raisman,Mark Ballas,Athlete,18,16,8,9.3333,0.5389,0.0503,1.0,0.0556,0.0515
Jacoby Jones,Karina Smirnoff,Athlete,28,16,8,8.6667,-0.0951,0.0503,1.0,0.0357,0.0515
Kellie Pickler,Derek Hough,Singer/Rapper,26,16,8,9.1667,0.3804,0.0503,1.0,0.0385,0.1573
Sean Lowe,Peta Murgatroyd,TV Personality,29,16,8,7.0,-1.6802,-0.0,0.0,0.0345,-0.1547
Zendaya,Valentin Chmerkovskiy,Actor/Actress,16,16,8,9.6667,0.856,0.0503,1.0,0.0625,0.0606
Alexandra Raisman,Mark Ballas,Athlete,18,16,9,9.8333,0.6603,0.1,0.5,0.0556,0.0515
Jacoby Jones,Karina Smirnoff,Athlete,28,16,9,9.8333,0.6603,0.1,0.5,0.0357,0.0515
Kellie Pickler,Derek Hough,Singer/Rapper,26,16,9,9.6667,0.1321,0.1,0.5,0.0385,0.1573
Zendaya,Valentin Chmerkovskiy,Actor/Actress,16,16,9,9.1667,-1.4527,0.1,0.5,0.0625,0.0606
Alexandra Raisman,Mark Ballas,Athlete,18,16,10,9.6667,-0.2611,0.1,0.5,0.0556,0.0515
Jacoby Jones,Karina Smirnoff,Athlete,28,16,10,9.3333,-1.3056,0.1,0.5,0.0357,0.0515
Kellie Pickler,Derek Hough,Singer/Rapper,26,16,10,10.0,0.7833,0.1,0.5,0.0385,0.1573
Zendaya,Valentin Chmerkovskiy,Actor/Actress,16,16,10,10.0,0.7833,0.1,0.5,0.0625,0.0606
Amber Riley,Derek Hough,Actor/Actress,27,17,1,9.0,1.5787,0.1,0.5,0.037,0.0606
Bill Engvall,Emma Slater,Comedian,56,17,1,6.0,-0.7894,0.1,0.5,0.0179,-0.8619
Bill Nye,Tyne Stecklein,TV Personality,57,17,1,4.6667,-1.8418,0.1,0.5,0.0175,-0.1547
Brant Daugherty,Peta Murgatroyd,Actor/Actress,28,17,1,7.3333,0.2631,0.1,0.5,0.0357,0.0606
Christina Milian,Mark Ballas,Singer/Rapper,31,17,1,7.3333,0.2631,0.1,0.5,0.0323,0.1573
Corbin Bleu,Karina Smirnoff,Actor/Actress,24,17,1,8.0,0.7894,0.1,0.5,0.0417,0.0606
Elizabeth Berkley Lauren,Valentin Chmerkovskiy,Actor/Actress,39,17,1,8.0,0.7894,0.1,0.5,0.0256,0.0606
Keyshawn Johnson,Sharna Burgess,Athlete,41,17,1,5.6667,-1.0525,0.1,0.5,0.0244,0.0515
Leah Remini,Tony Dovolani,Actor/Actress,43,17,1,7.0,0.0,0.1,0.5,0.0233,0.0606
Valerie Harper,Tristan MacManus,Actor/Actress,74,17,1,7.0,0.0,0.1,0.5,0.0135,0.0606
Amber Riley,Derek Hough,Actor/Actress,27,17,2,8.0,0.5582,0.1,0.5,0.037,0.0606
Bill Engvall,Emma Slater,Comedian,56,17,2,7.0,-0.3721,0.1,0.5,0.0179,-0.8619
Bill Nye,Tyne Stecklein,TV Personality,57,17,2,5.6667,-1.6125,0.1023,1.0,0.0175,-0.1547
Brant Daugherty,Peta Murgatroyd,Actor/Actress,28,17,2,7.6667,0.2481,0.1,0.5,0.0357,0.0606
Christina Milian,Mark Ballas,Singer/Rapper,31,17,2,8.3333,0.8682,0.1,0.5,0.0323,0.1573
Corbin Bleu,Karina Smirnoff,Actor/Actress,24,17,2,8.6667,1.1783,0.1,0.5,0.0417,0.0606
Elizabeth Berkley Lauren,Valentin Chmerkovskiy,Actor/Actress,39,17,2,8.3333,0.8682,0.1,0.5,0.0256,0.0606
Keyshawn Johnson,Sharna Burgess,Athlete,41,17,2,6.0,-1.3024,0.0977,0.0,0.0244,0.0515
Leah Remini,Tony Dovolani,Actor/Actress,43,17,2,8.0,0.5582,0.1,0.5,0.0233,0.0606
Valerie Harper,Tristan MacManus,Actor/Actress,74,17,2,6.3333,-0.9923,0.1,0.5,0.0135,0.0606
Amber Riley,Derek Hough,Actor/Actress,27,17,3,8.0,0.2133,0.1,1.0,0.037,0.0606
Bill Engvall,Emma Slater,Comedian,56,17,3,8.0,0.2133,0.1,1.0,0.0179,-0.8619
Bill Nye,Tyne Stecklein,TV Personality,57,17,3,5.3333,-1.7067,0.0615,0.0,0.0175,-0.1547
Brant Daugherty,Peta Murgatroyd,Actor/Actress,28,17,3,9.0,0.9333,0.1,1.0,0.0357,0.0606
Christina Milian,Mark Ballas,Singer/Rapper,31,17,3,8.6667,0.6933,0.1,1.0,0.0323,0.1573
Corbin Bleu,Karina Smirnoff,Actor/Actress,24,17,3,8.6667,0.6933,0.1,1.0,0.0417,0.0606
Elizabeth Berkley Lauren,Valentin Chmerkovskiy,Actor/Actress,39,17,3,8.3333,0.4533,0.1,1.0,0.0256,0.0606
Leah Remini,Tony Dovolani,Actor/Actress,43,17,3,8.0,0.2133,0.1,1.0,0.0233,0.0606
Valerie Harper,Tristan MacManus,Actor/Actress,74,17,3,5.3333,-1.7067,0.1,1.0,0.0135,0.0606
Amber Riley,Derek Hough,Actor/Actress,27,17,4,9.0,0.9991,0.1,1.0,0.037,0.0606
Bill Engvall,Emma Slater,Comedian,56,17,4,7.0,-0.7771,0.1,1.0,0.0179,-0.8619
Brant Daugherty,Peta Murgatroyd,Actor/Actress,28,17,4,7.0,-0.7771,0.1,1.0,0.0357,0.0606
Christina Milian,Mark Ballas,Singer/Rapper,31,17,4,8.0,0.111,0.1,1.0,0.0323,0.1573
Corbin Bleu,Karina Smirnoff,Actor/Actress,24,17,4,9.0,0.9991,0.1,1.0,0.0417,0.0606
Elizabeth Berkley Lauren,Valentin Chmerkovskiy,Actor/Actress,39,17,4,9.0,0.9991,0.1,1.0,0.0256,0.0606
Leah Remini,Tony Dovolani,Actor/Actress,43,17,4,8.0,0.111,0.1,1.0,0.0233,0.0606
Valerie Harper,Tristan MacManus,Actor/Actress,74,17,4,6.0,-1.6652,0.0364,0.0,0.0135,0.0606
Amber Riley,Derek Hough,Actor/Actress,27,17,5,8.6667,0.0651,0.0893,1.0,0.037,0.0606
Bill Engvall,Emma Slater,Comedian,56,17,5,8.0,-0.8468,0.0893,1.0,0.0179,-0.8619
Brant Daugherty,Peta Murgatroyd,Actor/Actress,28,17,5,9.0,0.5211,0.0893,1.0,0.0357,0.0606
Christina Milian,Mark Ballas,Singer/Rapper,31,17,5,9.3333,0.9771,-0.0,0.0,0.0323,0.1573
Corbin Bleu,Karina Smirnoff,Actor/Actress,24,17,5,9.3333,0.9771,0.0893,1.0,0.0417,0.0606
Elizabeth Berkley Lauren,Valentin Chmerkovskiy,Actor/Actress,39,17,5,8.6667,0.0651,0.0893,1.0,0.0256,0.0606
Leah Remini,Tony Dovolani,Actor/Actress,43,17,5,7.3333,-1.7588,0.0893,1.0,0.0233,0.0606
Amber Riley,Derek Hough,Actor/Actress,27,17,6,10.6666,0.9303,0.1,0.5,0.037,0.0606
Bill Engvall,Emma Slater,Comedian,56,17,6,8.0,-1.5504,0.1,0.5,0.0179,-0.8619
Brant Daugherty,Peta Murgatroyd,Actor/Actress,28,17,6,10.3333,0.6202,0.1,0.5,0.0357,0.0606
Corbin Bleu,Karina Smirnoff,Actor/Actress,24,17,6,9.0,-0.6202,0.1,0.5,0.0417,0.0606
Elizabeth Berkley Lauren,Valentin Chmerkovskiy,Actor/Actress,39,17,6,10.6666,0.9302,0.1,0.5,0.0256,0.0606
Leah Remini,Tony Dovolani,Actor/Actress,43,17,6,9.3333,-0.3101,0.1,0.5,0.0233,0.0606
Amber Riley,Derek Hough,Actor/Actress,27,17,7,9.8333,1.0144,0.1,0.5,0.037,0.0606
Bill Engvall,Emma Slater,Comedian,56,17,7,8.3333,-1.4754,0.1,0.5,0.0179,-0.8619
Brant Daugherty,Peta Murgatroyd,Actor/Actress,28,17,7,9.5,0.4611,0.1,0.5,0.0357,0.0606
Corbin Bleu,Karina Smirnoff,Actor/Actress,24,17,7,9.8333,1.0144,0.1,0.5,0.0417,0.0606
Elizabeth Berkley Lauren,Valentin Chmerkovskiy,Actor/Actress,39,17,7,9.0,-0.3689,0.1,0.5,0.0256,0.0606
Leah Remini,Tony Dovolani,Actor/Actress,43,17,7,8.8333,-0.6455,0.1,0.5,0.0233,0.0606
Amber Riley,Derek Hough,Actor/Actress,27,17,8,9.3333,0.4564,0.0666,1.0,0.037,0.0606
Bill Engvall,Emma Slater,Comedian,56,17,8,8.0,-1.3693,0.0666,1.0,0.0179,-0.8619
Brant Daugherty,Peta Murgatroyd,Actor/Actress,28,17,8,9.0,-0.0,-0.0,0.0,0.0357,0.0606
Corbin Bleu,Karina Smirnoff,Actor/Actress,24,17,8,10.0,1.3693,0.0666,1.0,0.0417,0.0606
Elizabeth Berkley Lauren,Valentin Chmerkovskiy,Actor/Actress,39,17,8,8.3333,-0.9129,0.0666,1.0,0.0256,0.0606
Leah Remini,Tony Dovolani,Actor/Actress,43,17,8,9.3333,0.4564,0.0666,1.0,0.0233,0.0606
Amber Riley,Derek Hough,Actor/Actress,27,17,9,8.5,-0.1917,0.1,0.5,0.037,0.0606
Bill Engvall,Emma Slater,Comedian,56,17,9,7.0,-1.6291,0.1,0.5,0.0179,-0.8619
Corbin Bleu,Karina Smirnoff,Actor/Actress,24,17,9,9.6667,0.9264,0.1,0.5,0.0417,0.0606
Elizabeth Berkley Lauren,Valentin Chmerkovskiy,Actor/Actress,39,17,9,9.3333,0.6069,0.1,0.5,0.0256,0.0606
Leah Remini,Tony Dovolani,Actor/Actress,43,17,9,9.0,0.2875,0.1,0.5,0.0233,0.0606
Amber Riley,Derek Hough,Actor/Actress,27,17,10,9.875,1.0547,0.1,0.5,0.037,0.0606
Bill Engvall,Emma Slater,Comedian,56,17,10,7.5,-1.1117,0.1,0.5,0.0179,-0.8619
Corbin Bleu,Karina Smirnoff,Actor/Actress,24,17,10,9.375,0.5986,0.1,0.5,0.0417,0.0606
Leah Remini,Tony Dovolani,Actor/Actress,43,17,10,8.125,-0.5416,0.1,0.5,0.0233,0.0606
Amber Riley,Derek Hough,Actor/Actress,27,17,11,10.4444,0.8321,0.1,0.5,0.037,0.0606
Bill Engvall,Emma Slater,Comedian,56,17,11,8.5,-1.1094,0.1,0.5,0.0179,-0.8619
Corbin Bleu,Karina Smirnoff,Actor/Actress,24,17,11,9.8888,0.2773,0.1,0.5,0.0417,0.0606
Amy Purdy,Derek Hough,Athlete,34,18,1,8.0,0.562,0.1,0.5,0.0294,0.0515
Billy Dee Williams,Emma Slater,Actor/Actress,76,18,1,5.0,-1.9668,0.1,0.5,0.0132,0.0606
Candace Cameron Bure,Mark Ballas,Actor/Actress,37,18,1,8.3333,0.8429,0.1,0.5,0.027,0.0606
Charlie White,Sharna Burgess,Athlete,26,18,1,9.0,1.4049,0.1,0.5,0.0385,0.0515
Danica McKellar,Valentin Chmerkovskiy,Actor/Actress,39,18,1,8.0,0.562,0.1,0.5,0.0256,0.0606
Diana Nyad,Henry Byalikov,Athlete,64,18,1,6.0,-1.1239,0.1,0.5,0.0156,0.0515
Drew Carey,Cheryl Burke,Comedian,55,18,1,7.0,-0.281,0.1,0.5,0.0182,-0.8619
James Maslow,Peta Murgatroyd,Actor/Actress,23,18,1,7.0,-0.281,0.1,0.5,0.0435,0.0606
Meryl Davis,Maksim Chmerkoskiy,Athlete,27,18,1,8.0,0.562,0.1,0.5,0.037,0.0515
NeNe Leakes,Tony Dovolani,TV Personality,46,18,1,7.0,-0.281,0.1,0.5,0.0217,-0.1547
Amy Purdy,Derek Hough,Athlete,34,18,2,8.0,0.5083,0.1,0.5,0.0294,0.0515
Billy Dee Williams,Emma Slater,Actor/Actress,76,18,2,5.0,-2.2366,0.1,0.5,0.0132,0.0606
Candace Cameron Bure,Mark Ballas,Actor/Actress,37,18,2,7.0,-0.4067,0.1,0.5,0.027,0.0606
Charlie White,Sharna Burgess,Athlete,26,18,2,8.3333,0.8133,0.1,0.5,0.0385,0.0515
Danica McKellar,Valentin Chmerkovskiy,Actor/Actress,39,18,2,8.0,0.5083,0.1,0.5,0.0256,0.0606
Drew Carey,Cheryl Burke,Comedian,55,18,2,7.0,-0.4067,0.1,0.5,0.0182,-0.8619
James Maslow,Peta Murgatroyd,Actor/Actress,23,18,2,8.3333,0.8133,0.1,0.5,0.0435,0.0606
Meryl Davis,Maksim Chmerkoskiy,Athlete,27,18,2,8.3333,0.8133,0.1,0.5,0.037,0.0515
NeNe Leakes,Tony Dovolani,TV Personality,46,18,2,7.0,-0.4067,0.1,0.5,0.0217,-0.1547
Amy Purdy,Derek Hough,Athlete,34,18,3,9.0,0.4813,0.1,0.5,0.0294,0.0515
Candace Cameron Bure,Mark Ballas,Actor/Actress,37,18,3,8.0,-0.8021,0.1,0.5,0.027,0.0606
Charlie White,Sharna Burgess,Athlete,26,18,3,9.0,0.4813,0.1,0.5,0.0385,0.0515
Danica McKellar,Valentin Chmerkovskiy,Actor/Actress,39,18,3,9.0,0.4813,0.1,0.5,0.0256,0.0606
Drew Carey,Cheryl Burke,Comedian,55,18,3,7.5,-1.4438,0.1,0.5,0.0182,-0.8619
James Maslow,Peta Murgatroyd,Actor/Actress,23,18,3,9.0,0.4813,0.1,0.5,0.0435,0.0606
Meryl Davis,Maksim Chmerkoskiy,Athlete,27,18,3,9.75,1.4438,0.1,0.5,0.037,0.0515
NeNe Leakes,Tony Dovolani,TV Personality,46,18,3,7.75,-1.123,0.1,0.5,0.0217,-0.1547
Amy Purdy,Derek Hough,Athlete,34,18,4,8.5,0.2415,0.1,0.5,0.0294,0.0515
Candace Cameron Bure,Mark Ballas,Actor/Actress,37,18,4,7.0,-1.6907,0.1,0.5,0.027,0.0606
Charlie White,Sharna Burgess,Athlete,26,18,4,8.25,-0.0805,0.1,0.5,0.0385,0.0515
Danica McKellar,Valentin Chmerkovskiy,Actor/Actress,39,18,4,8.0,-0.4025,0.1,0.5,0.0256,0.0606
Drew Carey,Cheryl Burke,Comedian,55,18,4,8.25,-0.0805,0.1,0.5,0.0182,-0.8619
James Maslow,Peta Murgatroyd,Actor/Actress,23,18,4,8.75,0.5636,0.1,0.5,0.0435,0.0606
Meryl Davis,Maksim Chmerkoskiy,Athlete,27,18,4,9.75,1.8517,0.1,0.5,0.037,0.0515
NeNe Leakes,Tony Dovolani,TV Personality,46,18,4,8.0,-0.4025,0.1,0.5,0.0217,-0.1547
Amy Purdy,Derek Hough,Athlete,34,18,5,9.25,0.2758,0.1,0.5,0.0294,0.0515
Candace Cameron Bure,Mark Ballas,Actor/Actress,37,18,5,8.75,-0.2758,0.1,0.5,0.027,0.0606
Charlie White,Sharna Burgess,Athlete,26,18,5,9.25,0.2758,0.1,0.5,0.0385,0.0515
Danica McKellar,Valentin Chmerkovskiy,Actor/Actress,39,18,5,9.75,0.8275,0.1,0.5,0.0256,0.0606
Drew Carey,Cheryl Burke,Comedian,55,18,5,7.0,-2.2067,0.1,0.5,0.0182,-0.8619
James Maslow,Peta Murgatroyd,Actor/Actress,23,18,5,10.0,1.1034,0.1,0.5,0.0435,0.0606
Meryl Davis,Maksim Chmerkoskiy,Athlete,27,18,5,9.0,0.0,0.1,0.5,0.037,0.0515
NeNe Leakes,Tony Dovolani,TV Personality,46,18,5,9.0,0.0,0.1,0.5,0.0217,-0.1547
Amy Purdy,Derek Hough,Athlete,34,18,6,9.5,0.9595,0.1,1.0,0.0294,0.0515
Candace Cameron Bure,Mark Ballas,Actor/Actress,37,18,6,8.0,-1.134,0.1,1.0,0.027,0.0606
Charlie White,Sharna Burgess,Athlete,26,18,6,9.0,0.2617,0.1,1.0,0.0385,0.0515
Danica McKellar,Valentin Chmerkovskiy,Actor/Actress,39,18,6,9.0,0.2617,0.1,1.0,0.0256,0.0606
Drew Carey,Cheryl Burke,Comedian,55,18,6,8.0,-1.134,0.0243,0.0,0.0182,-0.8619
James Maslow,Peta Murgatroyd,Actor/Actress,23,18,6,8.75,-0.0872,0.1,1.0,0.0435,0.0606
Meryl Davis,Maksim Chmerkoskiy,Athlete,27,18,6,10.0,1.6573,0.1,1.0,0.037,0.0515
NeNe Leakes,Tony Dovolani,TV Personality,46,18,6,8.25,-0.7851,0.1,1.0,0.0217,-0.1547
Amy Purdy,Derek Hough,Athlete,34,18,7,9.375,0.7031,0.1,1.0,0.0294,0.0515
Candace Cameron Bure,Mark Ballas,Actor/Actress,37,18,7,9.25,0.444,0.1,1.0,0.027,0.0606
Charlie White,Sharna Burgess,Athlete,26,18,7,8.875,-0.333,0.1,1.0,0.0385,0.0515
Danica McKellar,Valentin Chmerkovskiy,Actor/Actress,39,18,7,9.0,-0.074,0.1,1.0,0.0256,0.0606
James Maslow,Peta Murgatroyd,Actor/Actress,23,18,7,8.75,-0.5921,0.1,1.0,0.0435,0.0606
Meryl Davis,Maksim Chmerkoskiy,Athlete,27,18,7,9.75,1.4801,0.1,1.0,0.037,0.0515
NeNe Leakes,Tony Dovolani,TV Personality,46,18,7,8.25,-1.6281,0.0021,0.0,0.0217,-0.1547
Amy Purdy,Derek Hough,Athlete,34,18,8,10.0,1.1866,0.0654,1.0,0.0294,0.0515
Candace Cameron Bure,Mark Ballas,Actor/Actress,37,18,8,9.0,-0.8476,0.0654,1.0,0.027,0.0606
Charlie White,Sharna Burgess,Athlete,26,18,8,10.0,1.1866,0.0654,1.0,0.0385,0.0515
Danica McKellar,Valentin Chmerkovskiy,Actor/Actress,39,18,8,9.5,0.1695,-0.0,0.0,0.0256,0.0606
James Maslow,Peta Murgatroyd,Actor/Actress,23,18,8,9.0,-0.8476,0.0654,1.0,0.0435,0.0606
Meryl Davis,Maksim Chmerkoskiy,Athlete,27,18,8,9.0,-0.8476,0.0654,1.0,0.037,0.0515
Amy Purdy,Derek Hough,Athlete,34,18,9,9.75,0.5394,0.1,0.5,0.0294,0.0515
Candace Cameron Bure,Mark Ballas,Actor/Actress,37,18,9,9.0,-1.4832,0.1,0.5,0.027,0.0606
Charlie White,Sharna Burgess,Athlete,26,18,9,9.5,-0.1348,0.1,0.5,0.0385,0.0515
James Maslow,Peta Murgatroyd,Actor/Actress,23,18,9,9.5,-0.1348,0.1,0.5,0.0435,0.0606
Meryl Davis,Maksim Chmerkoskiy,Athlete,27,18,9,10.0,1.2136,0.1,0.5,0.037,0.0515
Amy Purdy,Derek Hough,Athlete,34,18,10,9.8889,0.5477,0.1,0.5,0.0294,0.0515
Candace Cameron Bure,Mark Ballas,Actor/Actress,37,18,10,8.6666,-1.4606,0.1,0.5,0.027,0.0606
James Maslow,Peta Murgatroyd,Actor/Actress,23,18,10,9.6667,0.1826,0.1,0.5,0.0435,0.0606
Meryl Davis,Maksim Chmerkoskiy,Athlete,27,18,10,10.0,0.7303,0.1,0.5,0.037,0.0515
Alfonso Ribeiro,Witney Carson,Actor/Actress,42,19,1,9.0,1.4018,0.0909,0.5,0.0238,0.0606
Bethany Mota,Derek Hough,Social Media Personality,18,19,1,8.0,0.5902,0.0909,0.5,0.0556,0.6099
Betsey Johnson,Tony Dovolani,Fashion Designer,72,19,1,5.0,-1.8445,0.0941,1.0,0.0139,-0.9531
Janel Parrish,Valentin Chmerkovskiy,Actor/Actress,25,19,1,7.25,-0.0184,0.0909,0.5,0.04,0.0606
Jonathan Bennett,Allison Holker,Actor/Actress,33,19,1,7.5,0.1845,0.0909,0.5,0.0303,0.0606
Lea Thompson,Artem Chigvintsev,Actor/Actress,53,19,1,8.0,0.5902,0.0909,0.5,0.0189,0.0606
Lolo Jones,Keo Motsepe,Athlete,32,19,1,5.5,-1.4387,0.0877,0.0,0.0312,0.0515
Michael Waltrip,Emma Slater,Racing Driver,51,19,1,6.25,-0.83,0.0909,0.5,0.0196,-1.3892
Randy Couture,Karina Smirnoff,Athlete,51,19,1,7.75,0.3874,0.0909,0.5,0.0196,0.0515
Sadie Robertson,Mark Ballas,TV Personality,17,19,1,8.5,0.996,0.0909,0.5,0.0588,-0.1547
Tavis Smiley,Sharna Burgess,Radio Personality,50,19,1,7.25,-0.0184,0.0909,0.5,0.02,-0.7504
Alfonso Ribeiro,Witney Carson,Actor/Actress,42,19,2,8.0,0.5047,0.0909,1.0,0.0238,0.0606
Bethany Mota,Derek Hough,Social Media Personality,18,19,2,8.25,0.8016,0.0909,1.0,0.0556,0.6099
Betsey Johnson,Tony Dovolani,Fashion Designer,72,19,2,7.0,-0.6829,0.0909,1.0,0.0139,-0.9531
Janel Parrish,Valentin Chmerkovskiy,Actor/Actress,25,19,2,8.5,1.0985,0.0909,1.0,0.04,0.0606
Jonathan Bennett,Allison Holker,Actor/Actress,33,19,2,7.5,-0.0891,0.0909,1.0,0.0303,0.0606
Lea Thompson,Artem Chigvintsev,Actor/Actress,53,19,2,8.75,1.3954,0.0909,1.0,0.0189,0.0606
Michael Waltrip,Emma Slater,Racing Driver,51,19,2,6.0,-1.8705,0.0909,1.0,0.0196,-1.3892
Randy Couture,Karina Smirnoff,Athlete,51,19,2,7.0,-0.6829,0.0909,1.0,0.0196,0.0515
Sadie Robertson,Mark Ballas,TV Personality,17,19,2,7.75,0.2078,0.0909,1.0,0.0588,-0.1547
Tavis Smiley,Sharna Burgess,Radio Personality,50,19,2,7.0,-0.6829,0.0447,0.0,0.02,-0.7504
Alfonso Ribeiro,Witney Carson,Actor/Actress,42,19,3,8.0,-0.0457,0.0909,1.0,0.0238,0.0606
Bethany Mota,Derek Hough,Social Media Personality,18,19,3,10.0,1.5978,0.0909,1.0,0.0556,0.6099
Betsey Johnson,Tony Dovolani,Fashion Designer,72,19,3,7.25,-0.662,0.0909,1.0,0.0139,-0.9531
Janel Parrish,Valentin Chmerkovskiy,Actor/Actress,25,19,3,10.0,1.5978,0.0909,1.0,0.04,0.0606
Jonathan Bennett,Allison Holker,Actor/Actress,33,19,3,8.0,-0.0457,0.0909,1.0,0.0303,0.0606
Lea Thompson,Artem Chigvintsev,Actor/Actress,53,19,3,7.75,-0.2511,0.0909,1.0,0.0189,0.0606
Michael Waltrip,Emma Slater,Racing Driver,51,19,3,7.0,-0.8674,0.0909,1.0,0.0196,-1.3892
Randy Couture,Karina Smirnoff,Athlete,51,19,3,6.5,-1.2783,0.0311,0.0,0.0196,0.0515
Sadie Robertson,Mark Ballas,TV Personality,17,19,3,8.0,-0.0457,0.0909,1.0,0.0588,-0.1547
Alfonso Ribeiro,Witney Carson,Actor/Actress,42,19,4,10.0,1.1454,0.0909,1.0,0.0238,0.0606
Bethany Mota,Derek Hough,Social Media Personality,18,19,4,8.25,0.0201,0.0909,1.0,0.0556,0.6099
Betsey Johnson,Tony Dovolani,Fashion Designer,72,19,4,7.25,-0.6229,0.0081,0.0,0.0139,-0.9531
Janel Parrish,Valentin Chmerkovskiy,Actor/Actress,25,19,4,9.0,0.5024,0.0909,1.0,0.04,0.0606
Jonathan Bennett,Allison Holker,Actor/Actress,33,19,4,6.0,-1.4267,0.0909,1.0,0.0303,0.0606
Lea Thompson,Artem Chigvintsev,Actor/Actress,53,19,4,9.75,0.9846,0.0909,1.0,0.0189,0.0606
Michael Waltrip,Emma Slater,Racing Driver,51,19,4,6.25,-1.2659,0.0909,1.0,0.0196,-1.3892
Sadie Robertson,Mark Ballas,TV Personality,17,19,4,9.25,0.6631,0.0909,1.0,0.0588,-0.1547
Alfonso Ribeiro,Witney Carson,Actor/Actress,42,19,5,8.5,0.5956,0.0909,0.5,0.0238,0.0606
Bethany Mota,Derek Hough,Social Media Personality,18,19,5,8.0,0.2621,0.0909,0.5,0.0556,0.6099
Janel Parrish,Valentin Chmerkovskiy,Actor/Actress,25,19,5,8.25,0.4289,0.0909,0.5,0.04,0.0606
Jonathan Bennett,Allison Holker,Actor/Actress,33,19,5,6.0,-1.0721,0.0909,0.5,0.0303,0.0606
Lea Thompson,Artem Chigvintsev,Actor/Actress,53,19,5,8.5,0.5956,0.0909,0.5,0.0189,0.0606
Michael Waltrip,Emma Slater,Racing Driver,51,19,5,5.0,-1.7392,0.0909,0.5,0.0196,-1.3892
Sadie Robertson,Mark Ballas,TV Personality,17,19,5,9.0,0.9292,0.0909,0.5,0.0588,-0.1547
Alfonso Ribeiro,Witney Carson,Actor/Actress,42,19,6,9.75,1.7008,0.0766,1.0,0.0238,0.0606
Bethany Mota,Derek Hough,Social Media Personality,18,19,6,9.0,0.7087,0.0766,1.0,0.0556,0.6099
Janel Parrish,Valentin Chmerkovskiy,Actor/Actress,25,19,6,8.25,-0.2835,0.0766,1.0,0.04,0.0606
Jonathan Bennett,Allison Holker,Actor/Actress,33,19,6,8.0,-0.6142,-0.0,0.0,0.0303,0.0606
Lea Thompson,Artem Chigvintsev,Actor/Actress,53,19,6,8.0,-0.6142,0.0766,1.0,0.0189,0.0606
Michael Waltrip,Emma Slater,Racing Driver,51,19,6,7.5,-1.2756,0.0766,1.0,0.0196,-1.3892
Sadie Robertson,Mark Ballas,TV Personality,17,19,6,8.75,0.378,0.0766,1.0,0.0588,-0.1547
Alfonso Ribeiro,Witney Carson,Actor/Actress,42,19,7,8.5,0.2528,0.0909,0.5,0.0238,0.0606
Bethany Mota,Derek Hough,Social Media Personality,18,19,7,9.375,1.3145,0.0909,0.5,0.0556,0.6099
Janel Parrish,Valentin Chmerkovskiy,Actor/Actress,25,19,7,8.375,0.1011,0.0909,0.5,0.04,0.0606
Lea Thompson,Artem Chigvintsev,Actor/Actress,53,19,7,8.75,0.5562,0.0909,0.5,0.0189,0.0606
Michael Waltrip,Emma Slater,Racing Driver,51,19,7,7.0,-1.5673,0.0909,0.5,0.0196,-1.3892
Sadie Robertson,Mark Ballas,TV Personality,17,19,7,7.75,-0.6573,0.0909,0.5,0.0588,-0.1547
Alfonso Ribeiro,Witney Carson,Actor/Actress,42,19,8,10.25,0.6642,0.0857,1.0,0.0238,0.0606
Bethany Mota,Derek Hough,Social Media Personality,18,19,8,10.0,0.5166,0.0857,1.0,0.0556,0.6099
Janel Parrish,Valentin Chmerkovskiy,Actor/Actress,25,19,8,10.75,0.9594,0.0857,1.0,0.04,0.0606
Lea Thompson,Artem Chigvintsev,Actor/Actress,53,19,8,8.0,-0.6642,0.0857,1.0,0.0189,0.0606
Michael Waltrip,Emma Slater,Racing Driver,51,19,8,6.25,-1.6974,-0.0,0.0,0.0196,-1.3892
Sadie Robertson,Mark Ballas,TV Personality,17,19,8,9.5,0.2214,0.0857,1.0,0.0588,-0.1547
Alfonso Ribeiro,Witney Carson,Actor/Actress,42,19,9,9.625,0.9493,0.0909,0.5,0.0238,0.0606
Bethany Mota,Derek Hough,Social Media Personality,18,19,9,9.25,-0.0678,0.0909,0.5,0.0556,0.6099
Janel Parrish,Valentin Chmerkovskiy,Actor/Actress,25,19,9,9.625,0.9493,0.0909,0.5,0.04,0.0606
Lea Thompson,Artem Chigvintsev,Actor/Actress,53,19,9,8.75,-1.4239,0.0909,0.5,0.0189,0.0606
Sadie Robertson,Mark Ballas,TV Personality,17,19,9,9.125,-0.4068,0.0909,0.5,0.0588,-0.1547
Alfonso Ribeiro,Witney Carson,Actor/Actress,42,19,10,9.375,-0.4392,0.0909,0.5,0.0238,0.0606
Bethany Mota,Derek Hough,Social Media Personality,18,19,10,9.5,0.1464,0.0909,0.5,0.0556,0.6099
Janel Parrish,Valentin Chmerkovskiy,Actor/Actress,25,19,10,9.75,1.3175,0.0909,0.5,0.04,0.0606
Sadie Robertson,Mark Ballas,TV Personality,17,19,10,9.25,-1.0247,0.0909,0.5,0.0588,-0.1547
Alfonso Ribeiro,Witney Carson,Actor/Actress,42,19,11,10.0,1.1001,0.0909,0.5,0.0238,0.0606
Bethany Mota,Derek Hough,Social Media Personality,18,19,11,9.5,-1.2999,0.0909,0.5,0.0556,0.6099
Janel Parrish,Valentin Chmerkovskiy,Actor/Actress,25,19,11,9.75,-0.1001,0.0909,0.5,0.04,0.0606
Sadie Robertson,Mark Ballas,TV Personality,17,19,11,9.8333,0.2999,0.0909,0.5,0.0588,-0.1547
Charlotte McKinney,Keo Motsepe,Model,21,20,1,5.5,-1.2247,0.1,0.5,0.0476,-0.1784
Chris Soules,Witney Carson,TV Personality,33,20,1,6.5,0.0,0.1,0.5,0.0303,-0.1547
Michael Sam,Peta Murgatroyd,Athlete,25,20,1,6.5,0.0,0.1,0.5,0.04,0.0515
Noah Galloway,Sharna Burgess,Motivational Speaker,33,20,1,6.5,0.0,0.1,0.5,0.0303,-0.4129
Patti LaBelle,Artem Chigvintsev,Singer/Rapper,70,20,1,6.25,-0.3062,0.1,0.5,0.0143,0.1573
Redfoo,Emma Slater,Singer/Rapper,39,20,1,5.5,-1.2247,0.1,0.5,0.0256,0.1573
Riker Lynch,Allison Holker,Actor/Actress,23,20,1,7.75,1.5309,0.1,0.5,0.0435,0.0606
Rumer Willis,Valentin Chmerkovskiy,Actor/Actress,26,20,1,8.0,1.8371,0.1,0.5,0.0385,0.0606
Suzanne Somers,Tony Dovolani,Actor/Actress,68,20,1,6.25,-0.3062,0.1,0.5,0.0147,0.0606
Willow Shields,Mark Ballas,Actor/Actress,14,20,1,6.25,-0.3062,0.1,0.5,0.0714,0.0606
Charlotte McKinney,Keo Motsepe,Model,21,20,2,6.5,-0.72,0.1,0.5014,0.0476,-0.1784
Chris Soules,Witney Carson,TV Personality,33,20,2,5.25,-2.1601,0.1176,1.0,0.0303,-0.1547
Michael Sam,Peta Murgatroyd,Athlete,25,20,2,7.0,-0.144,0.1,0.5005,0.04,0.0515
Noah Galloway,Sharna Burgess,Motivational Speaker,33,20,2,6.75,-0.432,0.1,0.5005,0.0303,-0.4129
Patti LaBelle,Artem Chigvintsev,Singer/Rapper,70,20,2,7.0,-0.144,0.1,0.5005,0.0143,0.1573
Redfoo,Emma Slater,Singer/Rapper,39,20,2,7.75,0.72,0.0824,0.0,0.0256,0.1573
Riker Lynch,Allison Holker,Actor/Actress,23,20,2,8.0,1.008,0.1,0.5005,0.0435,0.0606
Rumer Willis,Valentin Chmerkovskiy,Actor/Actress,26,20,2,8.0,1.008,0.1,0.5005,0.0385,0.0606
Suzanne Somers,Tony Dovolani,Actor/Actress,68,20,2,7.0,-0.144,0.1,0.5005,0.0147,0.0606
Willow Shields,Mark Ballas,Actor/Actress,14,20,2,8.0,1.008,0.1,0.5005,0.0714,0.0606
Charlotte McKinney,Keo Motsepe,Model,21,20,3,5.5,-1.2264,0.056,0.0,0.0476,-0.1784
Chris Soules,Witney Carson,TV Personality,33,20,3,7.0,0.0472,0.1,1.0,0.0303,-0.1547
Michael Sam,Peta Murgatroyd,Athlete,25,20,3,6.0,-0.8019,0.1,1.0,0.04,0.0515
Noah Galloway,Sharna Burgess,Motivational Speaker,33,20,3,7.5,0.4717,0.1,1.0,0.0303,-0.4129
Patti LaBelle,Artem Chigvintsev,Singer/Rapper,70,20,3,5.5,-1.2264,0.1,1.0,0.0143,0.1573
Riker Lynch,Allison Holker,Actor/Actress,23,20,3,8.5,1.3208,0.1,1.0,0.0435,0.0606
Rumer Willis,Valentin Chmerkovskiy,Actor/Actress,26,20,3,8.25,1.1085,0.1,1.0,0.0385,0.0606
Suzanne Somers,Tony Dovolani,Actor/Actress,68,20,3,6.25,-0.5896,0.1,1.0,0.0147,0.0606
Willow Shields,Mark Ballas,Actor/Actress,14,20,3,8.0,0.8962,0.1,1.0,0.0714,0.0606
Chris Soules,Witney Carson,TV Personality,33,20,4,6.75,-1.2249,0.1,1.0,0.0303,-0.1547
Michael Sam,Peta Murgatroyd,Athlete,25,20,4,7.5,-0.4711,0.0215,0.0,0.04,0.0515
Noah Galloway,Sharna Burgess,Motivational Speaker,33,20,4,8.0,0.0314,0.1,1.0,0.0303,-0.4129
Patti LaBelle,Artem Chigvintsev,Singer/Rapper,70,20,4,7.5,-0.4711,0.1,1.0,0.0143,0.1573
Riker Lynch,Allison Holker,Actor/Actress,23,20,4,8.5,0.5339,0.1,1.0,0.0435,0.0606
Rumer Willis,Valentin Chmerkovskiy,Actor/Actress,26,20,4,8.75,0.7852,0.1,1.0,0.0385,0.0606
Suzanne Somers,Tony Dovolani,Actor/Actress,68,20,4,7.0,-0.9737,0.1,1.0,0.0147,0.0606
Willow Shields,Mark Ballas,Actor/Actress,14,20,4,9.75,1.7903,0.1,1.0,0.0714,0.0606
Chris Soules,Witney Carson,TV Personality,33,20,5,6.75,-0.8595,0.1,1.0,0.0303,-0.1547
Noah Galloway,Sharna Burgess,Motivational Speaker,33,20,5,7.0,-0.6715,0.1,1.0,0.0303,-0.4129
Patti LaBelle,Artem Chigvintsev,Singer/Rapper,70,20,5,6.75,-0.8595,0.1,1.0,0.0143,0.1573
Riker Lynch,Allison Holker,Actor/Actress,23,20,5,9.5,1.2087,0.1,1.0,0.0435,0.0606
Rumer Willis,Valentin Chmerkovskiy,Actor/Actress,26,20,5,9.75,1.3968,0.1,1.0,0.0385,0.0606
Suzanne Somers,Tony Dovolani,Actor/Actress,68,20,5,7.0,-0.6715,0.0049,0.0,0.0147,0.0606
Willow Shields,Mark Ballas,Actor/Actress,14,20,5,8.5,0.4566,0.1,1.0,0.0714,0.0606
Chris Soules,Witney Carson,TV Personality,33,20,6,8.75,-0.3227,0.0722,1.0,0.0303,-0.1547
Noah Galloway,Sharna Burgess,Motivational Speaker,33,20,6,8.5,-0.9682,0.0722,1.0,0.0303,-0.4129
Patti LaBelle,Artem Chigvintsev,Singer/Rapper,70,20,6,8.5,-0.9682,-0.0,0.0,0.0143,0.1573
Riker Lynch,Allison Holker,Actor/Actress,23,20,6,9.5,1.6137,0.0722,1.0,0.0435,0.0606
Rumer Willis,Valentin Chmerkovskiy,Actor/Actress,26,20,6,8.875,0.0,0.0722,1.0,0.0385,0.0606
Willow Shields,Mark Ballas,Actor/Actress,14,20,6,9.125,0.6455,0.0722,1.0,0.0714,0.0606
Chris Soules,Witney Carson,TV Personality,33,20,7,7.75,-1.725,0.1,0.5,0.0303,-0.1547
Noah Galloway,Sharna Burgess,Motivational Speaker,33,20,7,9.5,0.5111,0.1,0.5,0.0303,-0.4129
Riker Lynch,Allison Holker,Actor/Actress,23,20,7,9.25,0.1917,0.1,0.5,0.0435,0.0606
Rumer Willis,Valentin Chmerkovskiy,Actor/Actress,26,20,7,9.25,0.1917,0.1,0.5,0.0385,0.0606
Willow Shields,Mark Ballas,Actor/Actress,14,20,7,9.75,0.8305,0.1,0.5,0.0714,0.0606
Chris Soules,Witney Carson,TV Personality,33,20,8,8.0,-0.806,0.1,0.5,0.0303,-0.1547
Noah Galloway,Sharna Burgess,Motivational Speaker,33,20,8,7.875,-0.9171,0.1,0.5,0.0303,-0.4129
Riker Lynch,Allison Holker,Actor/Actress,23,20,8,9.75,0.7504,0.1,0.5,0.0435,0.0606
Rumer Willis,Valentin Chmerkovskiy,Actor/Actress,26,20,8,10.0,0.9727,0.1,0.5,0.0385,0.0606
Noah Galloway,Sharna Burgess,Motivational Speaker,33,20,9,9.5,-1.0,0.1,0.5,0.0303,-0.4129
Riker Lynch,Allison Holker,Actor/Actress,23,20,9,10.0,1.0,0.1,0.5,0.0435,0.0606
Rumer Willis,Valentin Chmerkovskiy,Actor/Actress,26,20,9,9.75,0.0,0.1,0.5,0.0385,0.0606
Noah Galloway,Sharna Burgess,Motivational Speaker,33,20,10,9.0,-1.1547,0.1,0.5,0.0303,-0.4129
Riker Lynch,Allison Holker,Actor/Actress,23,20,10,10.0,0.5774,0.1,0.5,0.0435,0.0606
Rumer Willis,Valentin Chmerkovskiy,Actor/Actress,26,20,10,10.0,0.5774,0.1,0.5,0.0385,0.0606
Alek Skarlatos,Lindsay Arnold,Military,22,21,1,7.3333,0.6307,0.0909,0.5,0.0455,-0.3565
Alexa PenaVega,Mark Ballas,Actor/Actress,27,21,1,7.3333,0.6307,0.0909,0.5,0.037,0.0606
Andy Grammer,Allison Holker,Singer/Rapper,31,21,1,7.0,0.4069,0.0909,0.5,0.0323,0.1573
Carlos PenaVega,Witney Carson,Actor/Actress,26,21,1,7.6667,0.8545,0.0909,0.5,0.0385,0.0606
Chaka Khan,Keo Motsepe,Singer/Rapper,62,21,1,4.3333,-1.3836,0.0909,0.5,0.0161,0.1573
Gary Busey,Anna Trebunskaya,Actor/Actress,71,21,1,5.0,-0.9359,0.0909,0.5,0.0141,0.0606
Hayes Grier,Emma Slater,Social Media Personality,15,21,1,7.0,0.4069,0.0909,0.5,0.0667,0.6099
Kim Zolciak-Biermann,Tony Dovolani,TV Personality,37,21,1,4.0,-1.6074,0.0909,0.5,0.027,-0.1547
Nick Carter,Sharna Burgess,Singer/Rapper,35,21,1,8.0,1.0784,0.0909,0.5,0.0286,0.1573
Paula Deen,Louis van Amstel,TV Personality,68,21,1,5.0,-0.9359,0.0909,0.5,0.0147,-0.1547
Tamar Braxton,Valentin Chmerkovskiy,Singer/Rapper,38,21,1,7.6667,0.8545,0.0909,0.5,0.0263,0.1573
Alek Skarlatos,Lindsay Arnold,Military,22,21,2,7.5,0.5776,0.0909,0.5,0.0455,-0.3565
Alexa PenaVega,Mark Ballas,Actor/Actress,27,21,2,7.6667,0.7406,0.0909,0.5,0.037,0.0606
Andy Grammer,Allison Holker,Singer/Rapper,31,21,2,7.3333,0.4147,0.0909,0.5,0.0323,0.1573
Carlos PenaVega,Witney Carson,Actor/Actress,26,21,2,7.5,0.5776,0.0909,0.5,0.0385,0.0606
Chaka Khan,Keo Motsepe,Singer/Rapper,62,21,2,5.0,-1.8662,0.0909,0.5,0.0161,0.1573
Gary Busey,Anna Trebunskaya,Actor/Actress,71,21,2,5.5,-1.3775,0.0909,0.5,0.0141,0.0606
Hayes Grier,Emma Slater,Social Media Personality,15,21,2,7.5,0.5776,0.0909,0.5,0.0667,0.6099
Kim Zolciak-Biermann,Tony Dovolani,TV Personality,37,21,2,6.1667,-0.7258,0.0909,0.5,0.027,-0.1547
Nick Carter,Sharna Burgess,Singer/Rapper,35,21,2,7.5,0.5776,0.0909,0.5,0.0286,0.1573
Paula Deen,Louis van Amstel,TV Personality,68,21,2,6.1667,-0.7258,0.0909,0.5,0.0147,-0.1547
Tamar Braxton,Valentin Chmerkovskiy,Singer/Rapper,38,21,2,8.1667,1.2293,0.0909,0.5,0.0263,0.1573
Alek Skarlatos,Lindsay Arnold,Military,22,21,3,8.25,0.5132,0.0909,0.5,0.0455,-0.3565
Alexa PenaVega,Mark Ballas,Actor/Actress,27,21,3,9.0,1.0906,0.0909,0.5,0.037,0.0606
Andy Grammer,Allison Holker,Singer/Rapper,31,21,3,7.25,-0.2566,0.0909,0.5,0.0323,0.1573
Carlos PenaVega,Witney Carson,Actor/Actress,26,21,3,7.75,0.1283,0.0909,0.5,0.0385,0.0606
Gary Busey,Anna Trebunskaya,Actor/Actress,71,21,3,6.25,-1.0264,0.0909,0.5,0.0141,0.0606
Hayes Grier,Emma Slater,Social Media Personality,15,21,3,7.5,-0.0642,0.0909,0.5,0.0667,0.6099
Nick Carter,Sharna Burgess,Singer/Rapper,35,21,3,9.0,1.0906,0.0909,0.5,0.0286,0.1573
Paula Deen,Louis van Amstel,TV Personality,68,21,3,5.0,-1.9887,0.0909,0.5,0.0147,-0.1547
Tamar Braxton,Valentin Chmerkovskiy,Singer/Rapper,38,21,3,8.25,0.5132,0.0909,0.5,0.0263,0.1573
Alek Skarlatos,Lindsay Arnold,Military,22,21,4,8.0,0.2198,0.0909,1.0,0.0455,-0.3565
Alexa PenaVega,Mark Ballas,Actor/Actress,27,21,4,7.0,-0.5219,0.0909,1.0,0.037,0.0606
Andy Grammer,Allison Holker,Singer/Rapper,31,21,4,7.6667,-0.0275,0.0909,1.0,0.0323,0.1573
Carlos PenaVega,Witney Carson,Actor/Actress,26,21,4,8.3333,0.467,0.0909,1.0,0.0385,0.0606
Gary Busey,Anna Trebunskaya,Actor/Actress,71,21,4,5.3333,-1.758,0.0396,0.0,0.0141,0.0606
Hayes Grier,Emma Slater,Social Media Personality,15,21,4,9.0,0.9614,0.0909,1.0,0.0667,0.6099
Nick Carter,Sharna Burgess,Singer/Rapper,35,21,4,9.0,0.9614,0.0909,1.0,0.0286,0.1573
Paula Deen,Louis van Amstel,TV Personality,68,21,4,6.0,-1.2636,0.0909,1.0,0.0147,-0.1547
Tamar Braxton,Valentin Chmerkovskiy,Singer/Rapper,38,21,4,9.0,0.9614,0.0909,1.0,0.0263,0.1573
Alek Skarlatos,Lindsay Arnold,Military,22,21,5,7.25,-0.7718,0.0909,0.5,0.0455,-0.3565
Alexa PenaVega,Mark Ballas,Actor/Actress,27,21,5,10.0,1.3507,0.0909,0.5,0.037,0.0606
Andy Grammer,Allison Holker,Singer/Rapper,31,21,5,9.0,0.5789,0.0909,0.5,0.0323,0.1573
Carlos PenaVega,Witney Carson,Actor/Actress,26,21,5,9.75,1.1578,0.0909,0.5,0.0385,0.0606
Hayes Grier,Emma Slater,Social Media Personality,15,21,5,7.5,-0.5789,0.0909,0.5,0.0667,0.6099
Nick Carter,Sharna Burgess,Singer/Rapper,35,21,5,8.75,0.3859,0.0909,0.5,0.0286,0.1573
Paula Deen,Louis van Amstel,TV Personality,68,21,5,6.5,-1.3507,0.0909,0.5,0.0147,-0.1547
Tamar Braxton,Valentin Chmerkovskiy,Singer/Rapper,38,21,5,7.25,-0.7718,0.0909,0.5,0.0263,0.1573
Alek Skarlatos,Lindsay Arnold,Military,22,21,6,7.5,-0.6918,0.0909,1.0,0.0455,-0.3565
Alexa PenaVega,Mark Ballas,Actor/Actress,27,21,6,7.5,-0.6918,0.0909,1.0,0.037,0.0606
Andy Grammer,Allison Holker,Singer/Rapper,31,21,6,10.0,0.9853,0.0909,1.0,0.0323,0.1573
Carlos PenaVega,Witney Carson,Actor/Actress,26,21,6,9.5,0.6499,0.0909,1.0,0.0385,0.0606
Hayes Grier,Emma Slater,Social Media Personality,15,21,6,8.0,-0.3564,0.0909,1.0,0.0667,0.6099
Nick Carter,Sharna Burgess,Singer/Rapper,35,21,6,9.75,0.8176,0.0909,1.0,0.0286,0.1573
Paula Deen,Louis van Amstel,TV Personality,68,21,6,6.0,-1.6981,0.0249,0.0,0.0147,-0.1547
Tamar Braxton,Valentin Chmerkovskiy,Singer/Rapper,38,21,6,10.0,0.9853,0.0909,1.0,0.0263,0.1573
Alek Skarlatos,Lindsay Arnold,Military,22,21,7,8.8333,-1.5285,0.0694,1.0,0.0455,-0.3565
Alexa PenaVega,Mark Ballas,Actor/Actress,27,21,7,9.1667,0.1176,0.0694,1.0,0.037,0.0606
Andy Grammer,Allison Holker,Singer/Rapper,31,21,7,9.3333,0.9406,0.0694,1.0,0.0323,0.1573
Carlos PenaVega,Witney Carson,Actor/Actress,26,21,7,9.3333,0.9406,0.0694,1.0,0.0385,0.0606
Hayes Grier,Emma Slater,Social Media Personality,15,21,7,9.3333,0.9406,-0.0,0.0,0.0667,0.6099
Nick Carter,Sharna Burgess,Singer/Rapper,35,21,7,9.0,-0.7055,0.0694,1.0,0.0286,0.1573
Tamar Braxton,Valentin Chmerkovskiy,Singer/Rapper,38,21,7,9.0,-0.7055,0.0694,1.0,0.0263,0.1573
Alek Skarlatos,Lindsay Arnold,Military,22,21,8,8.3333,-0.8322,0.0553,1.0,0.0455,-0.3565
Alexa PenaVega,Mark Ballas,Actor/Actress,27,21,8,8.9999,-0.2081,0.0553,1.0,0.037,0.0606
Andy Grammer,Allison Holker,Singer/Rapper,31,21,8,7.9999,-1.1444,-0.0,0.0,0.0323,0.1573
Carlos PenaVega,Witney Carson,Actor/Actress,26,21,8,9.6666,0.4161,0.0553,1.0,0.0385,0.0606
Nick Carter,Sharna Burgess,Singer/Rapper,35,21,8,11.0,1.6645,0.0553,1.0,0.0286,0.1573
Tamar Braxton,Valentin Chmerkovskiy,Singer/Rapper,38,21,8,9.3333,0.1041,0.0553,1.0,0.0263,0.1573
Alek Skarlatos,Lindsay Arnold,Military,22,21,9,8.5,-0.6655,0.0909,0.5,0.0455,-0.3565
Alexa PenaVega,Mark Ballas,Actor/Actress,27,21,9,10.0,1.4737,0.0909,0.5,0.037,0.0606
Carlos PenaVega,Witney Carson,Actor/Actress,26,21,9,9.0,0.0475,0.0909,0.5,0.0385,0.0606
Nick Carter,Sharna Burgess,Singer/Rapper,35,21,9,9.1667,0.2852,0.0909,0.5,0.0286,0.1573
Tamar Braxton,Valentin Chmerkovskiy,Singer/Rapper,38,21,9,8.1667,-1.1409,0.0909,0.5,0.0263,0.1573
Alek Skarlatos,Lindsay Arnold,Military,22,21,10,9.5,-0.2182,0.0909,0.5,0.0455,-0.3565
Carlos PenaVega,Witney Carson,Actor/Actress,26,21,10,10.5,1.0911,0.0909,0.5,0.0385,0.0606
Nick Carter,Sharna Burgess,Singer/Rapper,35,21,10,9.0,-0.8729,0.0909,0.5,0.0286,0.1573
Alek Skarlatos,Lindsay Arnold,Military,22,21,11,9.3333,-1.1547,0.0909,0.5,0.0455,-0.3565
Carlos PenaVega,Witney Carson,Actor/Actress,26,21,11,10.0,0.5774,0.0909,0.5,0.0385,0.0606
Nick Carter,Sharna Burgess,Singer/Rapper,35,21,11,10.0,0.5774,0.0909,0.5,0.0286,0.1573
Antonio Brown,Sharna Burgess,Athlete,27,22,1,7.0,0.2807,0.0909,0.5,0.037,0.0515
Doug Flutie,Karina Smirnoff,Athlete,53,22,1,5.0,-1.5718,0.0909,0.5,0.0189,0.0515
Geraldo Rivera,Edyta Sliwinska,Journalist,72,22,1,4.3333,-2.1892,0.0909,0.5,0.0139,-2.3114
Ginger Zee,Valentin Chmerkovskiy,News Anchor,35,22,1,7.6667,0.8982,0.0909,0.5,0.0286,-0.194
Jodie Sweetin,Keo Motsepe,Actor/Actress,34,22,1,6.6667,-0.0281,0.0909,0.5,0.0294,0.0606
Kim Fields,Sasha Farber,Actor/Actress,46,22,1,6.6667,-0.0281,0.0909,0.5,0.0217,0.0606
Marla Maples,Tony Dovolani,TV Personality,52,22,1,7.0,0.2807,0.0909,0.5,0.0192,-0.1547
Nyle DiMarco,Peta Murgatroyd,Model,26,22,1,7.6667,0.8982,0.0909,0.5,0.0385,-0.1784
Paige VanZant,Mark Ballas,Athlete,22,22,1,7.0,0.2807,0.0909,0.5,0.0455,0.0515
Von Miller,Witney Carson,Athlete,27,22,1,7.0,0.2807,0.0909,0.5,0.037,0.0515
Wanya Morris,Lindsay Arnold,Singer/Rapper,42,22,1,7.6667,0.8982,0.0909,0.5,0.0238,0.1573
Antonio Brown,Sharna Burgess,Athlete,27,22,2,6.3333,-0.3744,0.0909,0.5,0.037,0.0515
Doug Flutie,Karina Smirnoff,Athlete,53,22,2,6.6667,-0.0312,0.0909,0.5,0.0189,0.0515
Geraldo Rivera,Edyta Sliwinska,Journalist,72,22,2,4.3333,-2.4335,0.0909,0.5,0.0139,-2.3114
Ginger Zee,Valentin Chmerkovskiy,News Anchor,35,22,2,7.0,0.312,0.0909,0.5,0.0286,-0.194
Jodie Sweetin,Keo Motsepe,Actor/Actress,34,22,2,7.0,0.312,0.0909,0.5,0.0294,0.0606
Kim Fields,Sasha Farber,Actor/Actress,46,22,2,6.3333,-0.3744,0.0909,0.5,0.0217,0.0606
Marla Maples,Tony Dovolani,TV Personality,52,22,2,6.6667,-0.0312,0.0909,0.5,0.0192,-0.1547
Nyle DiMarco,Peta Murgatroyd,Model,26,22,2,6.6667,-0.0312,0.0909,0.5,0.0385,-0.1784
Paige VanZant,Mark Ballas,Athlete,22,22,2,8.0,1.3415,0.0909,0.5,0.0455,0.0515
Von Miller,Witney Carson,Athlete,27,22,2,6.6667,-0.0312,0.0909,0.5,0.037,0.0515
Wanya Morris,Lindsay Arnold,Singer/Rapper,42,22,2,8.0,1.3415,0.0909,0.5,0.0238,0.1573
Antonio Brown,Sharna Burgess,Athlete,27,22,3,6.6667,-1.0603,0.0909,0.5,0.037,0.0515
Doug Flutie,Karina Smirnoff,Athlete,53,22,3,6.6667,-1.0603,0.0909,0.5,0.0189,0.0515
Ginger Zee,Valentin Chmerkovskiy,News Anchor,35,22,3,7.0,-0.5022,0.0909,0.5,0.0286,-0.194
Jodie Sweetin,Keo Motsepe,Actor/Actress,34,22,3,7.6667,0.6139,0.0909,0.5,0.0294,0.0606
Kim Fields,Sasha Farber,Actor/Actress,46,22,3,7.3333,0.0558,0.0909,0.5,0.0217,0.0606
Marla Maples,Tony Dovolani,TV Personality,52,22,3,7.0,-0.5022,0.0909,0.5,0.0192,-0.1547
Nyle DiMarco,Peta Murgatroyd,Model,26,22,3,8.3333,1.73,0.0909,0.5,0.0385,-0.1784
Paige VanZant,Mark Ballas,Athlete,22,22,3,7.6667,0.6139,0.0909,0.5,0.0455,0.0515
Von Miller,Witney Carson,Athlete,27,22,3,6.6667,-1.0603,0.0909,0.5,0.037,0.0515
Wanya Morris,Lindsay Arnold,Singer/Rapper,42,22,3,8.0,1.1719,0.0909,0.5,0.0238,0.1573
Antonio Brown,Sharna Burgess,Athlete,27,22,4,8.75,0.7378,0.0909,1.0,0.037,0.0515
Doug Flutie,Karina Smirnoff,Athlete,53,22,4,6.0,-1.8801,0.0909,1.0,0.0189,0.0515
Ginger Zee,Valentin Chmerkovskiy,News Anchor,35,22,4,9.0,0.9758,0.0909,1.0,0.0286,-0.194
Jodie Sweetin,Keo Motsepe,Actor/Actress,34,22,4,6.75,-1.1662,0.0909,1.0,0.0294,0.0606
Kim Fields,Sasha Farber,Actor/Actress,46,22,4,8.0,0.0238,0.0909,1.0,0.0217,0.0606
Marla Maples,Tony Dovolani,TV Personality,52,22,4,7.0,-0.9282,0.047,0.0,0.0192,-0.1547
Nyle DiMarco,Peta Murgatroyd,Model,26,22,4,8.5,0.4998,0.0909,1.0,0.0385,-0.1784
Paige VanZant,Mark Ballas,Athlete,22,22,4,9.0,0.9758,0.0909,1.0,0.0455,0.0515
Von Miller,Witney Carson,Athlete,27,22,4,8.0,0.0238,0.0909,1.0,0.037,0.0515
Wanya Morris,Lindsay Arnold,Singer/Rapper,42,22,4,8.75,0.7378,0.0909,1.0,0.0238,0.1573
Antonio Brown,Sharna Burgess,Athlete,27,22,5,6.5,-1.3199,0.0909,0.5,0.037,0.0515
Doug Flutie,Karina Smirnoff,Athlete,53,22,5,7.0,-0.7542,0.0909,0.5,0.0189,0.0515
Ginger Zee,Valentin Chmerkovskiy,News Anchor,35,22,5,8.0,0.3771,0.0909,0.5,0.0286,-0.194
Jodie Sweetin,Keo Motsepe,Actor/Actress,34,22,5,8.75,1.2257,0.0909,0.5,0.0294,0.0606
Kim Fields,Sasha Farber,Actor/Actress,46,22,5,7.0,-0.7542,0.0909,0.5,0.0217,0.0606
Nyle DiMarco,Peta Murgatroyd,Model,26,22,5,9.25,1.7913,0.0909,0.5,0.0385,-0.1784
Paige VanZant,Mark Ballas,Athlete,22,22,5,7.75,0.0943,0.0909,0.5,0.0455,0.0515
Von Miller,Witney Carson,Athlete,27,22,5,7.25,-0.4714,0.0909,0.5,0.037,0.0515
Wanya Morris,Lindsay Arnold,Singer/Rapper,42,22,5,7.5,-0.1886,0.0909,0.5,0.0238,0.1573
Antonio Brown,Sharna Burgess,Athlete,27,22,6,9.0,0.7292,0.0909,1.0,0.037,0.0515
Doug Flutie,Karina Smirnoff,Athlete,53,22,6,7.0,-1.7318,0.0292,0.0,0.0189,0.0515
Ginger Zee,Valentin Chmerkovskiy,News Anchor,35,22,6,8.0,-0.5013,0.0909,1.0,0.0286,-0.194
Jodie Sweetin,Keo Motsepe,Actor/Actress,34,22,6,8.3333,-0.0911,0.0909,1.0,0.0294,0.0606
Kim Fields,Sasha Farber,Actor/Actress,46,22,6,8.0,-0.5013,0.0909,1.0,0.0217,0.0606
Nyle DiMarco,Peta Murgatroyd,Model,26,22,6,8.3333,-0.0911,0.0909,1.0,0.0385,-0.1784
Paige VanZant,Mark Ballas,Athlete,22,22,6,9.3333,1.1393,0.0909,1.0,0.0455,0.0515
Von Miller,Witney Carson,Athlete,27,22,6,8.0,-0.5013,0.0909,1.0,0.037,0.0515
Wanya Morris,Lindsay Arnold,Singer/Rapper,42,22,6,9.6667,1.5495,0.0909,1.0,0.0238,0.1573
Antonio Brown,Sharna Burgess,Athlete,27,22,7,8.6667,-0.7783,0.0907,1.0,0.037,0.0515
Ginger Zee,Valentin Chmerkovskiy,News Anchor,35,22,7,9.1667,0.7783,0.0907,1.0,0.0286,-0.194
Jodie Sweetin,Keo Motsepe,Actor/Actress,34,22,7,8.5,-1.2972,0.0907,1.0,0.0294,0.0606
Kim Fields,Sasha Farber,Actor/Actress,46,22,7,8.6667,-0.7783,-0.0,0.0,0.0217,0.0606
Nyle DiMarco,Peta Murgatroyd,Model,26,22,7,9.3333,1.2972,0.0907,1.0,0.0385,-0.1784
Paige VanZant,Mark Ballas,Athlete,22,22,7,9.1667,0.7783,0.0907,1.0,0.0455,0.0515
Von Miller,Witney Carson,Athlete,27,22,7,8.6667,-0.7783,0.0907,1.0,0.037,0.0515
Wanya Morris,Lindsay Arnold,Singer/Rapper,42,22,7,9.1667,0.7783,0.0907,1.0,0.0238,0.1573
Antonio Brown,Sharna Burgess,Athlete,27,22,8,9.0,-0.6011,0.0206,0.6926,0.037,0.0515
Ginger Zee,Valentin Chmerkovskiy,News Anchor,35,22,8,10.0,0.9446,0.0206,0.6926,0.0286,-0.194
Jodie Sweetin,Keo Motsepe,Actor/Actress,34,22,8,10.0,0.9446,-0.0,0.0,0.0294,0.0606
Nyle DiMarco,Peta Murgatroyd,Model,26,22,8,9.6667,0.4294,0.0206,0.6926,0.0385,-0.1784
Paige VanZant,Mark Ballas,Athlete,22,22,8,9.3333,-0.0859,0.0206,0.6926,0.0455,0.0515
Wanya Morris,Lindsay Arnold,Singer/Rapper,42,22,8,8.3333,-1.6316,0.0297,1.0,0.0238,0.1573
Antonio Brown,Sharna Burgess,Athlete,27,22,9,9.1667,-1.1574,0.0909,0.5,0.037,0.0515
Ginger Zee,Valentin Chmerkovskiy,News Anchor,35,22,9,9.3333,-0.6751,0.0909,0.5,0.0286,-0.194
Nyle DiMarco,Peta Murgatroyd,Model,26,22,9,9.5,-0.1929,0.0909,0.5,0.0385,-0.1784
Paige VanZant,Mark Ballas,Athlete,22,22,9,9.8333,0.7716,0.0909,0.5,0.0455,0.0515
Wanya Morris,Lindsay Arnold,Singer/Rapper,42,22,9,10.0,1.2538,0.0909,0.5,0.0238,0.1573
Ginger Zee,Valentin Chmerkovskiy,News Anchor,35,22,10,9.4444,-0.9999,0.0909,0.5,0.0286,-0.194
Nyle DiMarco,Peta Murgatroyd,Model,26,22,10,9.6666,-0.0001,0.0909,0.5,0.0385,-0.1784
Paige VanZant,Mark Ballas,Athlete,22,22,10,9.8889,1.0,0.0909,0.5,0.0455,0.0515
Amber Rose,Maksim Chmerkoskiy,Model,32,23,1,6.0,-0.3188,0.0833,0.5,0.0312,-0.1784
Babyface,Allison Holker,Singer/Rapper,57,23,1,6.5,0.3768,0.0833,0.5,0.0175,0.1573
Calvin Johnson Jr.,Lindsay Arnold,Athlete,30,23,1,6.5,0.3768,0.0833,0.5,0.0333,0.0515
Jake T. Austin,Jenna Johnson,Actor/Actress,21,23,1,5.5,-1.0145,0.0833,0.5,0.0476,0.0606
Jana Kramer,Gleb Savchenko,Singer/Rapper,32,23,1,6.75,0.7247,0.0833,0.5,0.0312,0.1573
Laurie Hernandez,Valentin Chmerkovskiy,Athlete,16,23,1,7.75,2.116,0.0833,0.5,0.0625,0.0515
Marilu Henner,Derek Hough,Actor/Actress,64,23,1,6.75,0.7247,0.0833,0.5,0.0156,0.0606
Maureen McCormick,Artem Chigvintsev,Actor/Actress,60,23,1,5.5,-1.0145,0.0833,0.5,0.0167,0.0606
Rick Perry,Emma Slater,Politician,66,23,1,5.0,-1.7102,0.0833,0.5,0.0152,-1.4762
Ryan Lochte,Cheryl Burke,Athlete,32,23,1,6.0,-0.3188,0.0833,0.5,0.0312,0.0515
Terra Jole,Sasha Farber,TV Personality,36,23,1,6.25,0.029,0.0833,0.5,0.0278,-0.1547
Vanilla Ice,Witney Carson,Singer/Rapper,48,23,1,6.25,0.029,0.0833,0.5,0.0208,0.1573
Amber Rose,Maksim Chmerkoskiy,Model,32,23,2,6.0,-0.9269,0.0833,0.5,0.0312,-0.1784
Babyface,Allison Holker,Singer/Rapper,57,23,2,7.5,0.9799,0.0833,0.5,0.0175,0.1573
Calvin Johnson Jr.,Lindsay Arnold,Athlete,30,23,2,7.0,0.3443,0.0833,0.5,0.0333,0.0515
Jake T. Austin,Jenna Johnson,Actor/Actress,21,23,2,6.0,-0.9269,0.0802,0.0,0.0476,0.0606
Jana Kramer,Gleb Savchenko,Singer/Rapper,32,23,2,7.25,0.6621,0.0833,0.5,0.0312,0.1573
Laurie Hernandez,Valentin Chmerkovskiy,Athlete,16,23,2,8.0,1.6155,0.0833,0.5,0.0625,0.0515
Marilu Henner,Derek Hough,Actor/Actress,64,23,2,6.75,0.0265,0.0833,0.5,0.0156,0.0606
Maureen McCormick,Artem Chigvintsev,Actor/Actress,60,23,2,6.5,-0.2913,0.0833,0.5,0.0167,0.0606
Rick Perry,Emma Slater,Politician,66,23,2,5.5,-1.5625,0.0865,1.0,0.0152,-1.4762
Ryan Lochte,Cheryl Burke,Athlete,32,23,2,6.0,-0.9269,0.0833,0.5,0.0312,0.0515
Terra Jole,Sasha Farber,TV Personality,36,23,2,7.75,1.2977,0.0833,0.5,0.0278,-0.1547
Vanilla Ice,Witney Carson,Singer/Rapper,48,23,2,6.5,-0.2913,0.0833,0.5,0.0208,0.1573
Amber Rose,Maksim Chmerkoskiy,Model,32,23,3,6.25,-0.6133,0.0833,1.0,0.0312,-0.1784
Babyface,Allison Holker,Singer/Rapper,57,23,3,6.25,-0.6133,0.0833,1.0,0.0175,0.1573
Calvin Johnson Jr.,Lindsay Arnold,Athlete,30,23,3,8.0,1.6354,0.0833,1.0,0.0333,0.0515
Jana Kramer,Gleb Savchenko,Singer/Rapper,32,23,3,6.5,-0.292,0.0833,1.0,0.0312,0.1573
Laurie Hernandez,Valentin Chmerkovskiy,Athlete,16,23,3,7.75,1.3141,0.0833,1.0,0.0625,0.0515
Marilu Henner,Derek Hough,Actor/Actress,64,23,3,7.0,0.3504,0.0833,1.0,0.0156,0.0606
Maureen McCormick,Artem Chigvintsev,Actor/Actress,60,23,3,7.0,0.3504,0.0833,1.0,0.0167,0.0606
Rick Perry,Emma Slater,Politician,66,23,3,5.75,-1.2557,0.0444,0.0,0.0152,-1.4762
Ryan Lochte,Cheryl Burke,Athlete,32,23,3,6.25,-0.6133,0.0833,1.0,0.0312,0.0515
Terra Jole,Sasha Farber,TV Personality,36,23,3,7.5,0.9929,0.0833,1.0,0.0278,-0.1547
Vanilla Ice,Witney Carson,Singer/Rapper,48,23,3,5.75,-1.2557,0.0833,1.0,0.0208,0.1573
Amber Rose,Maksim Chmerkoskiy,Model,32,23,4,8.0,0.229,0.0833,1.0,0.0312,-0.1784
Babyface,Allison Holker,Singer/Rapper,57,23,4,6.0,-1.7338,0.0318,0.0,0.0175,0.1573
Calvin Johnson Jr.,Lindsay Arnold,Athlete,30,23,4,7.6667,-0.0981,0.0833,1.0,0.0333,0.0515
Jana Kramer,Gleb Savchenko,Singer/Rapper,32,23,4,7.6667,-0.0981,0.0833,1.0,0.0312,0.1573
Laurie Hernandez,Valentin Chmerkovskiy,Athlete,16,23,4,10.0,2.1918,0.0833,1.0,0.0625,0.0515
Marilu Henner,Derek Hough,Actor/Actress,64,23,4,7.0,-0.7524,0.0833,1.0,0.0156,0.0606
Maureen McCormick,Artem Chigvintsev,Actor/Actress,60,23,4,8.0,0.229,0.0833,1.0,0.0167,0.0606
Ryan Lochte,Cheryl Burke,Athlete,32,23,4,7.3333,-0.4253,0.0833,1.0,0.0312,0.0515
Terra Jole,Sasha Farber,TV Personality,36,23,4,8.3333,0.5561,0.0833,1.0,0.0278,-0.1547
Vanilla Ice,Witney Carson,Singer/Rapper,48,23,4,7.6667,-0.0981,0.0833,1.0,0.0208,0.1573
Amber Rose,Maksim Chmerkoskiy,Model,32,23,5,8.0,-0.8295,0.0833,0.5,0.0312,-0.1784
Calvin Johnson Jr.,Lindsay Arnold,Athlete,30,23,5,8.0,-0.8295,0.0833,0.5,0.0333,0.0515
Jana Kramer,Gleb Savchenko,Singer/Rapper,32,23,5,8.6667,0.6452,0.0833,0.5,0.0312,0.1573
Laurie Hernandez,Valentin Chmerkovskiy,Athlete,16,23,5,8.3333,-0.0922,0.0833,0.5,0.0625,0.0515
Marilu Henner,Derek Hough,Actor/Actress,64,23,5,9.0,1.3825,0.0833,0.5,0.0156,0.0606
Maureen McCormick,Artem Chigvintsev,Actor/Actress,60,23,5,8.0,-0.8295,0.0833,0.5,0.0167,0.0606
Ryan Lochte,Cheryl Burke,Athlete,32,23,5,8.0,-0.8295,0.0833,0.5,0.0312,0.0515
Terra Jole,Sasha Farber,TV Personality,36,23,5,9.0,1.3825,0.0833,0.5,0.0278,-0.1547
Amber Rose,Maksim Chmerkoskiy,Model,32,23,6,7.0,-1.2576,-0.0,0.0,0.0312,-0.1784
Calvin Johnson Jr.,Lindsay Arnold,Athlete,30,23,6,9.25,0.8481,0.0829,1.0,0.0333,0.0515
Jana Kramer,Gleb Savchenko,Singer/Rapper,32,23,6,10.0,1.55,0.0829,1.0,0.0312,0.1573
Laurie Hernandez,Valentin Chmerkovskiy,Athlete,16,23,6,9.25,0.8481,0.0829,1.0,0.0625,0.0515
Marilu Henner,Derek Hough,Actor/Actress,64,23,6,8.5,0.1462,0.0829,1.0,0.0156,0.0606
Maureen McCormick,Artem Chigvintsev,Actor/Actress,60,23,6,7.75,-0.5557,0.0829,1.0,0.0167,0.0606
Ryan Lochte,Cheryl Burke,Athlete,32,23,6,7.5,-0.7896,0.0829,1.0,0.0312,0.0515
Terra Jole,Sasha Farber,TV Personality,36,23,6,7.5,-0.7896,0.0829,1.0,0.0278,-0.1547
Calvin Johnson Jr.,Lindsay Arnold,Athlete,30,23,7,9.25,1.8096,0.0513,1.0,0.0333,0.0515
Jana Kramer,Gleb Savchenko,Singer/Rapper,32,23,7,8.625,0.2648,0.0513,1.0,0.0312,0.1573
Laurie Hernandez,Valentin Chmerkovskiy,Athlete,16,23,7,8.625,0.2648,0.0513,1.0,0.0625,0.0515
Marilu Henner,Derek Hough,Actor/Actress,64,23,7,8.0,-1.28,0.0513,1.0,0.0156,0.0606
Maureen McCormick,Artem Chigvintsev,Actor/Actress,60,23,7,8.25,-0.6621,-0.0,0.0,0.0167,0.0606
Ryan Lochte,Cheryl Burke,Athlete,32,23,7,8.25,-0.6621,0.0513,1.0,0.0312,0.0515
Terra Jole,Sasha Farber,TV Personality,36,23,7,8.625,0.2648,0.0513,1.0,0.0278,-0.1547
Calvin Johnson Jr.,Lindsay Arnold,Athlete,30,23,8,10.0,0.5933,0.0098,0.5378,0.0333,0.0515
Jana Kramer,Gleb Savchenko,Singer/Rapper,32,23,8,10.0,0.5933,0.0098,0.5378,0.0312,0.1573
Laurie Hernandez,Valentin Chmerkovskiy,Athlete,16,23,8,11.0,1.3561,0.0098,0.5378,0.0625,0.0515
Marilu Henner,Derek Hough,Actor/Actress,64,23,8,7.6667,-1.1866,0.0182,1.0,0.0156,0.0606
Ryan Lochte,Cheryl Burke,Athlete,32,23,8,8.6667,-0.4238,-0.0,0.0,0.0312,0.0515
Terra Jole,Sasha Farber,TV Personality,36,23,8,8.0,-0.9323,0.0121,0.6685,0.0278,-0.1547
Calvin Johnson Jr.,Lindsay Arnold,Athlete,30,23,9,9.25,-0.6708,0.0833,0.5,0.0333,0.0515
Jana Kramer,Gleb Savchenko,Singer/Rapper,32,23,9,10.0,1.0062,0.0833,0.5,0.0312,0.1573
Laurie Hernandez,Valentin Chmerkovskiy,Athlete,16,23,9,10.0,1.0062,0.0833,0.5,0.0625,0.0515
Marilu Henner,Derek Hough,Actor/Actress,64,23,9,9.0,-1.2298,0.0833,0.5,0.0156,0.0606
Terra Jole,Sasha Farber,TV Personality,36,23,9,9.5,-0.1118,0.0833,0.5,0.0278,-0.1547
Calvin Johnson Jr.,Lindsay Arnold,Athlete,30,23,10,9.3333,-1.3056,0.0833,0.5,0.0333,0.0515
Jana Kramer,Gleb Savchenko,Singer/Rapper,32,23,10,9.6667,-0.2611,0.0833,0.5,0.0312,0.1573
Laurie Hernandez,Valentin Chmerkovskiy,Athlete,16,23,10,10.0,0.7833,0.0833,0.5,0.0625,0.0515
Terra Jole,Sasha Farber,TV Personality,36,23,10,10.0,0.7833,0.0833,0.5,0.0278,-0.1547
Calvin Johnson Jr.,Lindsay Arnold,Athlete,30,23,11,9.5833,0.3073,0.0833,0.5,0.0333,0.0515
Jana Kramer,Gleb Savchenko,Singer/Rapper,32,23,11,8.875,-1.1176,0.0833,0.5,0.0312,0.1573
Laurie Hernandez,Valentin Chmerkovskiy,Athlete,16,23,11,9.8333,0.8103,0.0833,0.5,0.0625,0.0515
Bonner Bolton,Sharna Burgess,Athlete,29,24,1,5.5,-0.7687,0.0909,0.5,0.0345,0.0515
Chris Kattan,Witney Carson,Comedian,46,24,1,4.25,-1.8528,0.0909,0.5,0.0217,-0.8619
David Ross,Lindsay Arnold,Athlete,40,24,1,7.0,0.5322,0.0909,0.5,0.025,0.0515
Erika Jayne,Gleb Savchenko,Singer/Rapper,45,24,1,6.0,-0.3351,0.0909,0.5,0.0222,0.1573
Heather Morris,Maksim Chmerkoskiy,Actor/Actress,30,24,1,7.0,0.5322,0.0909,0.5,0.0333,0.0606
Mr. T,Kym Herjavec,Actor/Actress,64,24,1,5.0,-1.2023,0.0909,0.5,0.0156,0.0606
Nancy Kerrigan,Artem Chigvintsev,Athlete,47,24,1,7.0,0.5322,0.0909,0.5,0.0213,0.0515
Nick Viall,Peta Murgatroyd,TV Personality,36,24,1,6.0,-0.3351,0.0909,0.5,0.0278,-0.1547
Normani,Valentin Chmerkovskiy,Singer/Rapper,20,24,1,6.75,0.3154,0.0909,0.5,0.05,0.1573
Rashad Jennings,Emma Slater,Athlete,32,24,1,7.75,1.1826,0.0909,0.5,0.0312,0.0515
Simone Biles,Sasha Farber,Athlete,20,24,1,8.0,1.3994,0.0909,0.5,0.05,0.0515
Bonner Bolton,Sharna Burgess,Athlete,29,24,2,7.0,0.133,0.0909,0.5,0.0345,0.0515
Chris Kattan,Witney Carson,Comedian,46,24,2,5.5,-1.6231,0.0909,0.0,0.0217,-0.8619
David Ross,Lindsay Arnold,Athlete,40,24,2,6.75,-0.1597,0.0909,0.5,0.025,0.0515
Erika Jayne,Gleb Savchenko,Singer/Rapper,45,24,2,7.0,0.133,0.0909,0.5,0.0222,0.1573
Heather Morris,Maksim Chmerkoskiy,Actor/Actress,30,24,2,7.5,0.7184,0.0909,0.5,0.0333,0.0606
Mr. T,Kym Herjavec,Actor/Actress,64,24,2,5.5,-1.6231,0.091,1.0,0.0156,0.0606
Nancy Kerrigan,Artem Chigvintsev,Athlete,47,24,2,7.0,0.133,0.0909,0.5,0.0213,0.0515
Nick Viall,Peta Murgatroyd,TV Personality,36,24,2,6.25,-0.745,0.0909,0.5,0.0278,-0.1547
Normani,Valentin Chmerkovskiy,Singer/Rapper,20,24,2,8.0,1.3038,0.0909,0.5,0.05,0.1573
Rashad Jennings,Emma Slater,Athlete,32,24,2,8.0,1.3038,0.0909,0.5,0.0312,0.0515
Simone Biles,Sasha Farber,Athlete,20,24,2,7.25,0.4257,0.0909,0.5,0.05,0.0515
Bonner Bolton,Sharna Burgess,Athlete,29,24,3,6.0,-1.2982,0.0909,0.5,0.0345,0.0515
David Ross,Lindsay Arnold,Athlete,40,24,3,7.75,0.4836,0.0909,0.5,0.025,0.0515
Erika Jayne,Gleb Savchenko,Singer/Rapper,45,24,3,6.5,-0.7891,0.0909,0.5,0.0222,0.1573
Heather Morris,Maksim Chmerkoskiy,Actor/Actress,30,24,3,8.25,0.9927,0.0909,0.5,0.0333,0.0606
Mr. T,Kym Herjavec,Actor/Actress,64,24,3,6.0,-1.2982,0.0909,0.5,0.0156,0.0606
Nancy Kerrigan,Artem Chigvintsev,Athlete,47,24,3,8.25,0.9927,0.0909,0.5,0.0213,0.0515
Nick Viall,Peta Murgatroyd,TV Personality,36,24,3,6.5,-0.7891,0.0909,0.5,0.0278,-0.1547
Normani,Valentin Chmerkovskiy,Singer/Rapper,20,24,3,8.5,1.2473,0.0909,0.5,0.05,0.1573
Rashad Jennings,Emma Slater,Athlete,32,24,3,7.0,-0.28,0.0909,0.5,0.0312,0.0515
Simone Biles,Sasha Farber,Athlete,20,24,3,8.0,0.7382,0.0909,0.5,0.05,0.0515
Bonner Bolton,Sharna Burgess,Athlete,29,24,4,8.0,-0.1833,0.0909,1.0,0.0345,0.0515
David Ross,Lindsay Arnold,Athlete,40,24,4,7.75,-0.4889,0.0909,1.0,0.025,0.0515
Erika Jayne,Gleb Savchenko,Singer/Rapper,45,24,4,7.5,-0.7944,0.0909,1.0,0.0222,0.1573
Heather Morris,Maksim Chmerkoskiy,Actor/Actress,30,24,4,8.75,0.7333,0.0909,1.0,0.0333,0.0606
Mr. T,Kym Herjavec,Actor/Actress,64,24,4,7.0,-1.4055,0.0479,0.0,0.0156,0.0606
Nancy Kerrigan,Artem Chigvintsev,Athlete,47,24,4,8.25,0.1222,0.0909,1.0,0.0213,0.0515
Nick Viall,Peta Murgatroyd,TV Personality,36,24,4,7.5,-0.7944,0.0909,1.0,0.0278,-0.1547
Normani,Valentin Chmerkovskiy,Singer/Rapper,20,24,4,8.0,-0.1833,0.0909,1.0,0.05,0.1573
Rashad Jennings,Emma Slater,Athlete,32,24,4,9.75,1.9555,0.0909,1.0,0.0312,0.0515
Simone Biles,Sasha Farber,Athlete,20,24,4,9.0,1.0389,0.0909,1.0,0.05,0.0515
Bonner Bolton,Sharna Burgess,Athlete,29,24,5,7.5,-1.1047,0.0909,1.0,0.0345,0.0515
David Ross,Lindsay Arnold,Athlete,40,24,5,7.25,-1.3971,0.0909,1.0,0.025,0.0515
Erika Jayne,Gleb Savchenko,Singer/Rapper,45,24,5,8.0,-0.5199,0.0207,0.0,0.0222,0.1573
Heather Morris,Maksim Chmerkoskiy,Actor/Actress,30,24,5,8.5,0.065,0.0909,1.0,0.0333,0.0606
Nancy Kerrigan,Artem Chigvintsev,Athlete,47,24,5,9.0,0.6498,0.0909,1.0,0.0213,0.0515
Nick Viall,Peta Murgatroyd,TV Personality,36,24,5,8.5,0.065,0.0909,1.0,0.0278,-0.1547
Normani,Valentin Chmerkovskiy,Singer/Rapper,20,24,5,9.75,1.5271,0.0909,1.0,0.05,0.1573
Rashad Jennings,Emma Slater,Athlete,32,24,5,8.0,-0.5199,0.0909,1.0,0.0312,0.0515
Simone Biles,Sasha Farber,Athlete,20,24,5,9.5,1.2347,0.0909,1.0,0.05,0.0515
Bonner Bolton,Sharna Burgess,Athlete,29,24,6,7.875,-0.8794,0.0839,1.0,0.0345,0.0515
David Ross,Lindsay Arnold,Athlete,40,24,6,7.75,-1.0863,0.0839,1.0,0.025,0.0515
Heather Morris,Maksim Chmerkoskiy,Actor/Actress,30,24,6,9.25,1.3967,-0.0,0.0,0.0333,0.0606
Nancy Kerrigan,Artem Chigvintsev,Athlete,47,24,6,8.375,-0.0517,0.0839,1.0,0.0213,0.0515
Nick Viall,Peta Murgatroyd,TV Personality,36,24,6,7.625,-1.2932,0.0839,1.0,0.0278,-0.1547
Normani,Valentin Chmerkovskiy,Singer/Rapper,20,24,6,9.0,0.9828,0.0839,1.0,0.05,0.1573
Rashad Jennings,Emma Slater,Athlete,32,24,6,8.75,0.569,0.0839,1.0,0.0312,0.0515
Simone Biles,Sasha Farber,Athlete,20,24,6,8.625,0.3621,0.0839,1.0,0.05,0.0515
Bonner Bolton,Sharna Burgess,Athlete,29,24,7,7.75,-1.267,0.0717,1.0,0.0345,0.0515
David Ross,Lindsay Arnold,Athlete,40,24,7,8.0,-1.0206,0.0717,1.0,0.025,0.0515
Nancy Kerrigan,Artem Chigvintsev,Athlete,47,24,7,9.0,-0.0352,-0.0,0.0,0.0213,0.0515
Nick Viall,Peta Murgatroyd,TV Personality,36,24,7,8.5,-0.5279,0.0717,1.0,0.0278,-0.1547
Normani,Valentin Chmerkovskiy,Singer/Rapper,20,24,7,10.5,1.443,0.0717,1.0,0.05,0.1573
Rashad Jennings,Emma Slater,Athlete,32,24,7,9.75,0.7039,0.0717,1.0,0.0312,0.0515
Simone Biles,Sasha Farber,Athlete,20,24,7,9.75,0.7039,0.0717,1.0,0.05,0.0515
Bonner Bolton,Sharna Burgess,Athlete,29,24,8,7.25,-1.4134,-0.0,0.0,0.0345,0.0515
David Ross,Lindsay Arnold,Athlete,40,24,8,8.125,-0.5749,0.0006,1.0,0.025,0.0515
Normani,Valentin Chmerkovskiy,Singer/Rapper,20,24,8,9.875,1.102,0.0006,1.0,0.05,0.1573
Rashad Jennings,Emma Slater,Athlete,32,24,8,9.375,0.6229,0.0006,1.0,0.0312,0.0515
Simone Biles,Sasha Farber,Athlete,20,24,8,9.0,0.2635,0.0006,1.0,0.05,0.0515
David Ross,Lindsay Arnold,Athlete,40,24,9,8.75,-1.3713,0.0909,0.5,0.025,0.0515
Normani,Valentin Chmerkovskiy,Singer/Rapper,20,24,9,9.5,0.0596,0.0909,0.5,0.05,0.1573
Rashad Jennings,Emma Slater,Athlete,32,24,9,9.625,0.2981,0.0909,0.5,0.0312,0.0515
Simone Biles,Sasha Farber,Athlete,20,24,9,10.0,1.0135,0.0909,0.5,0.05,0.0515
David Ross,Lindsay Arnold,Athlete,40,24,10,9.0833,-1.1499,0.0909,0.5,0.025,0.0515
Normani,Valentin Chmerkovskiy,Singer/Rapper,20,24,10,9.8333,0.4842,0.0909,0.5,0.05,0.1573
Rashad Jennings,Emma Slater,Athlete,32,24,10,9.9166,0.6658,0.0909,0.5,0.0312,0.0515
Barbara Corcoran,Keo Motsepe,Entrepreneur,68,25,1,4.6667,-1.671,0.1,0.5,0.0147,-0.9836
Debbie Gibson,Alan Bersten,Singer/Rapper,47,25,1,5.6667,-0.5317,0.1,0.5,0.0213,0.1573
Derek Fisher,Sharna Burgess,Athlete,43,25,1,6.0,-0.1519,0.1,0.5,0.0233,0.0515
Frankie Muniz,Witney Carson,Actor/Actress,31,25,1,6.3333,0.2279,0.1,0.5,0.0323,0.0606
Jordan Fisher,Lindsay Arnold,Actor/Actress,23,25,1,7.3333,1.3672,0.1,0.5,0.0435,0.0606
Lindsey Stirling,Mark Ballas,Musician,31,25,1,7.3333,1.3672,0.1,0.5,0.0323,0.6946
Nick Lachey,Peta Murgatroyd,Singer/Rapper,43,25,1,6.0,-0.1519,0.1,0.5,0.0233,0.1573
Nikki Bella,Artem Chigvintsev,Athlete,33,25,1,6.6667,0.6076,0.1,0.5,0.0303,0.0515
Terrell Owens,Cheryl Burke,Athlete,43,25,1,5.0,-1.2912,0.1,0.5,0.0233,0.0515
Victoria Arlen,Valentin Chmerkovskiy,Athlete,22,25,1,6.3333,0.2279,0.1,0.5,0.0455,0.0515
Barbara Corcoran,Keo Motsepe,Entrepreneur,68,25,2,5.6667,-1.5841,0.1,0.5,0.0147,-0.9836
Debbie Gibson,Alan Bersten,Singer/Rapper,47,25,2,6.8333,-0.0856,0.1,0.5,0.0213,0.1573
Derek Fisher,Sharna Burgess,Athlete,43,25,2,6.3333,-0.7278,0.1,0.5,0.0233,0.0515
Frankie Muniz,Witney Carson,Actor/Actress,31,25,2,8.0,1.4128,0.1,0.5,0.0323,0.0606
Jordan Fisher,Lindsay Arnold,Actor/Actress,23,25,2,8.0,1.4128,0.1,0.5,0.0435,0.0606
Lindsey Stirling,Mark Ballas,Musician,31,25,2,7.5,0.7706,0.1,0.5,0.0323,0.6946
Nick Lachey,Peta Murgatroyd,Singer/Rapper,43,25,2,6.3333,-0.7278,0.1,0.5,0.0233,0.1573
Nikki Bella,Artem Chigvintsev,Athlete,33,25,2,6.5,-0.5138,0.1,0.5,0.0303,0.0515
Terrell Owens,Cheryl Burke,Athlete,43,25,2,6.5,-0.5138,0.1,0.5,0.0233,0.0515
Victoria Arlen,Valentin Chmerkovskiy,Athlete,22,25,2,7.3333,0.5566,0.1,0.5,0.0455,0.0515
Derek Fisher,Sharna Burgess,Athlete,43,25,3,7.0,-0.5911,0.1,0.5,0.0233,0.0515
Frankie Muniz,Witney Carson,Actor/Actress,31,25,3,7.0,-0.5911,0.1,0.5,0.0323,0.0606
Jordan Fisher,Lindsay Arnold,Actor/Actress,23,25,3,8.3333,1.1285,0.1,0.5,0.0435,0.0606
Lindsey Stirling,Mark Ballas,Musician,31,25,3,9.0,1.9883,0.1,0.5,0.0323,0.6946
Nick Lachey,Peta Murgatroyd,Singer/Rapper,43,25,3,7.0,-0.5911,0.1,0.5,0.0233,0.1573
Nikki Bella,Artem Chigvintsev,Athlete,33,25,3,7.0,-0.5911,0.1,0.5,0.0303,0.0515
Terrell Owens,Cheryl Burke,Athlete,43,25,3,7.0,-0.5911,0.1,0.5,0.0233,0.0515
Victoria Arlen,Valentin Chmerkovskiy,Athlete,22,25,3,7.3333,-0.1612,0.1,0.5,0.0455,0.0515
Derek Fisher,Sharna Burgess,Athlete,43,25,4,7.6667,-0.8169,0.0229,0.0,0.0233,0.0515
Frankie Muniz,Witney Carson,Actor/Actress,31,25,4,8.0,-0.3812,0.1,1.0,0.0323,0.0606
Jordan Fisher,Lindsay Arnold,Actor/Actress,23,25,4,9.6667,1.7972,0.1,1.0,0.0435,0.0606
Lindsey Stirling,Mark Ballas,Musician,31,25,4,8.6667,0.4902,0.1,1.0,0.0323,0.6946
Nick Lachey,Peta Murgatroyd,Singer/Rapper,43,25,4,7.3333,-1.2526,0.1,1.0,0.0233,0.1573
Nikki Bella,Artem Chigvintsev,Athlete,33,25,4,8.0,-0.3812,0.1,1.0,0.0303,0.0515
Terrell Owens,Cheryl Burke,Athlete,43,25,4,8.0,-0.3812,0.1,1.0,0.0233,0.0515
Victoria Arlen,Valentin Chmerkovskiy,Athlete,22,25,4,9.0,0.9259,0.1,1.0,0.0455,0.0515
Frankie Muniz,Witney Carson,Actor/Actress,31,25,5,9.6667,0.8018,0.1,0.5,0.0323,0.0606
Jordan Fisher,Lindsay Arnold,Actor/Actress,23,25,5,10.0,1.1759,0.1,0.5,0.0435,0.0606
Lindsey Stirling,Mark Ballas,Musician,31,25,5,9.3333,0.4276,0.1,0.5,0.0323,0.6946
Nick Lachey,Peta Murgatroyd,Singer/Rapper,43,25,5,7.3333,-1.8174,0.1,0.5,0.0233,0.1573
Nikki Bella,Artem Chigvintsev,Athlete,33,25,5,9.0,0.0535,0.1,0.5,0.0303,0.0515
Terrell Owens,Cheryl Burke,Athlete,43,25,5,8.3333,-0.6949,0.1,0.5,0.0233,0.0515
Victoria Arlen,Valentin Chmerkovskiy,Athlete,22,25,5,9.0,0.0535,0.1,0.5,0.0455,0.0515
Frankie Muniz,Witney Carson,Actor/Actress,31,25,6,7.75,-0.6456,0.1,1.0,0.0323,0.0606
Jordan Fisher,Lindsay Arnold,Actor/Actress,23,25,6,9.75,0.9262,0.1,1.0,0.0435,0.0606
Lindsey Stirling,Mark Ballas,Musician,31,25,6,10.0,1.1227,0.1,1.0,0.0323,0.6946
Nick Lachey,Peta Murgatroyd,Singer/Rapper,43,25,6,6.5,-1.6279,0.0187,0.0,0.0233,0.1573
Nikki Bella,Artem Chigvintsev,Athlete,33,25,6,9.0,0.3368,0.1,1.0,0.0303,0.0515
Terrell Owens,Cheryl Burke,Athlete,43,25,6,9.25,0.5333,0.1,1.0,0.0233,0.0515
Victoria Arlen,Valentin Chmerkovskiy,Athlete,22,25,6,7.75,-0.6456,0.1,1.0,0.0455,0.0515
Frankie Muniz,Witney Carson,Actor/Actress,31,25,7,10.0,1.4514,0.0795,1.0,0.0323,0.0606
Jordan Fisher,Lindsay Arnold,Actor/Actress,23,25,7,9.0,0.177,0.0795,1.0,0.0435,0.0606
Lindsey Stirling,Mark Ballas,Musician,31,25,7,8.5,-0.4602,0.0795,1.0,0.0323,0.6946
Nikki Bella,Artem Chigvintsev,Athlete,33,25,7,8.0,-1.0974,-0.0,0.0,0.0303,0.0515
Terrell Owens,Cheryl Burke,Athlete,43,25,7,8.1667,-0.885,0.0795,1.0,0.0233,0.0515
Victoria Arlen,Valentin Chmerkovskiy,Athlete,22,25,7,9.5,0.8142,0.0795,1.0,0.0455,0.0515
Frankie Muniz,Witney Carson,Actor/Actress,31,25,8,8.8333,-0.0451,0.0098,0.8635,0.0323,0.0606
Jordan Fisher,Lindsay Arnold,Actor/Actress,23,25,8,10.0,1.5321,0.0098,0.8635,0.0435,0.0606
Lindsey Stirling,Mark Ballas,Musician,31,25,8,9.0,0.1802,0.0098,0.8635,0.0323,0.6946
Terrell Owens,Cheryl Burke,Athlete,43,25,8,8.5,-0.4957,-0.0,0.0,0.0233,0.0515
Victoria Arlen,Valentin Chmerkovskiy,Athlete,22,25,8,8.0,-1.1716,0.0114,1.0,0.0455,0.0515
Frankie Muniz,Witney Carson,Actor/Actress,31,25,9,8.5,-1.4474,0.1,0.5,0.0323,0.0606
Jordan Fisher,Lindsay Arnold,Actor/Actress,23,25,9,9.6667,0.8041,0.1,0.5,0.0435,0.0606
Lindsey Stirling,Mark Ballas,Musician,31,25,9,9.5,0.4825,0.1,0.5,0.0323,0.6946
Victoria Arlen,Valentin Chmerkovskiy,Athlete,22,25,9,9.3333,0.1608,0.1,0.5,0.0455,0.0515
Frankie Muniz,Witney Carson,Actor/Actress,31,25,10,9.7222,-1.1547,0.1,0.5,0.0323,0.0606
Jordan Fisher,Lindsay Arnold,Actor/Actress,23,25,10,10.0,0.5774,0.1,0.5,0.0435,0.0606
Lindsey Stirling,Mark Ballas,Musician,31,25,10,10.0,0.5774,0.1,0.5,0.0323,0.6946
Adam Rippon,Jenna Johnson,Athlete,28,26,1,8.0,1.2027,0.1,0.5017,0.0357,0.0515
Arike Ogunbowale,Gleb Savchenko,Athlete,21,26,1,6.6667,-0.4009,0.1,0.5017,0.0476,0.0515
Chris Mazdzer,Witney Carson,Athlete,29,26,1,7.0,0.0,0.1,0.5017,0.0345,0.0515
Jamie Anderson,Artem Chigvintsev,Athlete,27,26,1,6.3333,-0.8018,0.0952,0.0,0.037,0.0515
Jennie Finch Daigle,Keo Motsepe,Athlete,37,26,1,7.0,0.0,0.1,0.5017,0.027,0.0515
Johnny Damon,Emma Slater,Athlete,44,26,1,6.0,-1.2027,0.1,0.5052,0.0227,0.0515
Josh Norman,Sharna Burgess,Athlete,30,26,1,8.0,1.2027,0.1,0.5017,0.0333,0.0515
Kareem Abdul-Jabbar,Lindsay Arnold,Athlete,71,26,1,5.6667,-1.6036,0.1048,1.0,0.0141,0.0515
Mirai Nagasu,Alan Bersten,Athlete,25,26,1,7.6667,0.8018,0.1,0.5017,0.04,0.0515
Tonya Harding,Sasha Farber,Athlete,47,26,1,7.6667,0.8018,0.1,0.5017,0.0213,0.0515
Adam Rippon,Jenna Johnson,Athlete,28,26,2,9.25,1.317,0.1,1.0,0.0357,0.0515
Arike Ogunbowale,Gleb Savchenko,Athlete,21,26,2,8.75,0.5776,0.0127,0.0,0.0476,0.0515
Chris Mazdzer,Witney Carson,Athlete,29,26,2,8.25,-0.1617,0.1,1.0,0.0345,0.0515
Jennie Finch Daigle,Keo Motsepe,Athlete,37,26,2,7.875,-0.7163,0.1,1.0,0.027,0.0515
Josh Norman,Sharna Burgess,Athlete,30,26,2,7.875,-0.7163,0.1,1.0,0.0333,0.0515
Kareem Abdul-Jabbar,Lindsay Arnold,Athlete,71,26,2,7.375,-1.4556,0.1,1.0,0.0141,0.0515
Mirai Nagasu,Alan Bersten,Athlete,25,26,2,9.25,1.317,0.1,1.0,0.04,0.0515
Tonya Harding,Sasha Farber,Athlete,47,26,2,8.25,-0.1617,0.1,1.0,0.0213,0.0515
Adam Rippon,Jenna Johnson,Athlete,28,26,3,10.25,1.4162,0.0748,1.0,0.0357,0.0515
Chris Mazdzer,Witney Carson,Athlete,29,26,3,8.25,-0.526,-0.0,0.0,0.0345,0.0515
Jennie Finch Daigle,Keo Motsepe,Athlete,37,26,3,7.25,-1.4971,0.0748,1.0,0.027,0.0515
Josh Norman,Sharna Burgess,Athlete,30,26,3,9.5,0.6879,0.0748,1.0,0.0333,0.0515
Mirai Nagasu,Alan Bersten,Athlete,25,26,3,8.75,-0.0405,0.0748,1.0,0.04,0.0515
Tonya Harding,Sasha Farber,Athlete,47,26,3,8.75,-0.0405,0.0748,1.0,0.0213,0.0515
Adam Rippon,Jenna Johnson,Athlete,28,26,4,9.6667,1.0,0.1,0.5,0.0357,0.0515
Josh Norman,Sharna Burgess,Athlete,30,26,4,9.5,0.0,0.1,0.5,0.0333,0.0515
Tonya Harding,Sasha Farber,Athlete,47,26,4,9.3333,-1.0,0.1,0.5,0.0213,0.0515
Alexis Ren,Alan Bersten,Social Media Personality,21,27,1,7.3333,0.9262,0.0909,0.5,0.0476,0.6099
Bobby Bones,Sharna Burgess,Radio Personality,38,27,1,6.6667,0.1715,0.0909,0.5,0.0263,-0.7504
Danelle Umstead,Artem Chigvintsev,Athlete,46,27,1,6.0,-0.5832,0.0909,0.5,0.0217,0.0515
DeMarcus Ware,Lindsay Arnold,Athlete,36,27,1,7.6667,1.3036,0.0909,0.5,0.0278,0.0515
Joe Amabile,Jenna Johnson,TV Personality,32,27,1,4.6667,-2.0926,0.0991,1.0,0.0312,-0.1547
John Schneider,Emma Slater,Actor/Actress,58,27,1,6.0,-0.5832,0.0909,0.5,0.0172,0.0606
Mary Lou Retton,Sasha Farber,Athlete,50,27,1,6.6667,0.1715,0.0909,0.5,0.02,0.0515
Milo Manheim,Witney Carson,Actor/Actress,17,27,1,6.6667,0.1715,0.0909,0.5,0.0588,0.0606
Nancy McKeon,Valentin Chmerkovskiy,Actor/Actress,52,27,1,6.5,-0.0172,0.0909,0.5,0.0192,0.0606
Nikki Glaser,Gleb Savchenko,Comedian,34,27,1,5.8333,-0.7719,0.0827,0.0,0.0294,-0.8619
Tinashe,Brandon Armstrong,Singer/Rapper,25,27,1,7.6667,1.3036,0.0909,0.5,0.04,0.1573
Alexis Ren,Alan Bersten,Social Media Personality,21,27,2,8.1667,0.8081,0.0909,1.0,0.0476,0.6099
Bobby Bones,Sharna Burgess,Radio Personality,38,27,2,6.5,-0.8411,0.0909,1.0,0.0263,-0.7504
Danelle Umstead,Artem Chigvintsev,Athlete,46,27,2,6.1667,-1.1709,0.0489,0.0,0.0217,0.0515
DeMarcus Ware,Lindsay Arnold,Athlete,36,27,2,7.8333,0.4783,0.0909,1.0,0.0278,0.0515
Joe Amabile,Jenna Johnson,TV Personality,32,27,2,5.8333,-1.5008,0.0909,1.0,0.0312,-0.1547
John Schneider,Emma Slater,Actor/Actress,58,27,2,7.1667,-0.1814,0.0909,1.0,0.0172,0.0606
Mary Lou Retton,Sasha Farber,Athlete,50,27,2,7.6667,0.3133,0.0909,1.0,0.02,0.0515
Milo Manheim,Witney Carson,Actor/Actress,17,27,2,8.6667,1.3029,0.0909,1.0,0.0588,0.0606
Nancy McKeon,Valentin Chmerkovskiy,Actor/Actress,52,27,2,6.8333,-0.5113,0.0909,1.0,0.0192,0.0606
Tinashe,Brandon Armstrong,Singer/Rapper,25,27,2,8.6667,1.3029,0.0909,1.0,0.04,0.1573
Alexis Ren,Alan Bersten,Social Media Personality,21,27,3,8.6667,0.7231,0.0909,1.0,0.0476,0.6099
Bobby Bones,Sharna Burgess,Radio Personality,38,27,3,7.6667,-0.2531,0.0909,1.0,0.0263,-0.7504
DeMarcus Ware,Lindsay Arnold,Athlete,36,27,3,8.6667,0.7231,0.0909,1.0,0.0278,0.0515
Joe Amabile,Jenna Johnson,TV Personality,32,27,3,6.0,-1.8801,0.0909,1.0,0.0312,-0.1547
John Schneider,Emma Slater,Actor/Actress,58,27,3,7.0,-0.9039,0.0909,1.0,0.0172,0.0606
Mary Lou Retton,Sasha Farber,Athlete,50,27,3,8.0,0.0723,0.0909,1.0,0.02,0.0515
Milo Manheim,Witney Carson,Actor/Actress,17,27,3,9.0,1.0485,0.0909,1.0,0.0588,0.0606
Nancy McKeon,Valentin Chmerkovskiy,Actor/Actress,52,27,3,7.3333,-0.5785,0.0223,0.0,0.0192,0.0606
Tinashe,Brandon Armstrong,Singer/Rapper,25,27,3,9.0,1.0485,0.0909,1.0,0.04,0.1573
Alexis Ren,Alan Bersten,Social Media Personality,21,27,4,8.3333,0.4537,0.0823,1.0,0.0476,0.6099
Bobby Bones,Sharna Burgess,Radio Personality,38,27,4,6.6667,-0.6806,0.0823,1.0,0.0263,-0.7504
DeMarcus Ware,Lindsay Arnold,Athlete,36,27,4,7.3333,-0.2269,0.0823,1.0,0.0278,0.0515
Joe Amabile,Jenna Johnson,TV Personality,32,27,4,5.0,-1.815,0.0823,1.0,0.0312,-0.1547
John Schneider,Emma Slater,Actor/Actress,58,27,4,7.0,-0.4537,0.0823,1.0,0.0172,0.0606
Mary Lou Retton,Sasha Farber,Athlete,50,27,4,8.6667,0.6806,0.0823,1.0,0.02,0.0515
Milo Manheim,Witney Carson,Actor/Actress,17,27,4,9.6667,1.3612,0.0823,1.0,0.0588,0.0606
Tinashe,Brandon Armstrong,Singer/Rapper,25,27,4,8.6667,0.6806,-0.0,0.0,0.04,0.1573
Alexis Ren,Alan Bersten,Social Media Personality,21,27,5,9.6667,1.2089,0.0909,0.5,0.0476,0.6099
Bobby Bones,Sharna Burgess,Radio Personality,38,27,5,7.0,-0.7822,0.0909,0.5,0.0263,-0.7504
DeMarcus Ware,Lindsay Arnold,Athlete,36,27,5,8.6667,0.4622,0.0909,0.5,0.0278,0.0515
Joe Amabile,Jenna Johnson,TV Personality,32,27,5,5.6667,-1.7778,0.0909,0.5,0.0312,-0.1547
John Schneider,Emma Slater,Actor/Actress,58,27,5,8.0,-0.0356,0.0909,0.5,0.0172,0.0606
Mary Lou Retton,Sasha Farber,Athlete,50,27,5,8.3333,0.2133,0.0909,0.5,0.02,0.0515
Milo Manheim,Witney Carson,Actor/Actress,17,27,5,9.0,0.7111,0.0909,0.5,0.0588,0.0606
Alexis Ren,Alan Bersten,Social Media Personality,21,27,6,9.0,0.7368,0.0725,1.0,0.0476,0.6099
Bobby Bones,Sharna Burgess,Radio Personality,38,27,6,7.3333,-0.6205,0.0725,1.0,0.0263,-0.7504
DeMarcus Ware,Lindsay Arnold,Athlete,36,27,6,8.6667,0.4653,0.0725,1.0,0.0278,0.0515
Joe Amabile,Jenna Johnson,TV Personality,32,27,6,7.3333,-0.6205,0.0725,1.0,0.0312,-0.1547
John Schneider,Emma Slater,Actor/Actress,58,27,6,6.3333,-1.4348,0.0725,1.0,0.0172,0.0606
Mary Lou Retton,Sasha Farber,Athlete,50,27,6,8.0,-0.0776,-0.0,0.0,0.02,0.0515
Milo Manheim,Witney Carson,Actor/Actress,17,27,6,10.0,1.5511,0.0725,1.0,0.0588,0.0606
Alexis Ren,Alan Bersten,Social Media Personality,21,27,7,9.1667,0.4611,0.0343,1.0,0.0476,0.6099
Bobby Bones,Sharna Burgess,Radio Personality,38,27,7,8.8333,-0.0922,0.0343,1.0,0.0263,-0.7504
DeMarcus Ware,Lindsay Arnold,Athlete,36,27,7,8.8333,-0.0922,-0.0,0.0,0.0278,0.0515
Joe Amabile,Jenna Johnson,TV Personality,32,27,7,7.8333,-1.7521,0.0343,1.0,0.0312,-0.1547
John Schneider,Emma Slater,Actor/Actress,58,27,7,9.0,0.1844,0.0343,1.0,0.0172,0.0606
Milo Manheim,Witney Carson,Actor/Actress,17,27,7,9.6667,1.291,0.0343,1.0,0.0588,0.0606
Alexis Ren,Alan Bersten,Social Media Personality,21,27,8,9.6667,1.0801,0.0909,0.5,0.0476,0.6099
Bobby Bones,Sharna Burgess,Radio Personality,38,27,8,7.5,-0.9258,0.0909,0.5,0.0263,-0.7504
Joe Amabile,Jenna Johnson,TV Personality,32,27,8,7.6667,-0.7715,0.0909,0.5,0.0312,-0.1547
Milo Manheim,Witney Carson,Actor/Actress,17,27,8,9.1667,0.6172,0.0909,0.5,0.0588,0.0606
Alexis Ren,Alan Bersten,Social Media Personality,21,27,9,9.5,0.0,0.0909,0.5,0.0476,0.6099
Bobby Bones,Sharna Burgess,Radio Personality,38,27,9,9.0,-1.0,0.0909,0.5,0.0263,-0.7504
Milo Manheim,Witney Carson,Actor/Actress,17,27,9,10.0,1.0,0.0909,0.5,0.0588,0.0606
Ally Brooke,Sasha Farber,Singer/Rapper,26,28,2,6.6667,0.5383,7.0,1.0,0.0385,0.1573
Hannah Brown,Alan Bersten,TV Personality,24,28,2,8.0,1.7688,7.0,1.0,0.0417,-0.1547
James Van Der Beek,Emma Slater,Actor/Actress,42,28,2,6.6667,0.5383,7.0,1.0,0.0238,0.0606
Karamo Brown,Jenna Johnson,TV Personality,38,28,2,6.3333,0.2307,7.0,1.0,0.0263,-0.1547
Kate Flannery,Pasha Pashkov,Actor/Actress,55,28,2,7.0,0.8459,7.0,1.0,0.0182,0.0606
Kel Mitchell,Witney Carson,Actor/Actress,41,28,2,6.6667,0.5383,7.0,1.0,0.0244,0.0606
Lamar Odom,Peta Murgatroyd,Athlete,39,28,2,4.0,-1.9226,7.0,1.0,0.0256,0.0515
Lauren Alaina,Gleb Savchenko,Singer/Rapper,24,28,2,6.3333,0.2307,7.0,1.0,0.0417,0.1573
Mary Wilson,Brandon Armstrong,Singer/Rapper,75,28,2,5.0,-0.9997,1.0,0.0,0.0133,0.1573
Ray Lewis,Cheryl Burke,Athlete,44,28,2,5.0,-0.9997,7.0,1.0,0.0227,0.0515
Sailor Brinkley-Cook,Valentin Chmerkovskiy,Model,21,28,2,6.0,-0.0769,7.0,1.0,0.0476,-0.1784
Sean Spicer,Lindsay Arnold,Politician,48,28,2,5.3333,-0.6921,7.0,1.0,0.0208,-1.4762
Ally Brooke,Sasha Farber,Singer/Rapper,26,28,4,8.0,0.8279,6.0,1.0,0.0385,0.1573
Hannah Brown,Alan Bersten,TV Personality,24,28,4,8.0,0.8279,6.0,1.0,0.0417,-0.1547
James Van Der Beek,Emma Slater,Actor/Actress,42,28,4,7.0,-0.0436,6.0,1.0,0.0238,0.0606
Karamo Brown,Jenna Johnson,TV Personality,38,28,4,7.0,-0.0436,6.0,1.0,0.0263,-0.1547
Kate Flannery,Pasha Pashkov,Actor/Actress,55,28,4,6.5,-0.4793,6.0,1.0,0.0182,0.0606
Kel Mitchell,Witney Carson,Actor/Actress,41,28,4,8.0,0.8279,6.0,1.0,0.0244,0.0606
Lamar Odom,Peta Murgatroyd,Athlete,39,28,4,5.0,-1.7866,1.0,0.0,0.0256,0.0515
Lauren Alaina,Gleb Savchenko,Singer/Rapper,24,28,4,8.0,0.8279,6.0,1.0,0.0417,0.1573
Sailor Brinkley-Cook,Valentin Chmerkovskiy,Model,21,28,4,7.75,0.61,6.0,1.0,0.0476,-0.1784
Sean Spicer,Lindsay Arnold,Politician,48,28,4,5.25,-1.5687,6.0,1.0,0.0208,-1.4762
Ally Brooke,Sasha Farber,Singer/Rapper,26,28,6,8.3333,-0.1721,5.5,1.0,0.0385,0.1573
Hannah Brown,Alan Bersten,TV Personality,24,28,6,8.0,-0.6885,5.5,1.0,0.0417,-0.1547
James Van Der Beek,Emma Slater,Actor/Actress,42,28,6,9.0,0.8607,5.5,1.0,0.0238,0.0606
Karamo Brown,Jenna Johnson,TV Personality,38,28,6,8.3333,-0.1721,5.5,1.0,0.0263,-0.1547
Kate Flannery,Pasha Pashkov,Actor/Actress,55,28,6,9.0,0.8607,5.5,1.0,0.0182,0.0606
Kel Mitchell,Witney Carson,Actor/Actress,41,28,6,8.6667,0.3443,5.5,1.0,0.0244,0.0606
Lauren Alaina,Gleb Savchenko,Singer/Rapper,24,28,6,8.6667,0.3443,5.5,1.0,0.0417,0.1573
Sailor Brinkley-Cook,Valentin Chmerkovskiy,Model,21,28,6,9.0,0.8607,1.0,0.0,0.0476,-0.1784
Sean Spicer,Lindsay Arnold,Politician,48,28,6,7.0,-2.2377,5.5,1.0,0.0208,-1.4762
Ally Brooke,Sasha Farber,Singer/Rapper,26,28,7,9.0,0.8453,5.0,1.0,0.0385,0.1573
Hannah Brown,Alan Bersten,TV Personality,24,28,7,8.6667,0.3623,5.0,1.0,0.0417,-0.1547
James Van Der Beek,Emma Slater,Actor/Actress,42,28,7,9.0,0.8453,5.0,1.0,0.0238,0.0606
Karamo Brown,Jenna Johnson,TV Personality,38,28,7,8.1667,-0.3623,1.0,0.0,0.0263,-0.1547
Kate Flannery,Pasha Pashkov,Actor/Actress,55,28,7,8.0,-0.6038,5.0,1.0,0.0182,0.0606
Kel Mitchell,Witney Carson,Actor/Actress,41,28,7,8.5,0.1208,5.0,1.0,0.0244,0.0606
Lauren Alaina,Gleb Savchenko,Singer/Rapper,24,28,7,9.0,0.8453,5.0,1.0,0.0417,0.1573
Sean Spicer,Lindsay Arnold,Politician,48,28,7,7.0,-2.0529,5.0,1.0,0.0208,-1.4762
Ally Brooke,Sasha Farber,Singer/Rapper,26,28,8,10.0,0.553,4.5,1.0,0.0385,0.1573
Hannah Brown,Alan Bersten,TV Personality,24,28,8,10.3333,0.7807,4.5,1.0,0.0417,-0.1547
James Van Der Beek,Emma Slater,Actor/Actress,42,28,8,10.6666,1.0084,4.5,1.0,0.0238,0.0606
Kate Flannery,Pasha Pashkov,Actor/Actress,55,28,8,8.6666,-0.3579,1.0,0.0,0.0182,0.0606
Kel Mitchell,Witney Carson,Actor/Actress,41,28,8,9.9999,0.553,4.5,1.0,0.0244,0.0606
Lauren Alaina,Gleb Savchenko,Singer/Rapper,24,28,8,8.0,-0.8132,4.5,1.0,0.0417,0.1573
Sean Spicer,Lindsay Arnold,Politician,48,28,8,6.6667,-1.7241,4.5,1.0,0.0208,-1.4762
Ally Brooke,Sasha Farber,Singer/Rapper,26,28,9,10.0,1.0301,4.0,1.0,0.0385,0.1573
Hannah Brown,Alan Bersten,TV Personality,24,28,9,8.875,0.1472,4.0,1.0,0.0417,-0.1547
James Van Der Beek,Emma Slater,Actor/Actress,42,28,9,9.0,0.2453,4.0,1.0,0.0238,0.0606
Kel Mitchell,Witney Carson,Actor/Actress,41,28,9,9.25,0.4415,4.0,1.0,0.0244,0.0606
Lauren Alaina,Gleb Savchenko,Singer/Rapper,24,28,9,8.75,0.0491,4.0,1.0,0.0417,0.1573
Sean Spicer,Lindsay Arnold,Politician,48,28,9,6.25,-1.9131,1.0,0.0,0.0208,-1.4762
Ally Brooke,Sasha Farber,Singer/Rapper,26,28,10,9.8333,1.2978,3.5,1.0,0.0385,0.1573
Hannah Brown,Alan Bersten,TV Personality,24,28,10,9.0,-0.3244,3.5,1.0,0.0417,-0.1547
James Van Der Beek,Emma Slater,Actor/Actress,42,28,10,8.5,-1.2978,1.0,0.0,0.0238,0.0606
Kel Mitchell,Witney Carson,Actor/Actress,41,28,10,9.5,0.6489,3.5,1.0,0.0244,0.0606
Lauren Alaina,Gleb Savchenko,Singer/Rapper,24,28,10,9.0,-0.3244,3.5,1.0,0.0417,0.1573
AJ McLean,Cheryl Burke,Singer/Rapper,42,29,2,6.3333,0.5523,8.0,1.0,0.0238,0.1573
Anne Heche,Keo Motsepe,Actor/Actress,51,29,2,6.0,0.0368,8.0,1.0,0.0196,0.0606
Carole Baskin,Pasha Pashkov,TV Personality,59,29,2,5.3333,-0.9941,8.0,1.0,0.0169,-0.1547
Charles Oakley,Emma Slater,Athlete,56,29,2,5.0,-1.5095,1.0,0.0,0.0179,0.0515
Chrishell Stause,Gleb Savchenko,Actor/Actress,39,29,2,6.0,0.0368,8.0,1.0,0.0256,0.0606
Jeannie Mai,Brandon Armstrong,TV Personality,41,29,2,6.0,0.0368,8.0,1.0,0.0244,-0.1547
Jesse Metcalfe,Sharna Burgess,Actor/Actress,41,29,2,6.6667,1.0677,8.0,1.0,0.0244,0.0606
Johnny Weir,Britt Stewart,Athlete,36,29,2,6.0,0.0368,8.0,1.0,0.0278,0.0515
Justina Machado,Sasha Farber,Actor/Actress,48,29,2,7.0,1.5832,8.0,1.0,0.0208,0.0606
Monica Aldama,Valentin Chmerkovskiy,TV Personality,48,29,2,5.3333,-0.9941,8.0,1.0,0.0208,-0.1547
Nelly,Daniella Karagach,Singer/Rapper,45,29,2,6.0,0.0368,8.0,1.0,0.0222,0.1573
Nev Schulman,Jenna Johnson,Producer,35,29,2,7.0,1.5832,8.0,1.0,0.0286,1.0959
Skai Jackson,Alan Bersten,Actor/Actress,18,29,2,5.0,-1.5095,8.0,1.0,0.0556,0.0606
Veron Davis,Peta Murgatroyd,Athlete,36,29,2,6.0,0.0368,8.0,1.0,0.0278,0.0515
AJ McLean,Cheryl Burke,Singer/Rapper,42,29,3,7.0,0.3334,7.5,1.0,0.0238,0.1573
Anne Heche,Keo Motsepe,Actor/Actress,51,29,3,5.0,-1.4005,7.5,1.0,0.0196,0.0606
Carole Baskin,Pasha Pashkov,TV Personality,59,29,3,4.0,-2.2674,1.0,0.0,0.0169,-0.1547
Chrishell Stause,Gleb Savchenko,Actor/Actress,39,29,3,7.3333,0.6224,7.5,1.0,0.0256,0.0606
Jeannie Mai,Brandon Armstrong,TV Personality,41,29,3,7.3333,0.6224,7.5,1.0,0.0244,-0.1547
Jesse Metcalfe,Sharna Burgess,Actor/Actress,41,29,3,6.6667,0.0445,7.5,1.0,0.0244,0.0606
Johnny Weir,Britt Stewart,Athlete,36,29,3,8.0,1.2004,7.5,1.0,0.0278,0.0515
Justina Machado,Sasha Farber,Actor/Actress,48,29,3,6.3333,-0.2445,7.5,1.0,0.0208,0.0606
Monica Aldama,Valentin Chmerkovskiy,TV Personality,48,29,3,7.0,0.3334,7.5,1.0,0.0208,-0.1547
Nelly,Daniella Karagach,Singer/Rapper,45,29,3,6.0,-0.5335,7.5,1.0,0.0222,0.1573
Nev Schulman,Jenna Johnson,Producer,35,29,3,8.0,1.2004,7.5,1.0,0.0286,1.0959
Skai Jackson,Alan Bersten,Actor/Actress,18,29,3,6.0,-0.5335,7.5,1.0,0.0556,0.0606
Veron Davis,Peta Murgatroyd,Athlete,36,29,3,7.3333,0.6224,7.5,1.0,0.0278,0.0515
AJ McLean,Cheryl Burke,Singer/Rapper,42,29,4,8.0,0.4787,7.0,1.0,0.0238,0.1573
Anne Heche,Keo Motsepe,Actor/Actress,51,29,4,7.0,-0.9574,1.0,0.0,0.0196,0.0606
Chrishell Stause,Gleb Savchenko,Actor/Actress,39,29,4,7.3333,-0.4787,7.0,1.0,0.0256,0.0606
Jeannie Mai,Brandon Armstrong,TV Personality,41,29,4,7.0,-0.9574,7.0,1.0,0.0244,-0.1547
Jesse Metcalfe,Sharna Burgess,Actor/Actress,41,29,4,7.0,-0.9574,7.0,1.0,0.0244,0.0606
Johnny Weir,Britt Stewart,Athlete,36,29,4,8.0,0.4787,7.0,1.0,0.0278,0.0515
Justina Machado,Sasha Farber,Actor/Actress,48,29,4,8.0,0.4787,7.0,1.0,0.0208,0.0606
Monica Aldama,Valentin Chmerkovskiy,TV Personality,48,29,4,8.0,0.4787,7.0,1.0,0.0208,-0.1547
Nelly,Daniella Karagach,Singer/Rapper,45,29,4,7.0,-0.9574,7.0,1.0,0.0222,0.1573
Nev Schulman,Jenna Johnson,Producer,35,29,4,8.0,0.4787,7.0,1.0,0.0286,1.0959
Skai Jackson,Alan Bersten,Actor/Actress,18,29,4,9.3333,2.3936,7.0,1.0,0.0556,0.0606
Veron Davis,Peta Murgatroyd,Athlete,36,29,4,7.3333,-0.4787,7.0,1.0,0.0278,0.0515
AJ McLean,Cheryl Burke,Singer/Rapper,42,29,5,8.0,0.1208,6.5,1.0,0.0238,0.1573
Chrishell Stause,Gleb Savchenko,Actor/Actress,39,29,5,6.3333,-1.5408,6.5,1.0,0.0256,0.0606
Jeannie Mai,Brandon Armstrong,TV Personality,41,29,5,8.0,0.1208,6.5,1.0,0.0244,-0.1547
Jesse Metcalfe,Sharna Burgess,Actor/Actress,41,29,5,6.3333,-1.5408,1.0,0.0,0.0244,0.0606
Johnny Weir,Britt Stewart,Athlete,36,29,5,9.6667,1.7825,6.5,1.0,0.0278,0.0515
Justina Machado,Sasha Farber,Actor/Actress,48,29,5,8.0,0.1208,6.5,1.0,0.0208,0.0606
Monica Aldama,Valentin Chmerkovskiy,TV Personality,48,29,5,8.6667,0.7855,6.5,1.0,0.0208,-0.1547
Nelly,Daniella Karagach,Singer/Rapper,45,29,5,8.0,0.1208,6.5,1.0,0.0222,0.1573
Nev Schulman,Jenna Johnson,Producer,35,29,5,8.6667,0.7855,6.5,1.0,0.0286,1.0959
Skai Jackson,Alan Bersten,Actor/Actress,18,29,5,8.0,0.1208,6.5,1.0,0.0556,0.0606
Veron Davis,Peta Murgatroyd,Athlete,36,29,5,7.0,-0.8761,6.5,1.0,0.0278,0.0515
AJ McLean,Cheryl Burke,Singer/Rapper,42,29,6,9.0,0.9673,6.0,1.0,0.0238,0.1573
Chrishell Stause,Gleb Savchenko,Actor/Actress,39,29,6,8.0,-0.0334,6.0,1.0,0.0256,0.0606
Jeannie Mai,Brandon Armstrong,TV Personality,41,29,6,8.3333,0.3002,6.0,1.0,0.0244,-0.1547
Johnny Weir,Britt Stewart,Athlete,36,29,6,7.3333,-0.7004,6.0,1.0,0.0278,0.0515
Justina Machado,Sasha Farber,Actor/Actress,48,29,6,9.0,0.9673,6.0,1.0,0.0208,0.0606
Monica Aldama,Valentin Chmerkovskiy,TV Personality,48,29,6,9.0,0.9673,6.0,1.0,0.0208,-0.1547
Nelly,Daniella Karagach,Singer/Rapper,45,29,6,8.0,-0.0334,6.0,1.0,0.0222,0.1573
Nev Schulman,Jenna Johnson,Producer,35,29,6,8.6667,0.6337,6.0,1.0,0.0286,1.0959
Skai Jackson,Alan Bersten,Actor/Actress,18,29,6,6.0,-2.0346,6.0,1.0,0.0556,0.0606
Veron Davis,Peta Murgatroyd,Athlete,36,29,6,7.0,-1.034,1.0,0.0,0.0278,0.0515
AJ McLean,Cheryl Burke,Singer/Rapper,42,29,7,8.6667,-0.1054,5.5,1.0,0.0238,0.1573
Chrishell Stause,Gleb Savchenko,Actor/Actress,39,29,7,8.6667,-0.1054,5.5,1.0,0.0256,0.0606
Jeannie Mai,Brandon Armstrong,TV Personality,41,29,7,8.3333,-0.5798,5.5,1.0,0.0244,-0.1547
Johnny Weir,Britt Stewart,Athlete,36,29,7,9.0,0.3689,5.5,1.0,0.0278,0.0515
Justina Machado,Sasha Farber,Actor/Actress,48,29,7,8.6667,-0.1054,5.5,1.0,0.0208,0.0606
Monica Aldama,Valentin Chmerkovskiy,TV Personality,48,29,7,7.3333,-2.0028,1.0,0.0,0.0208,-0.1547
Nelly,Daniella Karagach,Singer/Rapper,45,29,7,9.0,0.3689,5.5,1.0,0.0222,0.1573
Nev Schulman,Jenna Johnson,Producer,35,29,7,10.0,1.792,5.5,1.0,0.0286,1.0959
Skai Jackson,Alan Bersten,Actor/Actress,18,29,7,9.0,0.3689,5.5,1.0,0.0556,0.0606
AJ McLean,Cheryl Burke,Singer/Rapper,42,29,8,9.0,-0.3341,4.5,1.0,0.0238,0.1573
Chrishell Stause,Gleb Savchenko,Actor/Actress,39,29,8,9.0,-0.3341,1.0,0.0,0.0256,0.0606
Johnny Weir,Britt Stewart,Athlete,36,29,8,10.0,1.0691,4.5,1.0,0.0278,0.0515
Justina Machado,Sasha Farber,Actor/Actress,48,29,8,9.6666,0.6013,4.5,1.0,0.0208,0.0606
Nelly,Daniella Karagach,Singer/Rapper,45,29,8,8.0,-1.7372,4.5,1.0,0.0222,0.1573
Nev Schulman,Jenna Johnson,Producer,35,29,8,10.0,1.0691,4.5,1.0,0.0286,1.0959
Skai Jackson,Alan Bersten,Actor/Actress,18,29,8,8.9999,-0.3341,4.5,1.0,0.0556,0.0606
AJ McLean,Cheryl Burke,Singer/Rapper,42,29,9,8.3333,-0.8725,1.0,0.0,0.0238,0.1573
Johnny Weir,Britt Stewart,Athlete,36,29,9,10.0,1.141,4.0,1.0,0.0278,0.0515
Justina Machado,Sasha Farber,Actor/Actress,48,29,9,8.6666,-0.4698,4.0,1.0,0.0208,0.0606
Nelly,Daniella Karagach,Singer/Rapper,45,29,9,8.0,-1.2751,4.0,1.0,0.0222,0.1573
Nev Schulman,Jenna Johnson,Producer,35,29,9,9.6666,0.7382,4.0,1.0,0.0286,1.0959
Skai Jackson,Alan Bersten,Actor/Actress,18,29,9,9.6666,0.7382,4.0,1.0,0.0556,0.0606
Johnny Weir,Britt Stewart,Athlete,36,29,10,9.5,-0.3956,1.0,0.0,0.0278,0.0515
Justina Machado,Sasha Farber,Actor/Actress,48,29,10,9.6667,0.2638,3.5,1.0,0.0208,0.0606
Nelly,Daniella Karagach,Singer/Rapper,45,29,10,9.3333,-1.055,3.5,1.0,0.0222,0.1573
Nev Schulman,Jenna Johnson,Producer,35,29,10,10.0,1.5825,3.5,1.0,0.0286,1.0959
Skai Jackson,Alan Bersten,Actor/Actress,18,29,10,9.5,-0.3956,3.5,1.0,0.0556,0.0606
Amanda Kloots,Alan Bersten,TV Personality,39,30,2,8.0,1.5297,7.5,1.0,0.0256,-0.1547
Brian Austin Green,Sharna Burgess,Actor/Actress,48,30,2,5.75,-0.5759,7.5,1.0,0.0208,0.0606
Cody Rigsby,Cheryl Burke,Fitness Instructor,34,30,2,6.0,-0.3419,7.5,1.0,0.0294,-0.479
Iman Shumpert,Daniella Karagach,Athlete,31,30,2,6.25,-0.108,7.5,1.0,0.0323,0.0515
Jimmie Allen,Emma Slater,Singer/Rapper,36,30,2,6.75,0.3599,7.5,1.0,0.0278,0.1573
JoJo Siwa,Jenna Johnson,Social Media Personality,18,30,2,7.75,1.2958,7.5,1.0,0.0556,0.6099
Kenya Moore,Brandon Armstrong,TV Personality,50,30,2,6.0,-0.3419,7.5,1.0,0.02,-0.1547
Martin Kove,Britt Stewart,Actor/Actress,75,30,2,3.75,-2.4476,1.0,0.0,0.0133,0.0606
Matt James,Lindsay Arnold,Athlete,29,30,2,5.5,-0.8099,7.5,1.0,0.0345,0.0515
Melora Hardin,Artem Chigvintsev,Actor/Actress,54,30,2,6.75,0.3599,7.5,1.0,0.0185,0.0606
"Mike ""The Miz"" Mizanin",Witney Carson,Athlete,40,30,2,6.5,0.126,7.5,1.0,0.025,0.0515
Olivia Jade,Valentin Chmerkovskiy,Social Media Personality,21,30,2,6.75,0.3599,7.5,1.0,0.0476,0.6099
Suni Lee,Sasha Farber,Athlete,18,30,2,7.0,0.5939,7.5,1.0,0.0556,0.0515
Amanda Kloots,Alan Bersten,TV Personality,39,30,4,8.5,0.631,7.0,1.0,0.0256,-0.1547
Brian Austin Green,Sharna Burgess,Actor/Actress,48,30,4,6.5,-1.8931,1.0,0.0,0.0208,0.0606
Cody Rigsby,Cheryl Burke,Fitness Instructor,34,30,4,7.25,-0.9465,7.0,1.0,0.0294,-0.479
Iman Shumpert,Daniella Karagach,Athlete,31,30,4,7.875,-0.1578,7.0,1.0,0.0323,0.0515
Jimmie Allen,Emma Slater,Singer/Rapper,36,30,4,8.125,0.1578,7.0,1.0,0.0278,0.1573
JoJo Siwa,Jenna Johnson,Social Media Personality,18,30,4,8.75,0.9465,7.0,1.0,0.0556,0.6099
Kenya Moore,Brandon Armstrong,TV Personality,50,30,4,7.375,-0.7888,7.0,1.0,0.02,-0.1547
Matt James,Lindsay Arnold,Athlete,29,30,4,7.125,-1.1043,7.0,1.0,0.0345,0.0515
Melora Hardin,Artem Chigvintsev,Actor/Actress,54,30,4,9.125,1.4198,7.0,1.0,0.0185,0.0606
"Mike ""The Miz"" Mizanin",Witney Carson,Athlete,40,30,4,8.125,0.1578,7.0,1.0,0.025,0.0515
Olivia Jade,Valentin Chmerkovskiy,Social Media Personality,21,30,4,8.75,0.9465,7.0,1.0,0.0476,0.6099
Suni Lee,Sasha Farber,Athlete,18,30,4,8.5,0.631,7.0,1.0,0.0556,0.0515
Amanda Kloots,Alan Bersten,TV Personality,39,30,6,9.5,0.6076,6.0,1.0,0.0256,-0.1547
Cody Rigsby,Cheryl Burke,Fitness Instructor,34,30,6,9.0,-0.1519,6.0,1.0,0.0294,-0.479
Iman Shumpert,Daniella Karagach,Athlete,31,30,6,10.0,1.3672,6.0,1.0,0.0323,0.0515
Jimmie Allen,Emma Slater,Singer/Rapper,36,30,6,9.5,0.6076,6.0,1.0,0.0278,0.1573
JoJo Siwa,Jenna Johnson,Social Media Personality,18,30,6,10.0,1.3672,6.0,1.0,0.0556,0.6099
Kenya Moore,Brandon Armstrong,TV Personality,50,30,6,8.0,-1.671,1.0,0.0,0.02,-0.1547
Melora Hardin,Artem Chigvintsev,Actor/Actress,54,30,6,8.5,-0.9115,6.0,1.0,0.0185,0.0606
"Mike ""The Miz"" Mizanin",Witney Carson,Athlete,40,30,6,8.5,-0.9115,6.0,1.0,0.025,0.0515
Olivia Jade,Valentin Chmerkovskiy,Social Media Personality,21,30,6,9.0,-0.1519,6.0,1.0,0.0476,0.6099
Suni Lee,Sasha Farber,Athlete,18,30,6,9.0,-0.1519,6.0,1.0,0.0556,0.0515
Amanda Kloots,Alan Bersten,TV Personality,39,30,7,8.5,-0.7379,5.5,1.0,0.0256,-0.1547
Cody Rigsby,Cheryl Burke,Fitness Instructor,34,30,7,9.0,-0.1054,5.5,1.0,0.0294,-0.479
Iman Shumpert,Daniella Karagach,Athlete,31,30,7,8.5,-0.7379,5.5,1.0,0.0323,0.0515
Jimmie Allen,Emma Slater,Singer/Rapper,36,30,7,9.5,0.527,5.5,1.0,0.0278,0.1573
JoJo Siwa,Jenna Johnson,Social Media Personality,18,30,7,9.75,0.8433,5.5,1.0,0.0556,0.6099
Melora Hardin,Artem Chigvintsev,Actor/Actress,54,30,7,9.5,0.527,5.5,1.0,0.0185,0.0606
"Mike ""The Miz"" Mizanin",Witney Carson,Athlete,40,30,7,8.0,-1.3703,1.0,0.0,0.025,0.0515
Olivia Jade,Valentin Chmerkovskiy,Social Media Personality,21,30,7,10.5,1.792,5.5,1.0,0.0476,0.6099
Suni Lee,Sasha Farber,Athlete,18,30,7,8.5,-0.7379,5.5,1.0,0.0556,0.0515
Amanda Kloots,Alan Bersten,TV Personality,39,30,8,10.5,0.908,5.0,1.0,0.0256,-0.1547
Cody Rigsby,Cheryl Burke,Fitness Instructor,34,30,8,9.5,-0.1297,5.0,1.0,0.0294,-0.479
Iman Shumpert,Daniella Karagach,Athlete,31,30,8,8.75,-0.908,5.0,1.0,0.0323,0.0515
Jimmie Allen,Emma Slater,Singer/Rapper,36,30,8,8.0,-1.6863,1.0,0.0,0.0278,0.1573
JoJo Siwa,Jenna Johnson,Social Media Personality,18,30,8,10.25,0.6486,5.0,1.0,0.0556,0.6099
Melora Hardin,Artem Chigvintsev,Actor/Actress,54,30,8,10.5,0.908,5.0,1.0,0.0185,0.0606
Olivia Jade,Valentin Chmerkovskiy,Social Media Personality,21,30,8,9.0,-0.6486,5.0,1.0,0.0476,0.6099
Suni Lee,Sasha Farber,Athlete,18,30,8,10.5,0.908,5.0,1.0,0.0556,0.0515
Amanda Kloots,Alan Bersten,TV Personality,39,30,9,9.875,1.0144,4.0,1.0,0.0256,-0.1547
Cody Rigsby,Cheryl Burke,Fitness Instructor,34,30,9,8.875,-1.1988,4.0,1.0,0.0294,-0.479
Iman Shumpert,Daniella Karagach,Athlete,31,30,9,9.375,-0.0922,4.0,1.0,0.0323,0.0515
JoJo Siwa,Jenna Johnson,Social Media Personality,18,30,9,10.0,1.291,4.0,1.0,0.0556,0.6099
Melora Hardin,Artem Chigvintsev,Actor/Actress,54,30,9,9.0,-0.9221,1.0,0.0,0.0185,0.0606
Suni Lee,Sasha Farber,Athlete,18,30,9,9.375,-0.0922,4.0,1.0,0.0556,0.0515
Charli D'Amelio,Mark Ballas,Social Media Personality,18,31,1,8.0,1.7413,8.5,1.0,0.0556,0.6099
Cheryl Ladd,Louis van Amstel,Actor/Actress,71,31,1,5.25,-0.6936,8.5,1.0,0.0141,0.0606
Daniel Durant,Britt Stewart,Actor/Actress,32,31,1,6.75,0.6345,8.5,1.0,0.0312,0.0606
Gabby Windey,Valentin Chmerkovskiy,TV Personality,31,31,1,7.0,0.8559,8.5,1.0,0.0323,-0.1547
Heidi D'Amelio,Artem Chigvintsev,Social Media Personality,50,31,1,6.0,-0.0295,8.5,1.0,0.02,0.6099
Jason Lewis,Peta Murgatroyd,Actor/Actress,51,31,1,4.5,-1.3576,1.0,0.0,0.0196,0.0606
Jordin Sparks,Brandon Armstrong,Singer/Rapper,32,31,1,6.5,0.4132,8.5,1.0,0.0312,0.1573
Joseph Baena,Daniella Karagach,Actor/Actress,24,31,1,5.75,-0.2509,8.5,1.0,0.0417,0.0606
Sam Champion,Cheryl Burke,News Anchor,61,31,1,5.0,-0.9149,8.5,1.0,0.0164,-0.194
Selma Blair,Sasha Farber,Actor/Actress,50,31,1,7.0,0.8559,8.5,1.0,0.02,0.0606
Shangela,Gleb Savchenko,TV Personality,40,31,1,7.0,0.8559,8.5,1.0,0.025,-0.1547
Teresa Giudice,Pasha Pashkov,TV Personality,50,31,1,5.0,-0.9149,8.5,1.0,0.02,-0.1547
Trevor Donovan,Emma Slater,Actor/Actress,39,31,1,5.25,-0.6936,8.5,1.0,0.0256,0.0606
Vinny Guadagnino,Koko Iwasaki,TV Personality,34,31,1,4.25,-1.579,8.5,1.0,0.0294,-0.1547
Wayne Brady,Witney Carson,Comedian,50,31,1,7.25,1.0772,8.5,1.0,0.02,-0.8619
Charli D'Amelio,Mark Ballas,Social Media Personality,18,31,2,8.0,1.2948,8.0,1.0,0.0556,0.6099
Cheryl Ladd,Louis van Amstel,Actor/Actress,71,31,2,5.25,-1.974,8.0,1.0,0.0141,0.0606
Daniel Durant,Britt Stewart,Actor/Actress,32,31,2,7.25,0.4033,8.0,1.0,0.0312,0.0606
Gabby Windey,Valentin Chmerkovskiy,TV Personality,31,31,2,8.0,1.2948,8.0,1.0,0.0323,-0.1547
Heidi D'Amelio,Artem Chigvintsev,Social Media Personality,50,31,2,7.0,0.1061,8.0,1.0,0.02,0.6099
Jordin Sparks,Brandon Armstrong,Singer/Rapper,32,31,2,6.75,-0.191,8.0,1.0,0.0312,0.1573
Joseph Baena,Daniella Karagach,Actor/Actress,24,31,2,6.0,-1.0825,8.0,1.0,0.0417,0.0606
Sam Champion,Cheryl Burke,News Anchor,61,31,2,6.5,-0.4882,8.0,1.0,0.0164,-0.194
Selma Blair,Sasha Farber,Actor/Actress,50,31,2,7.0,0.1061,8.0,1.0,0.02,0.0606
Shangela,Gleb Savchenko,TV Personality,40,31,2,7.0,0.1061,8.0,1.0,0.025,-0.1547
Teresa Giudice,Pasha Pashkov,TV Personality,50,31,2,5.75,-1.3797,1.0,0.0,0.02,-0.1547
Trevor Donovan,Emma Slater,Actor/Actress,39,31,2,7.5,0.7005,8.0,1.0,0.0256,0.0606
Vinny Guadagnino,Koko Iwasaki,TV Personality,34,31,2,6.75,-0.191,8.0,1.0,0.0294,-0.1547
Wayne Brady,Witney Carson,Comedian,50,31,2,8.0,1.2948,8.0,1.0,0.02,-0.8619
Charli D'Amelio,Mark Ballas,Social Media Personality,18,31,3,8.25,1.1547,7.5,1.0,0.0556,0.6099
Cheryl Ladd,Louis van Amstel,Actor/Actress,71,31,3,6.0,-1.4434,1.0,0.0,0.0141,0.0606
Daniel Durant,Britt Stewart,Actor/Actress,32,31,3,7.75,0.5774,7.5,1.0,0.0312,0.0606
Gabby Windey,Valentin Chmerkovskiy,TV Personality,31,31,3,8.25,1.1547,7.5,1.0,0.0323,-0.1547
Heidi D'Amelio,Artem Chigvintsev,Social Media Personality,50,31,3,8.0,0.866,7.5,1.0,0.02,0.6099
Jordin Sparks,Brandon Armstrong,Singer/Rapper,32,31,3,7.25,0.0,7.5,1.0,0.0312,0.1573
Joseph Baena,Daniella Karagach,Actor/Actress,24,31,3,7.25,0.0,7.5,1.0,0.0417,0.0606
Sam Champion,Cheryl Burke,News Anchor,61,31,3,6.25,-1.1547,7.5,1.0,0.0164,-0.194
Selma Blair,Sasha Farber,Actor/Actress,50,31,3,7.0,-0.2887,7.5,1.0,0.02,0.0606
Shangela,Gleb Savchenko,TV Personality,40,31,3,7.5,0.2887,7.5,1.0,0.025,-0.1547
Trevor Donovan,Emma Slater,Actor/Actress,39,31,3,6.75,-0.5774,7.5,1.0,0.0256,0.0606
Vinny Guadagnino,Koko Iwasaki,TV Personality,34,31,3,5.75,-1.7321,7.5,1.0,0.0294,-0.1547
Wayne Brady,Witney Carson,Comedian,50,31,3,8.25,1.1547,7.5,1.0,0.02,-0.8619
Charli D'Amelio,Mark Ballas,Social Media Personality,18,31,4,9.0,1.1846,7.0,1.0,0.0556,0.6099
Daniel Durant,Britt Stewart,Actor/Actress,32,31,4,7.25,-0.6929,7.0,1.0,0.0312,0.0606
Gabby Windey,Valentin Chmerkovskiy,TV Personality,31,31,4,9.0,1.1846,7.0,1.0,0.0323,-0.1547
Heidi D'Amelio,Artem Chigvintsev,Social Media Personality,50,31,4,8.5,0.6482,7.0,1.0,0.02,0.6099
Jordin Sparks,Brandon Armstrong,Singer/Rapper,32,31,4,8.5,0.6482,7.0,1.0,0.0312,0.1573
Joseph Baena,Daniella Karagach,Actor/Actress,24,31,4,7.0,-0.9611,7.0,1.0,0.0417,0.0606
Sam Champion,Cheryl Burke,News Anchor,61,31,4,6.25,-1.7657,1.0,0.0,0.0164,-0.194
Selma Blair,Sasha Farber,Actor/Actress,50,31,4,8.0,0.1118,7.0,1.0,0.02,0.0606
Shangela,Gleb Savchenko,TV Personality,40,31,4,8.0,0.1118,7.0,1.0,0.025,-0.1547
Trevor Donovan,Emma Slater,Actor/Actress,39,31,4,7.0,-0.9611,7.0,1.0,0.0256,0.0606
Vinny Guadagnino,Koko Iwasaki,TV Personality,34,31,4,7.25,-0.6929,7.0,1.0,0.0294,-0.1547
Wayne Brady,Witney Carson,Comedian,50,31,4,9.0,1.1846,7.0,1.0,0.02,-0.8619
Charli D'Amelio,Mark Ballas,Social Media Personality,18,31,5,10.5,1.2728,6.5,1.0,0.0556,0.6099
Daniel Durant,Britt Stewart,Actor/Actress,32,31,5,8.375,-1.1314,6.5,1.0,0.0312,0.0606
Gabby Windey,Valentin Chmerkovskiy,TV Personality,31,31,5,10.25,0.9899,6.5,1.0,0.0323,-0.1547
Heidi D'Amelio,Artem Chigvintsev,Social Media Personality,50,31,5,9.75,0.4243,6.5,1.0,0.02,0.6099
Jordin Sparks,Brandon Armstrong,Singer/Rapper,32,31,5,8.875,-0.5657,6.5,1.0,0.0312,0.1573
Joseph Baena,Daniella Karagach,Actor/Actress,24,31,5,8.75,-0.7071,1.0,0.0,0.0417,0.0606
Selma Blair,Sasha Farber,Actor/Actress,50,31,5,10.0,0.7071,6.5,1.0,0.02,0.0606
Shangela,Gleb Savchenko,TV Personality,40,31,5,9.625,0.2828,6.5,1.0,0.025,-0.1547
Trevor Donovan,Emma Slater,Actor/Actress,39,31,5,9.0,-0.4243,6.5,1.0,0.0256,0.0606
Vinny Guadagnino,Koko Iwasaki,TV Personality,34,31,5,7.75,-1.8385,6.5,1.0,0.0294,-0.1547
Wayne Brady,Witney Carson,Comedian,50,31,5,10.25,0.9899,6.5,1.0,0.02,-0.8619
Charli D'Amelio,Mark Ballas,Social Media Personality,18,31,7,9.75,1.1816,5.5,1.0,0.0556,0.6099
Daniel Durant,Britt Stewart,Actor/Actress,32,31,7,9.125,0.139,5.5,1.0,0.0312,0.0606
Gabby Windey,Valentin Chmerkovskiy,TV Personality,31,31,7,8.875,-0.278,5.5,1.0,0.0323,-0.1547
Heidi D'Amelio,Artem Chigvintsev,Social Media Personality,50,31,7,8.75,-0.4865,5.5,1.0,0.02,0.6099
Jordin Sparks,Brandon Armstrong,Singer/Rapper,32,31,7,8.625,-0.695,1.0,0.0,0.0312,0.1573
Shangela,Gleb Savchenko,TV Personality,40,31,7,9.125,0.139,5.5,1.0,0.025,-0.1547
Trevor Donovan,Emma Slater,Actor/Actress,39,31,7,9.75,1.1816,5.5,1.0,0.0256,0.0606
Vinny Guadagnino,Koko Iwasaki,TV Personality,34,31,7,7.875,-1.9461,5.5,1.0,0.0294,-0.1547
Wayne Brady,Witney Carson,Comedian,50,31,7,9.5,0.7646,5.5,1.0,0.02,-0.8619
Charli D'Amelio,Mark Ballas,Social Media Personality,18,31,8,11.25,1.0825,5.0,1.0,0.0556,0.6099
Daniel Durant,Britt Stewart,Actor/Actress,32,31,8,9.75,-0.0471,5.0,1.0,0.0312,0.0606
Gabby Windey,Valentin Chmerkovskiy,TV Personality,31,31,8,10.0,0.1412,5.0,1.0,0.0323,-0.1547
Heidi D'Amelio,Artem Chigvintsev,Social Media Personality,50,31,8,8.75,-0.8001,1.0,0.0,0.02,0.6099
Shangela,Gleb Savchenko,TV Personality,40,31,8,10.5,0.5177,5.0,1.0,0.025,-0.1547
Trevor Donovan,Emma Slater,Actor/Actress,39,31,8,9.75,-0.0471,5.0,1.0,0.0256,0.0606
Vinny Guadagnino,Koko Iwasaki,TV Personality,34,31,8,7.25,-1.9297,5.0,1.0,0.0294,-0.1547
Wayne Brady,Witney Carson,Comedian,50,31,8,11.25,1.0825,5.0,1.0,0.02,-0.8619
Charli D'Amelio,Mark Ballas,Social Media Personality,18,31,9,10.0,1.1194,4.0,1.0,0.0556,0.6099
Daniel Durant,Britt Stewart,Actor/Actress,32,31,9,8.625,-0.7276,1.0,0.0,0.0312,0.0606
Gabby Windey,Valentin Chmerkovskiy,TV Personality,31,31,9,10.0,1.1194,4.0,1.0,0.0323,-0.1547
Shangela,Gleb Savchenko,TV Personality,40,31,9,9.125,-0.056,4.0,1.0,0.025,-0.1547
Trevor Donovan,Emma Slater,Actor/Actress,39,31,9,8.125,-1.3993,4.0,1.0,0.0256,0.0606
Wayne Brady,Witney Carson,Comedian,50,31,9,9.125,-0.056,4.0,1.0,0.02,-0.8619
Adrian Peterson,Britt Stewart,Athlete,38,32,1,6.0,0.3282,6.5,1.0,0.0263,0.0515
Alyson Hannigan,Sasha Farber,Actor/Actress,49,32,1,4.3333,-1.0605,6.5,1.0,0.0204,0.0606
Ariana Madix,Pasha Pashkov,TV Personality,38,32,1,7.0,1.1615,6.5,1.0,0.0263,-0.1547
Barry Williams,Peta Murgatroyd,Actor/Actress,68,32,1,5.3333,-0.2272,6.5,1.0,0.0147,0.0606
Charity Lawson,Artem Chigvintsev,TV Personality,27,32,1,7.3333,1.4392,6.5,1.0,0.037,-0.1547
Jamie Lynn Spears,Alan Bersten,Actor/Actress,32,32,1,5.0,-0.505,6.5,1.0,0.0312,0.0606
Jason Mraz,Daniella Karagach,Singer/Rapper,46,32,1,7.0,1.1615,6.5,1.0,0.0217,0.1573
Matt Walsh,Koko Iwasaki,Comedian,58,32,1,4.0,-1.3382,1.0,0.0,0.0172,-0.8619
Mira Sorvino,Gleb Savchenko,Actor/Actress,55,32,1,5.6667,0.0505,6.5,1.0,0.0182,0.0606
Tyson Beckford,Jenna Johnson,Model,52,32,1,4.0,-1.3382,6.5,1.0,0.0192,-0.1784
Xochitl Gomez,Valentin Chmerkovskiy,Actor/Actress,17,32,1,6.0,0.3282,6.5,1.0,0.0588,0.0606
Adrian Peterson,Britt Stewart,Athlete,38,32,2,5.0,-1.2122,6.0,1.0,0.0263,0.0515
Alyson Hannigan,Sasha Farber,Actor/Actress,49,32,2,6.3333,0.0,6.0,1.0,0.0204,0.0606
Ariana Madix,Pasha Pashkov,TV Personality,38,32,2,6.6667,0.303,6.0,1.0,0.0263,-0.1547
Barry Williams,Peta Murgatroyd,Actor/Actress,68,32,2,5.0,-1.2122,6.0,1.0,0.0147,0.0606
Charity Lawson,Artem Chigvintsev,TV Personality,27,32,2,7.0,0.6061,6.0,1.0,0.037,-0.1547
Jamie Lynn Spears,Alan Bersten,Actor/Actress,32,32,2,5.3333,-0.9091,1.0,0.0,0.0312,0.0606
Jason Mraz,Daniella Karagach,Singer/Rapper,46,32,2,8.0,1.5152,6.0,1.0,0.0217,0.1573
Mira Sorvino,Gleb Savchenko,Actor/Actress,55,32,2,6.0,-0.303,6.0,1.0,0.0182,0.0606
Tyson Beckford,Jenna Johnson,Model,52,32,2,6.0,-0.303,6.0,1.0,0.0192,-0.1784
Xochitl Gomez,Valentin Chmerkovskiy,Actor/Actress,17,32,2,8.0,1.5152,6.0,1.0,0.0588,0.0606
Adrian Peterson,Britt Stewart,Athlete,38,32,3,5.5,-1.0523,5.5,1.0,0.0263,0.0515
Alyson Hannigan,Sasha Farber,Actor/Actress,49,32,3,6.0,-0.6809,5.5,1.0,0.0204,0.0606
Ariana Madix,Pasha Pashkov,TV Personality,38,32,3,8.5,1.1761,5.5,1.0,0.0263,-0.1547
Barry Williams,Peta Murgatroyd,Actor/Actress,68,32,3,6.25,-0.4952,5.5,1.0,0.0147,0.0606
Charity Lawson,Artem Chigvintsev,TV Personality,27,32,3,8.0,0.8047,5.5,1.0,0.037,-0.1547
Jason Mraz,Daniella Karagach,Singer/Rapper,46,32,3,8.5,1.1761,5.5,1.0,0.0217,0.1573
Mira Sorvino,Gleb Savchenko,Actor/Actress,55,32,3,6.5,-0.3095,5.5,1.0,0.0182,0.0606
Tyson Beckford,Jenna Johnson,Model,52,32,3,5.0,-1.4237,1.0,0.0,0.0192,-0.1784
Xochitl Gomez,Valentin Chmerkovskiy,Actor/Actress,17,32,3,8.0,0.8047,5.5,1.0,0.0588,0.0606
Adrian Peterson,Britt Stewart,Athlete,38,32,4,7.0,-0.3806,1.0,0.0,0.0263,0.0515
Alyson Hannigan,Sasha Farber,Actor/Actress,49,32,4,6.0,-1.2941,5.0,1.0,0.0204,0.0606
Ariana Madix,Pasha Pashkov,TV Personality,38,32,4,8.3333,0.8374,5.0,1.0,0.0263,-0.1547
Barry Williams,Peta Murgatroyd,Actor/Actress,68,32,4,6.0,-1.2941,5.0,1.0,0.0147,0.0606
Charity Lawson,Artem Chigvintsev,TV Personality,27,32,4,8.0,0.5329,5.0,1.0,0.037,-0.1547
Jason Mraz,Daniella Karagach,Singer/Rapper,46,32,4,8.0,0.5329,5.0,1.0,0.0217,0.1573
Mira Sorvino,Gleb Savchenko,Actor/Actress,55,32,4,7.0,-0.3806,5.0,1.0,0.0182,0.0606
Xochitl Gomez,Valentin Chmerkovskiy,Actor/Actress,17,32,4,9.0,1.4463,5.0,1.0,0.0588,0.0606
Alyson Hannigan,Sasha Farber,Actor/Actress,49,32,5,7.0,-1.3517,4.5,1.0,0.0204,0.0606
Ariana Madix,Pasha Pashkov,TV Personality,38,32,5,8.0,-0.3004,4.5,1.0,0.0263,-0.1547
Barry Williams,Peta Murgatroyd,Actor/Actress,68,32,5,8.0,-0.3004,4.5,1.0,0.0147,0.0606
Charity Lawson,Artem Chigvintsev,TV Personality,27,32,5,9.3333,1.1014,4.5,1.0,0.037,-0.1547
Jason Mraz,Daniella Karagach,Singer/Rapper,46,32,5,9.0,0.7509,4.5,1.0,0.0217,0.1573
Mira Sorvino,Gleb Savchenko,Actor/Actress,55,32,5,7.3333,-1.0013,1.0,0.0,0.0182,0.0606
Xochitl Gomez,Valentin Chmerkovskiy,Actor/Actress,17,32,5,9.3333,1.1014,4.5,1.0,0.0588,0.0606
Alyson Hannigan,Sasha Farber,Actor/Actress,49,32,8,9.0,-0.4423,4.0,1.0,0.0204,0.0606
Ariana Madix,Pasha Pashkov,TV Personality,38,32,8,10.5,1.327,4.0,1.0,0.0263,-0.1547
Barry Williams,Peta Murgatroyd,Actor/Actress,68,32,8,8.75,-0.7372,1.0,0.0,0.0147,0.0606
Charity Lawson,Artem Chigvintsev,TV Personality,27,32,8,9.75,0.4423,4.0,1.0,0.037,-0.1547
Jason Mraz,Daniella Karagach,Singer/Rapper,46,32,8,8.25,-1.327,4.0,1.0,0.0217,0.1573
Xochitl Gomez,Valentin Chmerkovskiy,Actor/Actress,17,32,8,10.0,0.7372,4.0,1.0,0.0588,0.0606
Brooks Nader,Gleb Savchenko,Model,27,33,2,6.6667,-0.0304,7.0,1.0,0.037,-0.1784
Chandler Kinney,Brandon Armstrong,Actor/Actress,24,33,2,8.0,1.4266,7.0,1.0,0.0417,0.0606
Danny Amendola,Witney Carson,Athlete,39,33,2,7.0,0.3339,7.0,1.0,0.0256,0.0515
Dwight Howard ,Daniella Karagach,Athlete,38,33,2,7.3333,0.6981,7.0,1.0,0.0263,0.0515
Eric Roberts,Britt Stewart,Actor/Actress,68,33,2,5.0,-1.8515,7.0,1.0,0.0147,0.0606
Ilona Maher,Alan Bersten,Athlete,28,33,2,7.0,0.3339,7.0,1.0,0.0357,0.0515
Jenn Tran,Sasha Farber,TV Personality,26,33,2,6.3333,-0.3946,7.0,1.0,0.0385,-0.1547
Joey Graziadei,Jenna Johnson,TV Personality,29,33,2,7.3333,0.6981,7.0,1.0,0.0345,-0.1547
Phaedra Parks,Val Chmerkovskiy,TV Personality,51,33,2,7.0,0.3339,7.0,1.0,0.0196,-0.1547
Reginald VelJohnson,Emma Slater,Actor/Actress,74,33,2,5.0,-1.8515,7.0,1.0,0.0135,0.0606
Stephen Nedoroscik,Rylee Arnold,Athlete,26,33,2,7.3333,0.6981,7.0,1.0,0.0385,0.0515
Tori Spelling,Pasha Pashkov,Actor/Actress,51,33,2,6.3333,-0.3946,1.0,0.0,0.0196,0.0606
Brooks Nader,Gleb Savchenko,Model,27,33,3,7.625,0.3665,6.5,1.0,0.037,-0.1784
Chandler Kinney,Brandon Armstrong,Actor/Actress,24,33,3,8.625,1.288,6.5,1.0,0.0417,0.0606
Danny Amendola,Witney Carson,Athlete,39,33,3,7.5,0.2513,6.5,1.0,0.0256,0.0515
Dwight Howard ,Daniella Karagach,Athlete,38,33,3,6.5,-0.6702,6.5,1.0,0.0263,0.0515
Eric Roberts,Britt Stewart,Actor/Actress,68,33,3,5.75,-1.3613,1.0,0.0,0.0147,0.0606
Ilona Maher,Alan Bersten,Athlete,28,33,3,7.0,-0.2094,6.5,1.0,0.0357,0.0515
Jenn Tran,Sasha Farber,TV Personality,26,33,3,7.75,0.4817,6.5,1.0,0.0385,-0.1547
Joey Graziadei,Jenna Johnson,TV Personality,29,33,3,8.75,1.4032,6.5,1.0,0.0345,-0.1547
Phaedra Parks,Val Chmerkovskiy,TV Personality,51,33,3,7.0,-0.2094,6.5,1.0,0.0196,-0.1547
Reginald VelJohnson,Emma Slater,Actor/Actress,74,33,3,5.25,-1.8221,6.5,1.0,0.0135,0.0606
Stephen Nedoroscik,Rylee Arnold,Athlete,26,33,3,7.75,0.4817,6.5,1.0,0.0385,0.0515
Brooks Nader,Gleb Savchenko,Model,27,33,4,8.0,-0.3059,1.0,0.0,0.037,-0.1784
Chandler Kinney,Brandon Armstrong,Actor/Actress,24,33,4,8.0,-0.3059,5.5,1.0,0.0417,0.0606
Danny Amendola,Witney Carson,Athlete,39,33,4,9.0,1.5294,5.5,1.0,0.0256,0.0515
Dwight Howard ,Daniella Karagach,Athlete,38,33,4,7.25,-1.6824,5.5,1.0,0.0263,0.0515
Ilona Maher,Alan Bersten,Athlete,28,33,4,8.0,-0.3059,5.5,1.0,0.0357,0.0515
Jenn Tran,Sasha Farber,TV Personality,26,33,4,8.0,-0.3059,5.5,1.0,0.0385,-0.1547
Joey Graziadei,Jenna Johnson,TV Personality,29,33,4,9.0,1.5294,5.5,1.0,0.0345,-0.1547
Phaedra Parks,Val Chmerkovskiy,TV Personality,51,33,4,8.0,-0.3059,5.5,1.0,0.0196,-0.1547
Stephen Nedoroscik,Rylee Arnold,Athlete,26,33,4,8.25,0.1529,5.5,1.0,0.0385,0.0515
Chandler Kinney,Brandon Armstrong,Actor/Actress,24,33,5,9.0,1.5434,5.0,1.0,0.0417,0.0606
Danny Amendola,Witney Carson,Athlete,39,33,5,8.5,0.2205,5.0,1.0,0.0256,0.0515
Dwight Howard ,Daniella Karagach,Athlete,38,33,5,8.0,-1.1024,5.0,1.0,0.0263,0.0515
Ilona Maher,Alan Bersten,Athlete,28,33,5,8.6667,0.6614,5.0,1.0,0.0357,0.0515
Jenn Tran,Sasha Farber,TV Personality,26,33,5,8.5,0.2205,5.0,1.0,0.0385,-0.1547
Joey Graziadei,Jenna Johnson,TV Personality,29,33,5,8.6667,0.6614,5.0,1.0,0.0345,-0.1547
Phaedra Parks,Val Chmerkovskiy,TV Personality,51,33,5,8.0,-1.1024,1.0,0.0,0.0196,-0.1547
Stephen Nedoroscik,Rylee Arnold,Athlete,26,33,5,8.0,-1.1024,5.0,1.0,0.0385,0.0515
Chandler Kinney,Brandon Armstrong,Actor/Actress,24,33,6,10.6667,0.8759,4.5,1.0,0.0417,0.0606
Danny Amendola,Witney Carson,Athlete,39,33,6,9.3333,-0.4866,4.5,1.0,0.0256,0.0515
Dwight Howard ,Daniella Karagach,Athlete,38,33,6,10.3333,0.5353,4.5,1.0,0.0263,0.0515
Ilona Maher,Alan Bersten,Athlete,28,33,6,8.0,-1.8491,4.5,1.0,0.0357,0.0515
Jenn Tran,Sasha Farber,TV Personality,26,33,6,10.3333,0.5353,1.0,0.0,0.0385,-0.1547
Joey Graziadei,Jenna Johnson,TV Personality,29,33,6,10.6667,0.8759,4.5,1.0,0.0345,-0.1547
Stephen Nedoroscik,Rylee Arnold,Athlete,26,33,6,9.3333,-0.4866,4.5,1.0,0.0385,0.0515
Chandler Kinney,Brandon Armstrong,Actor/Actress,24,33,7,10.0,1.633,4.0,1.0,0.0417,0.0606
Danny Amendola,Witney Carson,Athlete,39,33,7,8.5,-0.5715,4.0,1.0,0.0256,0.0515
Dwight Howard ,Daniella Karagach,Athlete,38,33,7,8.0,-1.3064,1.0,0.0,0.0263,0.0515
Ilona Maher,Alan Bersten,Athlete,28,33,7,8.6667,-0.3266,4.0,1.0,0.0357,0.0515
Joey Graziadei,Jenna Johnson,TV Personality,29,33,7,9.1667,0.4082,4.0,1.0,0.0345,-0.1547
Stephen Nedoroscik,Rylee Arnold,Athlete,26,33,7,9.0,0.1633,4.0,1.0,0.0385,0.0515
Alix Earle,Val Chmerkovskiy (Joey Graziadei week 9),Social media personality,24,34,2,7.0,0.5629,7.5,1.0,0.0417,0.6668
Andy Richter,Emma Slater/Kaitlyn Bristowe (week 9),Comedian,59,34,2,5.3333,-1.5893,7.5,1.0,0.0169,-0.8619
Baron Davis,Britt Stewart,Athlete,46,34,2,6.0,-0.7284,1.0,0.0,0.0217,0.0515
Corey Feldman,Jenna Johnson,Actor/Actress,54,34,2,5.0,-2.0197,7.5,1.0,0.0185,0.0606
Danielle Fishel,Pasha Pashkov,Actor/Actress,44,34,2,6.3333,-0.298,7.5,1.0,0.0227,0.0606
Dylan Efron,Daniella Karagach (Rumer Willis week 9),TV Personality,33,34,2,6.6667,0.1324,7.5,1.0,0.0303,-0.1547
Elaine Hendrix,Alan Bersten (Rashad Jennings week 9),Actor/Actress,55,34,2,7.0,0.5629,7.5,1.0,0.0182,0.0606
Hilaria Baldwin,Gleb Savchenko,Entrepreneur,41,34,2,7.0,0.5629,7.5,1.0,0.0244,-0.9836
Jen Affleck,Jan Ravnik,TV Personality,26,34,2,7.3333,0.9933,7.5,1.0,0.0385,-0.1547
Jordan Chiles,Ezra Sosa (Apolo Anton Ohno week 9),Athlete,24,34,2,7.3333,0.9933,7.5,1.0,0.0417,0.0515
Lauren Jauregui,Brandon Armstrong,Singer/Rapper,29,34,2,7.0,0.5629,7.5,1.0,0.0345,0.1573
Scott Hoying,Rylee Arnold,Singer/Rapper,34,34,2,6.0,-0.7284,7.5,1.0,0.0294,0.1573
Whitney Leavitt,Mark Ballas,TV Personality,32,34,2,7.3333,0.9933,7.5,1.0,0.0312,-0.1547
Alix Earle,Val Chmerkovskiy (Joey Graziadei week 9),Social media personality,24,34,3,7.6667,0.7427,6.5,1.0,0.0417,0.6668
Andy Richter,Emma Slater/Kaitlyn Bristowe (week 9),Comedian,59,34,3,6.0,-1.5266,6.5,1.0,0.0169,-0.8619
Danielle Fishel,Pasha Pashkov,Actor/Actress,44,34,3,7.0,-0.165,6.5,1.0,0.0227,0.0606
Dylan Efron,Daniella Karagach (Rumer Willis week 9),TV Personality,33,34,3,7.6667,0.7427,6.5,1.0,0.0303,-0.1547
Elaine Hendrix,Alan Bersten (Rashad Jennings week 9),Actor/Actress,55,34,3,7.0,-0.165,6.5,1.0,0.0182,0.0606
Hilaria Baldwin,Gleb Savchenko,Entrepreneur,41,34,3,7.3333,0.2888,6.5,1.0,0.0244,-0.9836
Jen Affleck,Jan Ravnik,TV Personality,26,34,3,6.3333,-1.0728,6.5,1.0,0.0385,-0.1547
Jordan Chiles,Ezra Sosa (Apolo Anton Ohno week 9),Athlete,24,34,3,8.0,1.1966,6.5,1.0,0.0417,0.0515
Lauren Jauregui,Brandon Armstrong,Singer/Rapper,29,34,3,6.0,-1.5266,1.0,0.0,0.0345,0.1573
Scott Hoying,Rylee Arnold,Singer/Rapper,34,34,3,7.3333,0.2888,6.5,1.0,0.0294,0.1573
Whitney Leavitt,Mark Ballas,TV Personality,32,34,3,8.0,1.1966,6.5,1.0,0.0312,-0.1547
Alix Earle,Val Chmerkovskiy (Joey Graziadei week 9),Social media personality,24,34,4,8.0,0.6778,6.0,1.0,0.0417,0.6668
Andy Richter,Emma Slater/Kaitlyn Bristowe (week 9),Comedian,59,34,4,6.0,-2.227,6.0,1.0,0.0169,-0.8619
Danielle Fishel,Pasha Pashkov,Actor/Actress,44,34,4,7.0,-0.7746,6.0,1.0,0.0227,0.0606
Dylan Efron,Daniella Karagach (Rumer Willis week 9),TV Personality,33,34,4,7.6667,0.1936,6.0,1.0,0.0303,-0.1547
Elaine Hendrix,Alan Bersten (Rashad Jennings week 9),Actor/Actress,55,34,4,8.0,0.6778,6.0,1.0,0.0182,0.0606
Hilaria Baldwin,Gleb Savchenko,Entrepreneur,41,34,4,7.6667,0.1936,1.0,0.0,0.0244,-0.9836
Jen Affleck,Jan Ravnik,TV Personality,26,34,4,7.6667,0.1936,6.0,1.0,0.0385,-0.1547
Jordan Chiles,Ezra Sosa (Apolo Anton Ohno week 9),Athlete,24,34,4,8.0,0.6778,6.0,1.0,0.0417,0.0515
Scott Hoying,Rylee Arnold,Singer/Rapper,34,34,4,7.0,-0.7746,6.0,1.0,0.0294,0.1573
Whitney Leavitt,Mark Ballas,TV Personality,32,34,4,8.3333,1.1619,6.0,1.0,0.0312,-0.1547
Alix Earle,Val Chmerkovskiy (Joey Graziadei week 9),Social media personality,24,34,6,8.75,0.2808,5.5,1.0,0.0417,0.6668
Andy Richter,Emma Slater/Kaitlyn Bristowe (week 9),Comedian,59,34,6,6.75,-1.5572,5.5,1.0,0.0169,-0.8619
Danielle Fishel,Pasha Pashkov,Actor/Actress,44,34,6,9.0,0.5106,5.5,1.0,0.0227,0.0606
Dylan Efron,Daniella Karagach (Rumer Willis week 9),TV Personality,33,34,6,8.0,-0.4084,5.5,1.0,0.0303,-0.1547
Elaine Hendrix,Alan Bersten (Rashad Jennings week 9),Actor/Actress,55,34,6,9.0,0.5106,5.5,1.0,0.0182,0.0606
Jen Affleck,Jan Ravnik,TV Personality,26,34,6,8.0,-0.4084,5.5,1.0,0.0385,-0.1547
Jordan Chiles,Ezra Sosa (Apolo Anton Ohno week 9),Athlete,24,34,6,9.75,1.1998,5.5,1.0,0.0417,0.0515
Scott Hoying,Rylee Arnold,Singer/Rapper,34,34,6,7.0,-1.3275,1.0,0.0,0.0294,0.1573
Whitney Leavitt,Mark Ballas,TV Personality,32,34,6,9.75,1.1998,5.5,1.0,0.0312,-0.1547
Alix Earle,Val Chmerkovskiy (Joey Graziadei week 9),Social media personality,24,34,7,10.75,1.3777,5.0,1.0,0.0417,0.6668
Andy Richter,Emma Slater/Kaitlyn Bristowe (week 9),Comedian,59,34,7,7.25,-1.5336,5.0,1.0,0.0169,-0.8619
Danielle Fishel,Pasha Pashkov,Actor/Actress,44,34,7,8.75,-0.2859,5.0,1.0,0.0227,0.0606
Dylan Efron,Daniella Karagach (Rumer Willis week 9),TV Personality,33,34,7,9.5,0.3379,5.0,1.0,0.0303,-0.1547
Elaine Hendrix,Alan Bersten (Rashad Jennings week 9),Actor/Actress,55,34,7,8.0,-0.9098,5.0,1.0,0.0182,0.0606
Jen Affleck,Jan Ravnik,TV Personality,26,34,7,8.5,-0.4939,1.0,0.0,0.0385,-0.1547
Jordan Chiles,Ezra Sosa (Apolo Anton Ohno week 9),Athlete,24,34,7,9.5,0.3379,5.0,1.0,0.0417,0.0515
Whitney Leavitt,Mark Ballas,TV Personality,32,34,7,10.5,1.1697,5.0,1.0,0.0312,-0.1547
Alix Earle,Val Chmerkovskiy (Joey Graziadei week 9),Social media personality,24,34,8,9.625,0.4712,4.5,1.0,0.0417,0.6668
Andy Richter,Emma Slater/Kaitlyn Bristowe (week 9),Comedian,59,34,8,8.5,-2.0024,4.5,1.0,0.0169,-0.8619
Danielle Fishel,Pasha Pashkov,Actor/Actress,44,34,8,9.25,-0.3534,1.0,0.0,0.0227,0.0606
Dylan Efron,Daniella Karagach (Rumer Willis week 9),TV Personality,33,34,8,9.5,0.1963,4.5,1.0,0.0303,-0.1547
Elaine Hendrix,Alan Bersten (Rashad Jennings week 9),Actor/Actress,55,34,8,9.375,-0.0785,4.5,1.0,0.0182,0.0606
Jordan Chiles,Ezra Sosa (Apolo Anton Ohno week 9),Athlete,24,34,8,9.75,0.746,4.5,1.0,0.0417,0.0515
Whitney Leavitt,Mark Ballas,TV Personality,32,34,8,9.875,1.0209,4.5,1.0,0.0312,-0.1547
Alix Earle,Val Chmerkovskiy (Joey Graziadei week 9),Social media personality,24,34,9,10.0,0.4049,4.0,1.0,0.0417,0.6668
Andy Richter,Emma Slater/Kaitlyn Bristowe (week 9),Comedian,59,34,9,7.25,-1.822,1.0,0.0,0.0169,-0.8619
Dylan Efron,Daniella Karagach (Rumer Willis week 9),TV Personality,33,34,9,10.5,0.8098,4.0,1.0,0.0303,-0.1547
Elaine Hendrix,Alan Bersten (Rashad Jennings week 9),Actor/Actress,55,34,9,9.0,-0.4049,4.0,1.0,0.0182,0.0606
Jordan Chiles,Ezra Sosa (Apolo Anton Ohno week 9),Athlete,24,34,9,9.75,0.2024,4.0,1.0,0.0417,0.0515
Whitney Leavitt,Mark Ballas,TV Personality,32,34,9,10.5,0.8098,4.0,1.0,0.0312,-0.1547
Alix Earle,Val Chmerkovskiy (Joey Graziadei week 9),Social media personality,24,34,10,9.6667,0.8165,3.5,1.0,0.0417,0.6668
Dylan Efron,Daniella Karagach (Rumer Willis week 9),TV Personality,33,34,10,9.1667,-1.633,3.5,1.0,0.0303,-0.1547
Elaine Hendrix,Alan Bersten (Rashad Jennings week 9),Actor/Actress,55,34,10,9.5,0.0,3.5,1.0,0.0182,0.0606
Jordan Chiles,Ezra Sosa (Apolo Anton Ohno week 9),Athlete,24,34,10,9.5,0.0,3.5,1.0,0.0417,0.0515
Whitney Leavitt,Mark Ballas,TV Personality,32,34,10,9.6667,0.8165,1.0,0.0,0.0312,-0.1547
